-- begin_signature
-- TFT_LCD
-- end_signature
WIDTH=8;
DEPTH=40960;

ADDRESS_RADIX=UNS;
DATA_RADIX=BIN;

CONTENT BEGIN
	40959 :	01110010;
	40958 :	10010100;
	40957 :	00010110;
	40956 :	10011101;
	40955 :	01110010;
	40954 :	10010100;
	40953 :	01110010;
	40952 :	10010100;
	40951 :	01110010;
	40950 :	10010100;
	40949 :	10010000;
	40948 :	01111011;
	40947 :	01110010;
	40946 :	10010100;
	40945 :	01110010;
	40944 :	10010100;
	40943 :	01110010;
	40942 :	10010100;
	40941 :	01110010;
	40940 :	10010100;
	40939 :	01110010;
	40938 :	10010100;
	40937 :	01110010;
	40936 :	10010100;
	40935 :	01110010;
	40934 :	10010100;
	40933 :	01110010;
	40932 :	10010100;
	40931 :	01110010;
	40930 :	10010100;
	40929 :	01110010;
	40928 :	10010100;
	40927 :	01110010;
	40926 :	10010100;
	40925 :	01110010;
	40924 :	10010100;
	40923 :	01110010;
	40922 :	10010100;
	40921 :	01110010;
	40920 :	10010100;
	40919 :	01110010;
	40918 :	10010100;
	40917 :	01110010;
	40916 :	10010100;
	40915 :	01110010;
	40914 :	10010100;
	40913 :	01110010;
	40912 :	10010100;
	40911 :	00101111;
	40910 :	10010100;
	40909 :	01110010;
	40908 :	10010100;
	40907 :	11010000;
	40906 :	10001011;
	40905 :	01101100;
	40904 :	01111011;
	40903 :	01100100;
	40902 :	00110001;
	40901 :	00000010;
	40900 :	00011001;
	40899 :	01100100;
	40898 :	00110001;
	40897 :	00000010;
	40896 :	00011001;
	40895 :	11100100;
	40894 :	00101000;
	40893 :	11100100;
	40892 :	00101000;
	40891 :	00000010;
	40890 :	00011001;
	40889 :	01100100;
	40888 :	00110001;
	40887 :	11100100;
	40886 :	00101000;
	40885 :	00000010;
	40884 :	00011001;
	40883 :	11100100;
	40882 :	00101000;
	40881 :	00000010;
	40880 :	00011001;
	40879 :	11100100;
	40878 :	00101000;
	40877 :	00000010;
	40876 :	00011001;
	40875 :	00000010;
	40874 :	00011001;
	40873 :	00000010;
	40872 :	00011001;
	40871 :	00000010;
	40870 :	00011001;
	40869 :	00000010;
	40868 :	00011001;
	40867 :	00000010;
	40866 :	00011001;
	40865 :	10100000;
	40864 :	00011000;
	40863 :	00000010;
	40862 :	00011001;
	40861 :	00000010;
	40860 :	00011001;
	40859 :	10100000;
	40858 :	00011000;
	40857 :	10100000;
	40856 :	00011000;
	40855 :	10100000;
	40854 :	00011000;
	40853 :	10100000;
	40852 :	00011000;
	40851 :	10100000;
	40850 :	00011000;
	40849 :	00000010;
	40848 :	00011001;
	40847 :	10100000;
	40846 :	00011000;
	40845 :	10100000;
	40844 :	00011000;
	40843 :	10100000;
	40842 :	00011000;
	40841 :	10100000;
	40840 :	00011000;
	40839 :	10100000;
	40838 :	00011000;
	40837 :	10100000;
	40836 :	00011000;
	40835 :	10100000;
	40834 :	00011000;
	40833 :	10100000;
	40832 :	00011000;
	40831 :	10100000;
	40830 :	00011000;
	40829 :	10100000;
	40828 :	00011000;
	40827 :	10100000;
	40826 :	00011000;
	40825 :	10100000;
	40824 :	00011000;
	40823 :	10100000;
	40822 :	00011000;
	40821 :	10100000;
	40820 :	00011000;
	40819 :	10100000;
	40818 :	00011000;
	40817 :	10100000;
	40816 :	00011000;
	40815 :	10100000;
	40814 :	00011000;
	40813 :	10100000;
	40812 :	00011000;
	40811 :	10100000;
	40810 :	00011000;
	40809 :	10100000;
	40808 :	00011000;
	40807 :	10100000;
	40806 :	00011000;
	40805 :	10100000;
	40804 :	00011000;
	40803 :	10100000;
	40802 :	00011000;
	40801 :	10100000;
	40800 :	00011000;
	40799 :	10100000;
	40798 :	00011000;
	40797 :	00000010;
	40796 :	00011001;
	40795 :	00000010;
	40794 :	00011001;
	40793 :	00100111;
	40792 :	01010010;
	40791 :	01101001;
	40790 :	00111001;
	40789 :	00100111;
	40788 :	01010010;
	40787 :	00101011;
	40786 :	01110011;
	40785 :	01001100;
	40784 :	01010010;
	40783 :	01101100;
	40782 :	01111011;
	40781 :	01101001;
	40780 :	01011010;
	40779 :	00101011;
	40778 :	01110011;
	40777 :	01101001;
	40776 :	01011010;
	40775 :	01101001;
	40774 :	01011010;
	40773 :	00100111;
	40772 :	01010010;
	40771 :	00100010;
	40770 :	00101001;
	40769 :	00000010;
	40768 :	00011001;
	40767 :	00000010;
	40766 :	00011001;
	40765 :	00000010;
	40764 :	00011001;
	40763 :	11000001;
	40762 :	00100000;
	40761 :	11100100;
	40760 :	00101000;
	40759 :	11100100;
	40758 :	00101000;
	40757 :	01101001;
	40756 :	00111001;
	40755 :	01001100;
	40754 :	01010010;
	40753 :	11001101;
	40752 :	01101010;
	40751 :	11001101;
	40750 :	01101010;
	40749 :	10010000;
	40748 :	01111011;
	40747 :	01110010;
	40746 :	10010100;
	40745 :	10101101;
	40744 :	10001011;
	40743 :	10010000;
	40742 :	01111011;
	40741 :	11010000;
	40740 :	10001011;
	40739 :	11010000;
	40738 :	10001011;
	40737 :	11010000;
	40736 :	10001011;
	40735 :	11010000;
	40734 :	10001011;
	40733 :	11010000;
	40732 :	10001011;
	40731 :	01110010;
	40730 :	10010100;
	40729 :	01110010;
	40728 :	10010100;
	40727 :	00010110;
	40726 :	10011101;
	40725 :	10010100;
	40724 :	10111101;
	40723 :	00110111;
	40722 :	10101101;
	40721 :	00010101;
	40720 :	10101101;
	40719 :	00010101;
	40718 :	10101101;
	40717 :	10110100;
	40716 :	10011100;
	40715 :	01110010;
	40714 :	10010100;
	40713 :	01110010;
	40712 :	10010100;
	40711 :	01110010;
	40710 :	10010100;
	40709 :	11010000;
	40708 :	10001011;
	40707 :	01110010;
	40706 :	10010100;
	40705 :	01110010;
	40704 :	10010100;
	40703 :	00010110;
	40702 :	10011101;
	40701 :	01110010;
	40700 :	10010100;
	40699 :	00010110;
	40698 :	10011101;
	40697 :	01110010;
	40696 :	10010100;
	40695 :	00010110;
	40694 :	10011101;
	40693 :	01110010;
	40692 :	10010100;
	40691 :	01110010;
	40690 :	10010100;
	40689 :	01110010;
	40688 :	10010100;
	40687 :	01110010;
	40686 :	10010100;
	40685 :	01110010;
	40684 :	10010100;
	40683 :	01110010;
	40682 :	10010100;
	40681 :	01110010;
	40680 :	10010100;
	40679 :	10110100;
	40678 :	10011100;
	40677 :	01110010;
	40676 :	10010100;
	40675 :	01110010;
	40674 :	10010100;
	40673 :	01110010;
	40672 :	10010100;
	40671 :	01110010;
	40670 :	10010100;
	40669 :	01110010;
	40668 :	10010100;
	40667 :	01110010;
	40666 :	10010100;
	40665 :	01110010;
	40664 :	10010100;
	40663 :	01110010;
	40662 :	10010100;
	40661 :	01110010;
	40660 :	10010100;
	40659 :	01110010;
	40658 :	10010100;
	40657 :	01110010;
	40656 :	10010100;
	40655 :	01110010;
	40654 :	10010100;
	40653 :	01110010;
	40652 :	10010100;
	40651 :	01110010;
	40650 :	10010100;
	40649 :	10010000;
	40648 :	01111011;
	40647 :	00000010;
	40646 :	00011001;
	40645 :	01100100;
	40644 :	00110001;
	40643 :	00000010;
	40642 :	00011001;
	40641 :	11100100;
	40640 :	00101000;
	40639 :	00000010;
	40638 :	00011001;
	40637 :	01100100;
	40636 :	00110001;
	40635 :	00000010;
	40634 :	00011001;
	40633 :	11100100;
	40632 :	00101000;
	40631 :	00000010;
	40630 :	00011001;
	40629 :	11100100;
	40628 :	00101000;
	40627 :	00000010;
	40626 :	00011001;
	40625 :	00000010;
	40624 :	00011001;
	40623 :	00000010;
	40622 :	00011001;
	40621 :	00000010;
	40620 :	00011001;
	40619 :	00000010;
	40618 :	00011001;
	40617 :	00000010;
	40616 :	00011001;
	40615 :	00000010;
	40614 :	00011001;
	40613 :	10100000;
	40612 :	00011000;
	40611 :	00000010;
	40610 :	00011001;
	40609 :	00000010;
	40608 :	00011001;
	40607 :	10100000;
	40606 :	00011000;
	40605 :	00000010;
	40604 :	00011001;
	40603 :	00000010;
	40602 :	00011001;
	40601 :	10100000;
	40600 :	00011000;
	40599 :	00000010;
	40598 :	00011001;
	40597 :	10100000;
	40596 :	00011000;
	40595 :	00000010;
	40594 :	00011001;
	40593 :	10100000;
	40592 :	00011000;
	40591 :	10100000;
	40590 :	00011000;
	40589 :	10100000;
	40588 :	00011000;
	40587 :	10100000;
	40586 :	00011000;
	40585 :	10100000;
	40584 :	00011000;
	40583 :	10100000;
	40582 :	00011000;
	40581 :	10100000;
	40580 :	00011000;
	40579 :	10100000;
	40578 :	00011000;
	40577 :	10100000;
	40576 :	00011000;
	40575 :	10100000;
	40574 :	00011000;
	40573 :	10100000;
	40572 :	00011000;
	40571 :	10100000;
	40570 :	00011000;
	40569 :	10100000;
	40568 :	00011000;
	40567 :	10100000;
	40566 :	00011000;
	40565 :	10100000;
	40564 :	00011000;
	40563 :	10100000;
	40562 :	00011000;
	40561 :	10100000;
	40560 :	00011000;
	40559 :	10100000;
	40558 :	00011000;
	40557 :	10100000;
	40556 :	00011000;
	40555 :	10100000;
	40554 :	00011000;
	40553 :	10100000;
	40552 :	00011000;
	40551 :	10100000;
	40550 :	00011000;
	40549 :	10100000;
	40548 :	00011000;
	40547 :	10100000;
	40546 :	00011000;
	40545 :	10100000;
	40544 :	00011000;
	40543 :	00000010;
	40542 :	00011001;
	40541 :	10100000;
	40540 :	00011000;
	40539 :	01101001;
	40538 :	00111001;
	40537 :	00100111;
	40536 :	01010010;
	40535 :	01101001;
	40534 :	01011010;
	40533 :	00100111;
	40532 :	01010010;
	40531 :	11001101;
	40530 :	01101010;
	40529 :	01101001;
	40528 :	01011010;
	40527 :	01101001;
	40526 :	01011010;
	40525 :	11001101;
	40524 :	01101010;
	40523 :	01101001;
	40522 :	01011010;
	40521 :	00101011;
	40520 :	01110011;
	40519 :	01101001;
	40518 :	01011010;
	40517 :	00100111;
	40516 :	01010010;
	40515 :	00100010;
	40514 :	00101001;
	40513 :	11100100;
	40512 :	00101000;
	40511 :	11000001;
	40510 :	00100000;
	40509 :	11100100;
	40508 :	00101000;
	40507 :	00000010;
	40506 :	00011001;
	40505 :	11100100;
	40504 :	00101000;
	40503 :	11100100;
	40502 :	00101000;
	40501 :	01101001;
	40500 :	00111001;
	40499 :	01001100;
	40498 :	01010010;
	40497 :	11001101;
	40496 :	01101010;
	40495 :	11101101;
	40494 :	10000010;
	40493 :	01110010;
	40492 :	10010100;
	40491 :	01110010;
	40490 :	10010100;
	40489 :	11010000;
	40488 :	10001011;
	40487 :	11010000;
	40486 :	10001011;
	40485 :	10010000;
	40484 :	01111011;
	40483 :	11010000;
	40482 :	10001011;
	40481 :	11010000;
	40480 :	10001011;
	40479 :	01110010;
	40478 :	10010100;
	40477 :	01110010;
	40476 :	10010100;
	40475 :	00010101;
	40474 :	10101101;
	40473 :	10010100;
	40472 :	10111101;
	40471 :	00110111;
	40470 :	10101101;
	40469 :	00110111;
	40468 :	10101101;
	40467 :	00110111;
	40466 :	10101101;
	40465 :	00010101;
	40464 :	10101101;
	40463 :	00110111;
	40462 :	10101101;
	40461 :	00010110;
	40460 :	10011101;
	40459 :	11010000;
	40458 :	10001011;
	40457 :	01110010;
	40456 :	10010100;
	40455 :	01110010;
	40454 :	10010100;
	40453 :	01110010;
	40452 :	10010100;
	40451 :	01110010;
	40450 :	10010100;
	40449 :	01110010;
	40448 :	10010100;
	40447 :	10010000;
	40446 :	01111011;
	40445 :	01110010;
	40444 :	10010100;
	40443 :	10010000;
	40442 :	01111011;
	40441 :	01110010;
	40440 :	10010100;
	40439 :	10010000;
	40438 :	01111011;
	40437 :	01110010;
	40436 :	10010100;
	40435 :	01110010;
	40434 :	10010100;
	40433 :	01110010;
	40432 :	10010100;
	40431 :	01110010;
	40430 :	10010100;
	40429 :	01110010;
	40428 :	10010100;
	40427 :	01110010;
	40426 :	10010100;
	40425 :	10110100;
	40424 :	10011100;
	40423 :	01110010;
	40422 :	10010100;
	40421 :	01110010;
	40420 :	10010100;
	40419 :	01110010;
	40418 :	10010100;
	40417 :	01110010;
	40416 :	10010100;
	40415 :	10110100;
	40414 :	10011100;
	40413 :	01110010;
	40412 :	10010100;
	40411 :	01110010;
	40410 :	10010100;
	40409 :	01110010;
	40408 :	10010100;
	40407 :	01110010;
	40406 :	10010100;
	40405 :	01110010;
	40404 :	10010100;
	40403 :	01110010;
	40402 :	10010100;
	40401 :	01110010;
	40400 :	10010100;
	40399 :	01110010;
	40398 :	10010100;
	40397 :	01110010;
	40396 :	10010100;
	40395 :	01110010;
	40394 :	10010100;
	40393 :	00101111;
	40392 :	10010100;
	40391 :	01100100;
	40390 :	00110001;
	40389 :	00000010;
	40388 :	00011001;
	40387 :	00000010;
	40386 :	00011001;
	40385 :	11100100;
	40384 :	00101000;
	40383 :	01100100;
	40382 :	00110001;
	40381 :	00000010;
	40380 :	00011001;
	40379 :	11100100;
	40378 :	00101000;
	40377 :	00000010;
	40376 :	00011001;
	40375 :	01100100;
	40374 :	00110001;
	40373 :	00000010;
	40372 :	00011001;
	40371 :	11100100;
	40370 :	00101000;
	40369 :	00000010;
	40368 :	00011001;
	40367 :	11100100;
	40366 :	00101000;
	40365 :	00000010;
	40364 :	00011001;
	40363 :	00000010;
	40362 :	00011001;
	40361 :	00000010;
	40360 :	00011001;
	40359 :	00000010;
	40358 :	00011001;
	40357 :	00000010;
	40356 :	00011001;
	40355 :	10100000;
	40354 :	00011000;
	40353 :	00000010;
	40352 :	00011001;
	40351 :	00000010;
	40350 :	00011001;
	40349 :	10100000;
	40348 :	00011000;
	40347 :	00000010;
	40346 :	00011001;
	40345 :	10100000;
	40344 :	00011000;
	40343 :	00000010;
	40342 :	00011001;
	40341 :	10100000;
	40340 :	00011000;
	40339 :	00000010;
	40338 :	00011001;
	40337 :	10100000;
	40336 :	00011000;
	40335 :	00000010;
	40334 :	00011001;
	40333 :	10100000;
	40332 :	00011000;
	40331 :	10100000;
	40330 :	00011000;
	40329 :	10100000;
	40328 :	00011000;
	40327 :	10100000;
	40326 :	00011000;
	40325 :	10100000;
	40324 :	00011000;
	40323 :	10100000;
	40322 :	00011000;
	40321 :	10100000;
	40320 :	00011000;
	40319 :	10100000;
	40318 :	00011000;
	40317 :	10100000;
	40316 :	00011000;
	40315 :	10100000;
	40314 :	00011000;
	40313 :	10100000;
	40312 :	00011000;
	40311 :	10100000;
	40310 :	00011000;
	40309 :	10100000;
	40308 :	00011000;
	40307 :	10100000;
	40306 :	00011000;
	40305 :	10100000;
	40304 :	00011000;
	40303 :	10100000;
	40302 :	00011000;
	40301 :	10100000;
	40300 :	00011000;
	40299 :	10100000;
	40298 :	00011000;
	40297 :	10100000;
	40296 :	00011000;
	40295 :	10100000;
	40294 :	00011000;
	40293 :	10100000;
	40292 :	00011000;
	40291 :	10100000;
	40290 :	00011000;
	40289 :	10100000;
	40288 :	00011000;
	40287 :	00000010;
	40286 :	00011001;
	40285 :	00100010;
	40284 :	00101001;
	40283 :	01100100;
	40282 :	00110001;
	40281 :	01101001;
	40280 :	01011010;
	40279 :	00100111;
	40278 :	01010010;
	40277 :	01101001;
	40276 :	01011010;
	40275 :	01101001;
	40274 :	01011010;
	40273 :	00101011;
	40272 :	01110011;
	40271 :	01101001;
	40270 :	01011010;
	40269 :	00101011;
	40268 :	01110011;
	40267 :	01101001;
	40266 :	01011010;
	40265 :	10101001;
	40264 :	01101010;
	40263 :	01101001;
	40262 :	01011010;
	40261 :	10000101;
	40260 :	01001001;
	40259 :	11100100;
	40258 :	00101000;
	40257 :	00000010;
	40256 :	00011001;
	40255 :	11000001;
	40254 :	00100000;
	40253 :	00000010;
	40252 :	00011001;
	40251 :	11100100;
	40250 :	00101000;
	40249 :	11100100;
	40248 :	00101000;
	40247 :	11100100;
	40246 :	00101000;
	40245 :	01101001;
	40244 :	00111001;
	40243 :	01001100;
	40242 :	01010010;
	40241 :	11001101;
	40240 :	01101010;
	40239 :	01110010;
	40238 :	10010100;
	40237 :	01110010;
	40236 :	10010100;
	40235 :	11010000;
	40234 :	10001011;
	40233 :	11010000;
	40232 :	10001011;
	40231 :	11010000;
	40230 :	10001011;
	40229 :	11010000;
	40228 :	10001011;
	40227 :	11010000;
	40226 :	10001011;
	40225 :	01110010;
	40224 :	10010100;
	40223 :	11010000;
	40222 :	10001011;
	40221 :	00010101;
	40220 :	10101101;
	40219 :	00110111;
	40218 :	10101101;
	40217 :	00110111;
	40216 :	10101101;
	40215 :	10010111;
	40214 :	10111101;
	40213 :	00110111;
	40212 :	10101101;
	40211 :	00010101;
	40210 :	10101101;
	40209 :	00110111;
	40208 :	10101101;
	40207 :	00110111;
	40206 :	10101101;
	40205 :	00010110;
	40204 :	10011101;
	40203 :	01110010;
	40202 :	10010100;
	40201 :	01110010;
	40200 :	10010100;
	40199 :	10110100;
	40198 :	10011100;
	40197 :	01110010;
	40196 :	10010100;
	40195 :	01110010;
	40194 :	10010100;
	40193 :	01110010;
	40192 :	10010100;
	40191 :	00010110;
	40190 :	10011101;
	40189 :	00010110;
	40188 :	10011101;
	40187 :	00010110;
	40186 :	10011101;
	40185 :	00010110;
	40184 :	10011101;
	40183 :	00010110;
	40182 :	10011101;
	40181 :	00010110;
	40180 :	10011101;
	40179 :	01110010;
	40178 :	10010100;
	40177 :	01110010;
	40176 :	10010100;
	40175 :	01110010;
	40174 :	10010100;
	40173 :	01110010;
	40172 :	10010100;
	40171 :	10110100;
	40170 :	10011100;
	40169 :	01110010;
	40168 :	10010100;
	40167 :	10110100;
	40166 :	10011100;
	40165 :	01110010;
	40164 :	10010100;
	40163 :	01110010;
	40162 :	10010100;
	40161 :	10110100;
	40160 :	10011100;
	40159 :	01110010;
	40158 :	10010100;
	40157 :	01110010;
	40156 :	10010100;
	40155 :	10110100;
	40154 :	10011100;
	40153 :	01110010;
	40152 :	10010100;
	40151 :	10110100;
	40150 :	10011100;
	40149 :	01110010;
	40148 :	10010100;
	40147 :	10010010;
	40146 :	10101100;
	40145 :	10110100;
	40144 :	10011100;
	40143 :	01110010;
	40142 :	10010100;
	40141 :	01110010;
	40140 :	10010100;
	40139 :	00101111;
	40138 :	10010100;
	40137 :	01110010;
	40136 :	10010100;
	40135 :	01101001;
	40134 :	00111001;
	40133 :	01100100;
	40132 :	00110001;
	40131 :	01100100;
	40130 :	00110001;
	40129 :	00000010;
	40128 :	00011001;
	40127 :	00000010;
	40126 :	00011001;
	40125 :	11100100;
	40124 :	00101000;
	40123 :	00000010;
	40122 :	00011001;
	40121 :	11100100;
	40120 :	00101000;
	40119 :	00000010;
	40118 :	00011001;
	40117 :	11100100;
	40116 :	00101000;
	40115 :	00000010;
	40114 :	00011001;
	40113 :	00000010;
	40112 :	00011001;
	40111 :	00000010;
	40110 :	00011001;
	40109 :	11100100;
	40108 :	00101000;
	40107 :	00000010;
	40106 :	00011001;
	40105 :	00000010;
	40104 :	00011001;
	40103 :	00000010;
	40102 :	00011001;
	40101 :	00000010;
	40100 :	00011001;
	40099 :	00000010;
	40098 :	00011001;
	40097 :	10100000;
	40096 :	00011000;
	40095 :	00000010;
	40094 :	00011001;
	40093 :	00000010;
	40092 :	00011001;
	40091 :	10100000;
	40090 :	00011000;
	40089 :	00000010;
	40088 :	00011001;
	40087 :	00000010;
	40086 :	00011001;
	40085 :	10100000;
	40084 :	00011000;
	40083 :	00000010;
	40082 :	00011001;
	40081 :	10100000;
	40080 :	00011000;
	40079 :	00000010;
	40078 :	00011001;
	40077 :	10100000;
	40076 :	00011000;
	40075 :	00000010;
	40074 :	00011001;
	40073 :	10100000;
	40072 :	00011000;
	40071 :	10100000;
	40070 :	00011000;
	40069 :	10100000;
	40068 :	00011000;
	40067 :	10100000;
	40066 :	00011000;
	40065 :	10100000;
	40064 :	00011000;
	40063 :	10100000;
	40062 :	00011000;
	40061 :	10100000;
	40060 :	00011000;
	40059 :	10100000;
	40058 :	00011000;
	40057 :	10100000;
	40056 :	00011000;
	40055 :	10100000;
	40054 :	00011000;
	40053 :	10100000;
	40052 :	00011000;
	40051 :	10100000;
	40050 :	00011000;
	40049 :	10100000;
	40048 :	00011000;
	40047 :	10100000;
	40046 :	00011000;
	40045 :	10100000;
	40044 :	00011000;
	40043 :	10100000;
	40042 :	00011000;
	40041 :	10100000;
	40040 :	00011000;
	40039 :	10100000;
	40038 :	00011000;
	40037 :	10100000;
	40036 :	00011000;
	40035 :	10100000;
	40034 :	00011000;
	40033 :	10100000;
	40032 :	00011000;
	40031 :	10100000;
	40030 :	00011000;
	40029 :	00000010;
	40028 :	00011001;
	40027 :	01100100;
	40026 :	00110001;
	40025 :	00100111;
	40024 :	01010010;
	40023 :	01101001;
	40022 :	01011010;
	40021 :	00100111;
	40020 :	01010010;
	40019 :	10101001;
	40018 :	01101010;
	40017 :	01101001;
	40016 :	01011010;
	40015 :	00101011;
	40014 :	01110011;
	40013 :	01101001;
	40012 :	01011010;
	40011 :	00101011;
	40010 :	01110011;
	40009 :	01101001;
	40008 :	01011010;
	40007 :	01101001;
	40006 :	01011010;
	40005 :	01100100;
	40004 :	00110001;
	40003 :	00000010;
	40002 :	00011001;
	40001 :	11100100;
	40000 :	00101000;
	39999 :	11000001;
	39998 :	00100000;
	39997 :	11000001;
	39996 :	00100000;
	39995 :	11100100;
	39994 :	00101000;
	39993 :	11100100;
	39992 :	00101000;
	39991 :	11100100;
	39990 :	00101000;
	39989 :	01101001;
	39988 :	00111001;
	39987 :	11001101;
	39986 :	01101010;
	39985 :	10010000;
	39984 :	01111011;
	39983 :	11010000;
	39982 :	10001011;
	39981 :	01110010;
	39980 :	10010100;
	39979 :	01110010;
	39978 :	10010100;
	39977 :	11010000;
	39976 :	10001011;
	39975 :	11010000;
	39974 :	10001011;
	39973 :	11010000;
	39972 :	10001011;
	39971 :	10010000;
	39970 :	01111011;
	39969 :	01110010;
	39968 :	10010100;
	39967 :	11010000;
	39966 :	10001011;
	39965 :	10110100;
	39964 :	10011100;
	39963 :	00010101;
	39962 :	10101101;
	39961 :	10110100;
	39960 :	10011100;
	39959 :	10110100;
	39958 :	10011100;
	39957 :	10110100;
	39956 :	10011100;
	39955 :	11010100;
	39954 :	10100100;
	39953 :	00110111;
	39952 :	10101101;
	39951 :	00010110;
	39950 :	10011101;
	39949 :	00010110;
	39948 :	10011101;
	39947 :	01110010;
	39946 :	10010100;
	39945 :	01110010;
	39944 :	10010100;
	39943 :	10110100;
	39942 :	10011100;
	39941 :	01110010;
	39940 :	10010100;
	39939 :	10110100;
	39938 :	10011100;
	39937 :	10110100;
	39936 :	10011100;
	39935 :	01110010;
	39934 :	10010100;
	39933 :	10010000;
	39932 :	01111011;
	39931 :	01110010;
	39930 :	10010100;
	39929 :	01110010;
	39928 :	10010100;
	39927 :	01110010;
	39926 :	10010100;
	39925 :	01110010;
	39924 :	10010100;
	39923 :	01110010;
	39922 :	10010100;
	39921 :	01110010;
	39920 :	10010100;
	39919 :	10110100;
	39918 :	10011100;
	39917 :	01110010;
	39916 :	10010100;
	39915 :	01110010;
	39914 :	10010100;
	39913 :	01110010;
	39912 :	10010100;
	39911 :	01110010;
	39910 :	10010100;
	39909 :	10110100;
	39908 :	10011100;
	39907 :	01110010;
	39906 :	10010100;
	39905 :	10110100;
	39904 :	10011100;
	39903 :	01110010;
	39902 :	10010100;
	39901 :	10110100;
	39900 :	10011100;
	39899 :	01110010;
	39898 :	10010100;
	39897 :	10110100;
	39896 :	10011100;
	39895 :	01110010;
	39894 :	10010100;
	39893 :	10110100;
	39892 :	10011100;
	39891 :	01110010;
	39890 :	10010100;
	39889 :	01110010;
	39888 :	10010100;
	39887 :	01110010;
	39886 :	10010100;
	39885 :	10010010;
	39884 :	10101100;
	39883 :	01110010;
	39882 :	10010100;
	39881 :	00101111;
	39880 :	10010100;
	39879 :	10010000;
	39878 :	01111011;
	39877 :	01100100;
	39876 :	00110001;
	39875 :	00000010;
	39874 :	00011001;
	39873 :	01100100;
	39872 :	00110001;
	39871 :	00000010;
	39870 :	00011001;
	39869 :	01100100;
	39868 :	00110001;
	39867 :	00000010;
	39866 :	00011001;
	39865 :	01100100;
	39864 :	00110001;
	39863 :	00000010;
	39862 :	00011001;
	39861 :	11100100;
	39860 :	00101000;
	39859 :	00000010;
	39858 :	00011001;
	39857 :	00000010;
	39856 :	00011001;
	39855 :	11100100;
	39854 :	00101000;
	39853 :	00000010;
	39852 :	00011001;
	39851 :	00000010;
	39850 :	00011001;
	39849 :	00000010;
	39848 :	00011001;
	39847 :	10100000;
	39846 :	00011000;
	39845 :	00000010;
	39844 :	00011001;
	39843 :	10100000;
	39842 :	00011000;
	39841 :	00000010;
	39840 :	00011001;
	39839 :	00000010;
	39838 :	00011001;
	39837 :	10100000;
	39836 :	00011000;
	39835 :	00000010;
	39834 :	00011001;
	39833 :	00000010;
	39832 :	00011001;
	39831 :	10100000;
	39830 :	00011000;
	39829 :	00000010;
	39828 :	00011001;
	39827 :	10100000;
	39826 :	00011000;
	39825 :	00000010;
	39824 :	00011001;
	39823 :	10100000;
	39822 :	00011000;
	39821 :	00000010;
	39820 :	00011001;
	39819 :	10100000;
	39818 :	00011000;
	39817 :	10100000;
	39816 :	00011000;
	39815 :	10100000;
	39814 :	00011000;
	39813 :	10100000;
	39812 :	00011000;
	39811 :	10100000;
	39810 :	00011000;
	39809 :	10100000;
	39808 :	00011000;
	39807 :	10100000;
	39806 :	00011000;
	39805 :	10100000;
	39804 :	00011000;
	39803 :	10100000;
	39802 :	00011000;
	39801 :	10100000;
	39800 :	00011000;
	39799 :	10100000;
	39798 :	00011000;
	39797 :	10100000;
	39796 :	00011000;
	39795 :	10100000;
	39794 :	00011000;
	39793 :	10100000;
	39792 :	00011000;
	39791 :	10100000;
	39790 :	00011000;
	39789 :	10100000;
	39788 :	00011000;
	39787 :	10100000;
	39786 :	00011000;
	39785 :	10100000;
	39784 :	00011000;
	39783 :	10100000;
	39782 :	00011000;
	39781 :	10100000;
	39780 :	00011000;
	39779 :	10100000;
	39778 :	00011000;
	39777 :	10100000;
	39776 :	00011000;
	39775 :	10100000;
	39774 :	00011000;
	39773 :	10100000;
	39772 :	00011000;
	39771 :	00100111;
	39770 :	01010010;
	39769 :	00100111;
	39768 :	01010010;
	39767 :	00100111;
	39766 :	01010010;
	39765 :	01101001;
	39764 :	01011010;
	39763 :	01101001;
	39762 :	01011010;
	39761 :	01101001;
	39760 :	01011010;
	39759 :	01001100;
	39758 :	01010010;
	39757 :	00101011;
	39756 :	01110011;
	39755 :	10101001;
	39754 :	01101010;
	39753 :	10101001;
	39752 :	01101010;
	39751 :	01101001;
	39750 :	01011010;
	39749 :	01100100;
	39748 :	00110001;
	39747 :	11000001;
	39746 :	00100000;
	39745 :	11000001;
	39744 :	00100000;
	39743 :	11100100;
	39742 :	00101000;
	39741 :	11000001;
	39740 :	00100000;
	39739 :	01000011;
	39738 :	01000001;
	39737 :	11100100;
	39736 :	00101000;
	39735 :	11100100;
	39734 :	00101000;
	39733 :	01101001;
	39732 :	00111001;
	39731 :	11001101;
	39730 :	01101010;
	39729 :	10010000;
	39728 :	01111011;
	39727 :	01110010;
	39726 :	10010100;
	39725 :	01110010;
	39724 :	10010100;
	39723 :	01110010;
	39722 :	10010100;
	39721 :	11010000;
	39720 :	10001011;
	39719 :	11010000;
	39718 :	10001011;
	39717 :	11010000;
	39716 :	10001011;
	39715 :	11010000;
	39714 :	10001011;
	39713 :	01110010;
	39712 :	10010100;
	39711 :	00110111;
	39710 :	10101101;
	39709 :	00010101;
	39708 :	10101101;
	39707 :	00110111;
	39706 :	10101101;
	39705 :	00110111;
	39704 :	10110101;
	39703 :	10010111;
	39702 :	10111101;
	39701 :	00110111;
	39700 :	10101101;
	39699 :	00010101;
	39698 :	10101101;
	39697 :	00010101;
	39696 :	10101101;
	39695 :	00010101;
	39694 :	10101101;
	39693 :	00010101;
	39692 :	10101101;
	39691 :	10110100;
	39690 :	10011100;
	39689 :	01110010;
	39688 :	10010100;
	39687 :	01110010;
	39686 :	10010100;
	39685 :	01110010;
	39684 :	10010100;
	39683 :	01110010;
	39682 :	10010100;
	39681 :	01110010;
	39680 :	10010100;
	39679 :	00010110;
	39678 :	10011101;
	39677 :	01110010;
	39676 :	10010100;
	39675 :	00010110;
	39674 :	10011101;
	39673 :	01110010;
	39672 :	10010100;
	39671 :	00010110;
	39670 :	10011101;
	39669 :	01110010;
	39668 :	10010100;
	39667 :	01110010;
	39666 :	10010100;
	39665 :	01110010;
	39664 :	10010100;
	39663 :	01110010;
	39662 :	10010100;
	39661 :	01110010;
	39660 :	10010100;
	39659 :	10110100;
	39658 :	10011100;
	39657 :	10110100;
	39656 :	10011100;
	39655 :	01110010;
	39654 :	10010100;
	39653 :	01110010;
	39652 :	10010100;
	39651 :	10110100;
	39650 :	10011100;
	39649 :	10110100;
	39648 :	10011100;
	39647 :	01110010;
	39646 :	10010100;
	39645 :	10110100;
	39644 :	10011100;
	39643 :	10110100;
	39642 :	10011100;
	39641 :	10110100;
	39640 :	10011100;
	39639 :	01110010;
	39638 :	10010100;
	39637 :	10110100;
	39636 :	10011100;
	39635 :	01110010;
	39634 :	10010100;
	39633 :	01110010;
	39632 :	10010100;
	39631 :	01110010;
	39630 :	10010100;
	39629 :	01110010;
	39628 :	10010100;
	39627 :	01110010;
	39626 :	10010100;
	39625 :	01110010;
	39624 :	10010100;
	39623 :	01110010;
	39622 :	10010100;
	39621 :	00000010;
	39620 :	00011001;
	39619 :	01100100;
	39618 :	00110001;
	39617 :	01100100;
	39616 :	00110001;
	39615 :	11100100;
	39614 :	00101000;
	39613 :	01100100;
	39612 :	00110001;
	39611 :	00000010;
	39610 :	00011001;
	39609 :	11100100;
	39608 :	00101000;
	39607 :	00000010;
	39606 :	00011001;
	39605 :	00000010;
	39604 :	00011001;
	39603 :	11100100;
	39602 :	00101000;
	39601 :	00000010;
	39600 :	00011001;
	39599 :	11100100;
	39598 :	00101000;
	39597 :	00000010;
	39596 :	00011001;
	39595 :	00000010;
	39594 :	00011001;
	39593 :	00000010;
	39592 :	00011001;
	39591 :	00000010;
	39590 :	00011001;
	39589 :	00000010;
	39588 :	00011001;
	39587 :	00000010;
	39586 :	00011001;
	39585 :	00000010;
	39584 :	00011001;
	39583 :	00000010;
	39582 :	00011001;
	39581 :	00000010;
	39580 :	00011001;
	39579 :	10100000;
	39578 :	00011000;
	39577 :	10100000;
	39576 :	00011000;
	39575 :	00000010;
	39574 :	00011001;
	39573 :	00000010;
	39572 :	00011001;
	39571 :	10100000;
	39570 :	00011000;
	39569 :	00000010;
	39568 :	00011001;
	39567 :	10100000;
	39566 :	00011000;
	39565 :	10100000;
	39564 :	00011000;
	39563 :	00000010;
	39562 :	00011001;
	39561 :	10100000;
	39560 :	00011000;
	39559 :	10100000;
	39558 :	00011000;
	39557 :	10100000;
	39556 :	00011000;
	39555 :	10100000;
	39554 :	00011000;
	39553 :	10100000;
	39552 :	00011000;
	39551 :	10100000;
	39550 :	00011000;
	39549 :	10100000;
	39548 :	00011000;
	39547 :	10100000;
	39546 :	00011000;
	39545 :	10100000;
	39544 :	00011000;
	39543 :	10100000;
	39542 :	00011000;
	39541 :	10100000;
	39540 :	00011000;
	39539 :	10100000;
	39538 :	00011000;
	39537 :	10100000;
	39536 :	00011000;
	39535 :	10100000;
	39534 :	00011000;
	39533 :	10100000;
	39532 :	00011000;
	39531 :	10100000;
	39530 :	00011000;
	39529 :	10100000;
	39528 :	00011000;
	39527 :	10100000;
	39526 :	00011000;
	39525 :	10100000;
	39524 :	00011000;
	39523 :	10100000;
	39522 :	00011000;
	39521 :	10100000;
	39520 :	00011000;
	39519 :	11000001;
	39518 :	00100000;
	39517 :	10100000;
	39516 :	00011000;
	39515 :	10000101;
	39514 :	01001001;
	39513 :	01100100;
	39512 :	00110001;
	39511 :	00100111;
	39510 :	01010010;
	39509 :	00100111;
	39508 :	01010010;
	39507 :	01101001;
	39506 :	01011010;
	39505 :	00101011;
	39504 :	01110011;
	39503 :	01101001;
	39502 :	01011010;
	39501 :	00101011;
	39500 :	01110011;
	39499 :	01101001;
	39498 :	01011010;
	39497 :	10101001;
	39496 :	01101010;
	39495 :	00100111;
	39494 :	01010010;
	39493 :	11100100;
	39492 :	00101000;
	39491 :	11000001;
	39490 :	00100000;
	39489 :	11100100;
	39488 :	00101000;
	39487 :	11000001;
	39486 :	00100000;
	39485 :	11100100;
	39484 :	00101000;
	39483 :	11100100;
	39482 :	00101000;
	39481 :	11100100;
	39480 :	00101000;
	39479 :	11100100;
	39478 :	00101000;
	39477 :	01001100;
	39476 :	01010010;
	39475 :	11001101;
	39474 :	01101010;
	39473 :	11010000;
	39472 :	10001011;
	39471 :	01110010;
	39470 :	10010100;
	39469 :	01110010;
	39468 :	10010100;
	39467 :	01110010;
	39466 :	10010100;
	39465 :	01110010;
	39464 :	10010100;
	39463 :	11010000;
	39462 :	10001011;
	39461 :	11010000;
	39460 :	10001011;
	39459 :	11010000;
	39458 :	10001011;
	39457 :	01110010;
	39456 :	10010100;
	39455 :	11110110;
	39454 :	10100100;
	39453 :	11110110;
	39452 :	10110100;
	39451 :	00010101;
	39450 :	10101101;
	39449 :	00110111;
	39448 :	10101101;
	39447 :	00010101;
	39446 :	10101101;
	39445 :	00010101;
	39444 :	10101101;
	39443 :	10110100;
	39442 :	10011100;
	39441 :	11010100;
	39440 :	10100100;
	39439 :	00110111;
	39438 :	10101101;
	39437 :	10110100;
	39436 :	10011100;
	39435 :	10110100;
	39434 :	10011100;
	39433 :	01110010;
	39432 :	10010100;
	39431 :	01110010;
	39430 :	10010100;
	39429 :	10110100;
	39428 :	10011100;
	39427 :	01110010;
	39426 :	10010100;
	39425 :	10110100;
	39424 :	10011100;
	39423 :	10110100;
	39422 :	10011100;
	39421 :	01110010;
	39420 :	10010100;
	39419 :	01110010;
	39418 :	10010100;
	39417 :	10110100;
	39416 :	10011100;
	39415 :	01110010;
	39414 :	10010100;
	39413 :	01110010;
	39412 :	10010100;
	39411 :	10110100;
	39410 :	10011100;
	39409 :	01110010;
	39408 :	10010100;
	39407 :	01110010;
	39406 :	10010100;
	39405 :	01110010;
	39404 :	10010100;
	39403 :	01110010;
	39402 :	10010100;
	39401 :	01110010;
	39400 :	10010100;
	39399 :	10110100;
	39398 :	10011100;
	39397 :	10110100;
	39396 :	10011100;
	39395 :	01110010;
	39394 :	10010100;
	39393 :	01110010;
	39392 :	10010100;
	39391 :	10110100;
	39390 :	10011100;
	39389 :	01110010;
	39388 :	10010100;
	39387 :	01110010;
	39386 :	10010100;
	39385 :	01110100;
	39384 :	10100100;
	39383 :	10110100;
	39382 :	10011100;
	39381 :	01110010;
	39380 :	10010100;
	39379 :	01110010;
	39378 :	10010100;
	39377 :	10010010;
	39376 :	10101100;
	39375 :	01110010;
	39374 :	10010100;
	39373 :	10010010;
	39372 :	10101100;
	39371 :	01110010;
	39370 :	10010100;
	39369 :	00101111;
	39368 :	10010100;
	39367 :	01110010;
	39366 :	10010100;
	39365 :	01100100;
	39364 :	00110001;
	39363 :	01100100;
	39362 :	00110001;
	39361 :	00000010;
	39360 :	00011001;
	39359 :	01100100;
	39358 :	00110001;
	39357 :	11100100;
	39356 :	00101000;
	39355 :	01100100;
	39354 :	00110001;
	39353 :	11100100;
	39352 :	00101000;
	39351 :	01100100;
	39350 :	00110001;
	39349 :	11100100;
	39348 :	00101000;
	39347 :	00000010;
	39346 :	00011001;
	39345 :	00000010;
	39344 :	00011001;
	39343 :	00000010;
	39342 :	00011001;
	39341 :	11100100;
	39340 :	00101000;
	39339 :	00000010;
	39338 :	00011001;
	39337 :	00000010;
	39336 :	00011001;
	39335 :	00000010;
	39334 :	00011001;
	39333 :	10100000;
	39332 :	00011000;
	39331 :	00000010;
	39330 :	00011001;
	39329 :	10100000;
	39328 :	00011000;
	39327 :	00000010;
	39326 :	00011001;
	39325 :	00000010;
	39324 :	00011001;
	39323 :	00000010;
	39322 :	00011001;
	39321 :	00000010;
	39320 :	00011001;
	39319 :	10100000;
	39318 :	00011000;
	39317 :	00000010;
	39316 :	00011001;
	39315 :	00000010;
	39314 :	00011001;
	39313 :	10100000;
	39312 :	00011000;
	39311 :	00000010;
	39310 :	00011001;
	39309 :	00000010;
	39308 :	00011001;
	39307 :	10100000;
	39306 :	00011000;
	39305 :	00000010;
	39304 :	00011001;
	39303 :	10100000;
	39302 :	00011000;
	39301 :	10100000;
	39300 :	00011000;
	39299 :	10100000;
	39298 :	00011000;
	39297 :	10100000;
	39296 :	00011000;
	39295 :	10100000;
	39294 :	00011000;
	39293 :	10100000;
	39292 :	00011000;
	39291 :	10100000;
	39290 :	00011000;
	39289 :	10100000;
	39288 :	00011000;
	39287 :	10100000;
	39286 :	00011000;
	39285 :	10100000;
	39284 :	00011000;
	39283 :	10100000;
	39282 :	00011000;
	39281 :	10100000;
	39280 :	00011000;
	39279 :	10100000;
	39278 :	00011000;
	39277 :	10100000;
	39276 :	00011000;
	39275 :	10100000;
	39274 :	00011000;
	39273 :	10100000;
	39272 :	00011000;
	39271 :	10100000;
	39270 :	00011000;
	39269 :	10100000;
	39268 :	00011000;
	39267 :	10100000;
	39266 :	00011000;
	39265 :	10100000;
	39264 :	00011000;
	39263 :	10100000;
	39262 :	00011000;
	39261 :	10100000;
	39260 :	00011000;
	39259 :	01100100;
	39258 :	00110001;
	39257 :	10000011;
	39256 :	01000001;
	39255 :	10000101;
	39254 :	01001001;
	39253 :	00100111;
	39252 :	01010010;
	39251 :	00100111;
	39250 :	01010010;
	39249 :	01101001;
	39248 :	01011010;
	39247 :	10101001;
	39246 :	01101010;
	39245 :	11001101;
	39244 :	01101010;
	39243 :	10101001;
	39242 :	01101010;
	39241 :	01101001;
	39240 :	01011010;
	39239 :	01101001;
	39238 :	01011010;
	39237 :	00000010;
	39236 :	00011001;
	39235 :	11000001;
	39234 :	00100000;
	39233 :	11000001;
	39232 :	00100000;
	39231 :	11000001;
	39230 :	00100000;
	39229 :	01000011;
	39228 :	01000001;
	39227 :	11100100;
	39226 :	00101000;
	39225 :	01100100;
	39224 :	00110001;
	39223 :	11100100;
	39222 :	00101000;
	39221 :	01001100;
	39220 :	01010010;
	39219 :	10010000;
	39218 :	01111011;
	39217 :	11010000;
	39216 :	10001011;
	39215 :	01110010;
	39214 :	10010100;
	39213 :	01110010;
	39212 :	10010100;
	39211 :	01110010;
	39210 :	10010100;
	39209 :	11010000;
	39208 :	10001011;
	39207 :	11010000;
	39206 :	10001011;
	39205 :	11010000;
	39204 :	10001011;
	39203 :	11010000;
	39202 :	10001011;
	39201 :	01110010;
	39200 :	10010100;
	39199 :	00110111;
	39198 :	10110101;
	39197 :	00110111;
	39196 :	10110101;
	39195 :	00110111;
	39194 :	10110101;
	39193 :	00110111;
	39192 :	10110101;
	39191 :	00110111;
	39190 :	10110101;
	39189 :	10010111;
	39188 :	10111101;
	39187 :	00110111;
	39186 :	10101101;
	39185 :	10010111;
	39184 :	10111101;
	39183 :	00110111;
	39182 :	10101101;
	39181 :	00010110;
	39180 :	10011101;
	39179 :	01110010;
	39178 :	10010100;
	39177 :	01110100;
	39176 :	10100100;
	39175 :	01110010;
	39174 :	10010100;
	39173 :	10110100;
	39172 :	10011100;
	39171 :	10110100;
	39170 :	10011100;
	39169 :	10110100;
	39168 :	10011100;
	39167 :	00010110;
	39166 :	10011101;
	39165 :	10110100;
	39164 :	10011100;
	39163 :	00010110;
	39162 :	10011101;
	39161 :	01110010;
	39160 :	10010100;
	39159 :	00010110;
	39158 :	10011101;
	39157 :	01110010;
	39156 :	10010100;
	39155 :	01110010;
	39154 :	10010100;
	39153 :	01110010;
	39152 :	10010100;
	39151 :	10110100;
	39150 :	10011100;
	39149 :	01110010;
	39148 :	10010100;
	39147 :	10110100;
	39146 :	10011100;
	39145 :	01110010;
	39144 :	10010100;
	39143 :	01110010;
	39142 :	10010100;
	39141 :	01110010;
	39140 :	10010100;
	39139 :	10110100;
	39138 :	10011100;
	39137 :	10010010;
	39136 :	10101100;
	39135 :	10110100;
	39134 :	10011100;
	39133 :	01110010;
	39132 :	10010100;
	39131 :	10010010;
	39130 :	10101100;
	39129 :	10110100;
	39128 :	10011100;
	39127 :	10110100;
	39126 :	10011100;
	39125 :	01110010;
	39124 :	10010100;
	39123 :	10010010;
	39122 :	10101100;
	39121 :	10110100;
	39120 :	10011100;
	39119 :	01110010;
	39118 :	10010100;
	39117 :	10010010;
	39116 :	10101100;
	39115 :	01110010;
	39114 :	10010100;
	39113 :	01110010;
	39112 :	10010100;
	39111 :	01110010;
	39110 :	10010100;
	39109 :	01101001;
	39108 :	01011010;
	39107 :	00000010;
	39106 :	00011001;
	39105 :	01100100;
	39104 :	00110001;
	39103 :	00000010;
	39102 :	00011001;
	39101 :	01100100;
	39100 :	00110001;
	39099 :	00000010;
	39098 :	00011001;
	39097 :	00000010;
	39096 :	00011001;
	39095 :	00000010;
	39094 :	00011001;
	39093 :	00000010;
	39092 :	00011001;
	39091 :	00000010;
	39090 :	00011001;
	39089 :	11100100;
	39088 :	00101000;
	39087 :	00000010;
	39086 :	00011001;
	39085 :	00000010;
	39084 :	00011001;
	39083 :	00000010;
	39082 :	00011001;
	39081 :	00000010;
	39080 :	00011001;
	39079 :	00000010;
	39078 :	00011001;
	39077 :	00000010;
	39076 :	00011001;
	39075 :	00000010;
	39074 :	00011001;
	39073 :	00000010;
	39072 :	00011001;
	39071 :	00000010;
	39070 :	00011001;
	39069 :	10100000;
	39068 :	00011000;
	39067 :	00000010;
	39066 :	00011001;
	39065 :	00000010;
	39064 :	00011001;
	39063 :	00000010;
	39062 :	00011001;
	39061 :	10100000;
	39060 :	00011000;
	39059 :	00000010;
	39058 :	00011001;
	39057 :	00000010;
	39056 :	00011001;
	39055 :	10100000;
	39054 :	00011000;
	39053 :	00000010;
	39052 :	00011001;
	39051 :	10100000;
	39050 :	00011000;
	39049 :	00000010;
	39048 :	00011001;
	39047 :	10100000;
	39046 :	00011000;
	39045 :	10100000;
	39044 :	00011000;
	39043 :	10100000;
	39042 :	00011000;
	39041 :	10100000;
	39040 :	00011000;
	39039 :	10100000;
	39038 :	00011000;
	39037 :	10100000;
	39036 :	00011000;
	39035 :	10100000;
	39034 :	00011000;
	39033 :	10100000;
	39032 :	00011000;
	39031 :	10100000;
	39030 :	00011000;
	39029 :	10100000;
	39028 :	00011000;
	39027 :	10100000;
	39026 :	00011000;
	39025 :	10100000;
	39024 :	00011000;
	39023 :	10100000;
	39022 :	00011000;
	39021 :	10100000;
	39020 :	00011000;
	39019 :	10100000;
	39018 :	00011000;
	39017 :	10100000;
	39016 :	00011000;
	39015 :	10100000;
	39014 :	00011000;
	39013 :	10100000;
	39012 :	00011000;
	39011 :	10100000;
	39010 :	00011000;
	39009 :	10100000;
	39008 :	00011000;
	39007 :	10100000;
	39006 :	00011000;
	39005 :	10100000;
	39004 :	00011000;
	39003 :	11000001;
	39002 :	00100000;
	39001 :	11000001;
	39000 :	00100000;
	38999 :	00100111;
	38998 :	01010010;
	38997 :	01101001;
	38996 :	01011010;
	38995 :	00100111;
	38994 :	01010010;
	38993 :	01101001;
	38992 :	01011010;
	38991 :	00100111;
	38990 :	01010010;
	38989 :	01101001;
	38988 :	01011010;
	38987 :	01101001;
	38986 :	01011010;
	38985 :	01101001;
	38984 :	01011010;
	38983 :	11001000;
	38982 :	01001001;
	38981 :	11000001;
	38980 :	00100000;
	38979 :	11000001;
	38978 :	00100000;
	38977 :	11000001;
	38976 :	00100000;
	38975 :	11100100;
	38974 :	00101000;
	38973 :	11000001;
	38972 :	00100000;
	38971 :	11100100;
	38970 :	00101000;
	38969 :	11100100;
	38968 :	00101000;
	38967 :	11100100;
	38966 :	00101000;
	38965 :	01001100;
	38964 :	01010010;
	38963 :	10010000;
	38962 :	01111011;
	38961 :	10010000;
	38960 :	01111011;
	38959 :	01110010;
	38958 :	10010100;
	38957 :	10010010;
	38956 :	10101100;
	38955 :	01110010;
	38954 :	10010100;
	38953 :	01110010;
	38952 :	10010100;
	38951 :	11010000;
	38950 :	10001011;
	38949 :	11010000;
	38948 :	10001011;
	38947 :	01110010;
	38946 :	10010100;
	38945 :	11010000;
	38944 :	10001011;
	38943 :	01011000;
	38942 :	10101101;
	38941 :	00110111;
	38940 :	10101101;
	38939 :	00110111;
	38938 :	10110101;
	38937 :	00110111;
	38936 :	10110101;
	38935 :	00110111;
	38934 :	10101101;
	38933 :	00110111;
	38932 :	10101101;
	38931 :	00110101;
	38930 :	10110101;
	38929 :	01111000;
	38928 :	10110101;
	38927 :	00110111;
	38926 :	10101101;
	38925 :	00010101;
	38924 :	10101101;
	38923 :	10010010;
	38922 :	10101100;
	38921 :	01110010;
	38920 :	10010100;
	38919 :	10110100;
	38918 :	10011100;
	38917 :	01110010;
	38916 :	10010100;
	38915 :	01110010;
	38914 :	10010100;
	38913 :	10110100;
	38912 :	10011100;
	38911 :	01110010;
	38910 :	10010100;
	38909 :	00010110;
	38908 :	10011101;
	38907 :	10010000;
	38906 :	01111011;
	38905 :	00010110;
	38904 :	10011101;
	38903 :	01110010;
	38902 :	10010100;
	38901 :	01110010;
	38900 :	10010100;
	38899 :	01110010;
	38898 :	10010100;
	38897 :	01110010;
	38896 :	10010100;
	38895 :	01110010;
	38894 :	10010100;
	38893 :	10110100;
	38892 :	10011100;
	38891 :	01110010;
	38890 :	10010100;
	38889 :	10110100;
	38888 :	10011100;
	38887 :	10110100;
	38886 :	10011100;
	38885 :	10110100;
	38884 :	10011100;
	38883 :	10110100;
	38882 :	10011100;
	38881 :	10110100;
	38880 :	10011100;
	38879 :	10110100;
	38878 :	10011100;
	38877 :	10110100;
	38876 :	10011100;
	38875 :	10110100;
	38874 :	10011100;
	38873 :	10010010;
	38872 :	10101100;
	38871 :	10110100;
	38870 :	10011100;
	38869 :	10110100;
	38868 :	10011100;
	38867 :	10010010;
	38866 :	10101100;
	38865 :	10110100;
	38864 :	10011100;
	38863 :	10010010;
	38862 :	10101100;
	38861 :	10110100;
	38860 :	10011100;
	38859 :	10010010;
	38858 :	10101100;
	38857 :	01110010;
	38856 :	10010100;
	38855 :	01110010;
	38854 :	10010100;
	38853 :	11001101;
	38852 :	01101010;
	38851 :	01100100;
	38850 :	00110001;
	38849 :	01100100;
	38848 :	00110001;
	38847 :	01100100;
	38846 :	00110001;
	38845 :	00000010;
	38844 :	00011001;
	38843 :	01101001;
	38842 :	00111001;
	38841 :	00000010;
	38840 :	00011001;
	38839 :	01100100;
	38838 :	00110001;
	38837 :	00000010;
	38836 :	00011001;
	38835 :	01100100;
	38834 :	00110001;
	38833 :	00000010;
	38832 :	00011001;
	38831 :	00000010;
	38830 :	00011001;
	38829 :	11100100;
	38828 :	00101000;
	38827 :	00000010;
	38826 :	00011001;
	38825 :	00000010;
	38824 :	00011001;
	38823 :	00000010;
	38822 :	00011001;
	38821 :	00000010;
	38820 :	00011001;
	38819 :	00000010;
	38818 :	00011001;
	38817 :	10100000;
	38816 :	00011000;
	38815 :	00000010;
	38814 :	00011001;
	38813 :	00000010;
	38812 :	00011001;
	38811 :	00000010;
	38810 :	00011001;
	38809 :	10100000;
	38808 :	00011000;
	38807 :	00000010;
	38806 :	00011001;
	38805 :	00000010;
	38804 :	00011001;
	38803 :	10100000;
	38802 :	00011000;
	38801 :	00000010;
	38800 :	00011001;
	38799 :	10100000;
	38798 :	00011000;
	38797 :	00000010;
	38796 :	00011001;
	38795 :	00000010;
	38794 :	00011001;
	38793 :	00000010;
	38792 :	00011001;
	38791 :	10100000;
	38790 :	00011000;
	38789 :	10100000;
	38788 :	00011000;
	38787 :	10100000;
	38786 :	00011000;
	38785 :	10100000;
	38784 :	00011000;
	38783 :	10100000;
	38782 :	00011000;
	38781 :	10100000;
	38780 :	00011000;
	38779 :	10100000;
	38778 :	00011000;
	38777 :	10100000;
	38776 :	00011000;
	38775 :	10100000;
	38774 :	00011000;
	38773 :	10100000;
	38772 :	00011000;
	38771 :	10100000;
	38770 :	00011000;
	38769 :	10100000;
	38768 :	00011000;
	38767 :	10100000;
	38766 :	00011000;
	38765 :	10100000;
	38764 :	00011000;
	38763 :	10100000;
	38762 :	00011000;
	38761 :	10100000;
	38760 :	00011000;
	38759 :	10100000;
	38758 :	00011000;
	38757 :	10100000;
	38756 :	00011000;
	38755 :	11000001;
	38754 :	00100000;
	38753 :	10100000;
	38752 :	00011000;
	38751 :	10100000;
	38750 :	00011000;
	38749 :	10100000;
	38748 :	00011000;
	38747 :	11000001;
	38746 :	00100000;
	38745 :	00100010;
	38744 :	00101001;
	38743 :	00100010;
	38742 :	00101001;
	38741 :	10101001;
	38740 :	01101010;
	38739 :	00100111;
	38738 :	01010010;
	38737 :	01101001;
	38736 :	01011010;
	38735 :	10100000;
	38734 :	00011000;
	38733 :	01000011;
	38732 :	01000001;
	38731 :	11000001;
	38730 :	00100000;
	38729 :	10100000;
	38728 :	00011000;
	38727 :	01000011;
	38726 :	01000001;
	38725 :	11000001;
	38724 :	00100000;
	38723 :	11000001;
	38722 :	00100000;
	38721 :	11000001;
	38720 :	00100000;
	38719 :	11000001;
	38718 :	00100000;
	38717 :	11100100;
	38716 :	00101000;
	38715 :	11100100;
	38714 :	00101000;
	38713 :	11100100;
	38712 :	00101000;
	38711 :	01100100;
	38710 :	00110001;
	38709 :	11001101;
	38708 :	01101010;
	38707 :	10010000;
	38706 :	01111011;
	38705 :	11010000;
	38704 :	10101011;
	38703 :	10010010;
	38702 :	10101100;
	38701 :	10010010;
	38700 :	10101100;
	38699 :	11010000;
	38698 :	10001011;
	38697 :	11010000;
	38696 :	10001011;
	38695 :	11010000;
	38694 :	10001011;
	38693 :	11010000;
	38692 :	10001011;
	38691 :	11010000;
	38690 :	10001011;
	38689 :	01110010;
	38688 :	10010100;
	38687 :	11010000;
	38686 :	10001011;
	38685 :	00110111;
	38684 :	10110101;
	38683 :	00110111;
	38682 :	10101101;
	38681 :	00110101;
	38680 :	10110101;
	38679 :	00110111;
	38678 :	10110101;
	38677 :	10010111;
	38676 :	10111101;
	38675 :	00010101;
	38674 :	10101101;
	38673 :	00110111;
	38672 :	10110101;
	38671 :	00110111;
	38670 :	10101101;
	38669 :	00010101;
	38668 :	10101101;
	38667 :	10110100;
	38666 :	10011100;
	38665 :	10110100;
	38664 :	10011100;
	38663 :	01110010;
	38662 :	10010100;
	38661 :	01110100;
	38660 :	10100100;
	38659 :	10110100;
	38658 :	10011100;
	38657 :	10110100;
	38656 :	10011100;
	38655 :	00010110;
	38654 :	10011101;
	38653 :	00111000;
	38652 :	10011101;
	38651 :	01110010;
	38650 :	10010100;
	38649 :	01110010;
	38648 :	10010100;
	38647 :	01110010;
	38646 :	10010100;
	38645 :	01110010;
	38644 :	10010100;
	38643 :	01110010;
	38642 :	10010100;
	38641 :	01110010;
	38640 :	10010100;
	38639 :	01110010;
	38638 :	10010100;
	38637 :	10110100;
	38636 :	10011100;
	38635 :	01110010;
	38634 :	10010100;
	38633 :	10110100;
	38632 :	10011100;
	38631 :	01110010;
	38630 :	10010100;
	38629 :	10110100;
	38628 :	10011100;
	38627 :	10110100;
	38626 :	10011100;
	38625 :	01110010;
	38624 :	10010100;
	38623 :	10010010;
	38622 :	10101100;
	38621 :	10110100;
	38620 :	10011100;
	38619 :	10110100;
	38618 :	10011100;
	38617 :	10110100;
	38616 :	10011100;
	38615 :	01110100;
	38614 :	10100100;
	38613 :	10110100;
	38612 :	10011100;
	38611 :	10010010;
	38610 :	10101100;
	38609 :	10110100;
	38608 :	10011100;
	38607 :	10110100;
	38606 :	10011100;
	38605 :	10010010;
	38604 :	10101100;
	38603 :	01110010;
	38602 :	10010100;
	38601 :	01110010;
	38600 :	10010100;
	38599 :	01110010;
	38598 :	10010100;
	38597 :	10010000;
	38596 :	01111011;
	38595 :	01100100;
	38594 :	00110001;
	38593 :	01100100;
	38592 :	00110001;
	38591 :	11100100;
	38590 :	00101000;
	38589 :	01100100;
	38588 :	00110001;
	38587 :	00000010;
	38586 :	00011001;
	38585 :	11100100;
	38584 :	00101000;
	38583 :	00000010;
	38582 :	00011001;
	38581 :	00000010;
	38580 :	00011001;
	38579 :	11100100;
	38578 :	00101000;
	38577 :	00000010;
	38576 :	00011001;
	38575 :	00000010;
	38574 :	00011001;
	38573 :	00000010;
	38572 :	00011001;
	38571 :	00000010;
	38570 :	00011001;
	38569 :	00000010;
	38568 :	00011001;
	38567 :	00000010;
	38566 :	00011001;
	38565 :	00000010;
	38564 :	00011001;
	38563 :	00000010;
	38562 :	00011001;
	38561 :	00000010;
	38560 :	00011001;
	38559 :	00000010;
	38558 :	00011001;
	38557 :	00000010;
	38556 :	00011001;
	38555 :	10100000;
	38554 :	00011000;
	38553 :	00000010;
	38552 :	00011001;
	38551 :	10100000;
	38550 :	00011000;
	38549 :	00000010;
	38548 :	00011001;
	38547 :	00000010;
	38546 :	00011001;
	38545 :	00000010;
	38544 :	00011001;
	38543 :	00000010;
	38542 :	00011001;
	38541 :	10100000;
	38540 :	00011000;
	38539 :	00000010;
	38538 :	00011001;
	38537 :	10100000;
	38536 :	00011000;
	38535 :	00000010;
	38534 :	00011001;
	38533 :	10100000;
	38532 :	00011000;
	38531 :	10100000;
	38530 :	00011000;
	38529 :	10100000;
	38528 :	00011000;
	38527 :	10100000;
	38526 :	00011000;
	38525 :	10100000;
	38524 :	00011000;
	38523 :	10100000;
	38522 :	00011000;
	38521 :	10100000;
	38520 :	00011000;
	38519 :	10100000;
	38518 :	00011000;
	38517 :	10100000;
	38516 :	00011000;
	38515 :	10100000;
	38514 :	00011000;
	38513 :	10100000;
	38512 :	00011000;
	38511 :	10100000;
	38510 :	00011000;
	38509 :	10100000;
	38508 :	00011000;
	38507 :	10100000;
	38506 :	00011000;
	38505 :	10100000;
	38504 :	00011000;
	38503 :	10100000;
	38502 :	00011000;
	38501 :	10100000;
	38500 :	00011000;
	38499 :	10100000;
	38498 :	00011000;
	38497 :	10100000;
	38496 :	00011000;
	38495 :	10100000;
	38494 :	00011000;
	38493 :	10100000;
	38492 :	00011000;
	38491 :	11000001;
	38490 :	00100000;
	38489 :	00100010;
	38488 :	00101001;
	38487 :	00100010;
	38486 :	00101001;
	38485 :	10101001;
	38484 :	01101010;
	38483 :	00100111;
	38482 :	01010010;
	38481 :	00100111;
	38480 :	01010010;
	38479 :	11000001;
	38478 :	00100000;
	38477 :	00100010;
	38476 :	00101001;
	38475 :	10100000;
	38474 :	00011000;
	38473 :	10100000;
	38472 :	00011000;
	38471 :	10100000;
	38470 :	00011000;
	38469 :	11000001;
	38468 :	00100000;
	38467 :	10100000;
	38466 :	00011000;
	38465 :	11000001;
	38464 :	00100000;
	38463 :	11000001;
	38462 :	00100000;
	38461 :	11000001;
	38460 :	00100000;
	38459 :	11000001;
	38458 :	00100000;
	38457 :	11100100;
	38456 :	00101000;
	38455 :	01100100;
	38454 :	00110001;
	38453 :	01101100;
	38452 :	01111011;
	38451 :	10010000;
	38450 :	01111011;
	38449 :	11010000;
	38448 :	10001011;
	38447 :	01110010;
	38446 :	10010100;
	38445 :	10010010;
	38444 :	10101100;
	38443 :	01110010;
	38442 :	10010100;
	38441 :	11010000;
	38440 :	10001011;
	38439 :	11010000;
	38438 :	10001011;
	38437 :	11010000;
	38436 :	10001011;
	38435 :	11010000;
	38434 :	10001011;
	38433 :	10010000;
	38432 :	01111011;
	38431 :	01110010;
	38430 :	10010100;
	38429 :	11010100;
	38428 :	10100100;
	38427 :	11110110;
	38426 :	10110100;
	38425 :	00110111;
	38424 :	10101101;
	38423 :	00110111;
	38422 :	10110101;
	38421 :	00110111;
	38420 :	10110101;
	38419 :	00110111;
	38418 :	10110101;
	38417 :	00110111;
	38416 :	10110101;
	38415 :	00110111;
	38414 :	10110101;
	38413 :	00010101;
	38412 :	10101101;
	38411 :	01110010;
	38410 :	10010100;
	38409 :	01110100;
	38408 :	10100100;
	38407 :	10110100;
	38406 :	10011100;
	38405 :	10110100;
	38404 :	10011100;
	38403 :	01110100;
	38402 :	10100100;
	38401 :	10110100;
	38400 :	10011100;
	38399 :	10110100;
	38398 :	10011100;
	38397 :	01110010;
	38396 :	10010100;
	38395 :	01110010;
	38394 :	10010100;
	38393 :	01110010;
	38392 :	10010100;
	38391 :	01110010;
	38390 :	10010100;
	38389 :	01110010;
	38388 :	10010100;
	38387 :	01110010;
	38386 :	10010100;
	38385 :	10110100;
	38384 :	10011100;
	38383 :	10110100;
	38382 :	10011100;
	38381 :	01110010;
	38380 :	10010100;
	38379 :	10110100;
	38378 :	10011100;
	38377 :	01110010;
	38376 :	10010100;
	38375 :	10110100;
	38374 :	10011100;
	38373 :	01110010;
	38372 :	10010100;
	38371 :	10110100;
	38370 :	10011100;
	38369 :	10110100;
	38368 :	10011100;
	38367 :	10110100;
	38366 :	10011100;
	38365 :	10110100;
	38364 :	10011100;
	38363 :	10010010;
	38362 :	10101100;
	38361 :	10110100;
	38360 :	10011100;
	38359 :	10110100;
	38358 :	10011100;
	38357 :	10110100;
	38356 :	10011100;
	38355 :	10110100;
	38354 :	10011100;
	38353 :	10010010;
	38352 :	10101100;
	38351 :	10110100;
	38350 :	10011100;
	38349 :	10110100;
	38348 :	10011100;
	38347 :	10010010;
	38346 :	10101100;
	38345 :	01110010;
	38344 :	10010100;
	38343 :	01110010;
	38342 :	10010100;
	38341 :	01110010;
	38340 :	10010100;
	38339 :	01100100;
	38338 :	00110001;
	38337 :	00000010;
	38336 :	00011001;
	38335 :	01100100;
	38334 :	00110001;
	38333 :	00000010;
	38332 :	00011001;
	38331 :	01100100;
	38330 :	00110001;
	38329 :	01100100;
	38328 :	00110001;
	38327 :	11100100;
	38326 :	00101000;
	38325 :	00000010;
	38324 :	00011001;
	38323 :	00000010;
	38322 :	00011001;
	38321 :	00000010;
	38320 :	00011001;
	38319 :	11100100;
	38318 :	00101000;
	38317 :	00000010;
	38316 :	00011001;
	38315 :	00000010;
	38314 :	00011001;
	38313 :	00000010;
	38312 :	00011001;
	38311 :	00000010;
	38310 :	00011001;
	38309 :	00000010;
	38308 :	00011001;
	38307 :	00000010;
	38306 :	00011001;
	38305 :	10100000;
	38304 :	00011000;
	38303 :	00000010;
	38302 :	00011001;
	38301 :	00000010;
	38300 :	00011001;
	38299 :	10100000;
	38298 :	00011000;
	38297 :	00000010;
	38296 :	00011001;
	38295 :	00000010;
	38294 :	00011001;
	38293 :	00000010;
	38292 :	00011001;
	38291 :	10100000;
	38290 :	00011000;
	38289 :	00000010;
	38288 :	00011001;
	38287 :	10100000;
	38286 :	00011000;
	38285 :	00000010;
	38284 :	00011001;
	38283 :	10100000;
	38282 :	00011000;
	38281 :	00000010;
	38280 :	00011001;
	38279 :	10100000;
	38278 :	00011000;
	38277 :	00000010;
	38276 :	00011001;
	38275 :	10100000;
	38274 :	00011000;
	38273 :	10100000;
	38272 :	00011000;
	38271 :	10100000;
	38270 :	00011000;
	38269 :	10100000;
	38268 :	00011000;
	38267 :	10100000;
	38266 :	00011000;
	38265 :	10100000;
	38264 :	00011000;
	38263 :	10100000;
	38262 :	00011000;
	38261 :	10100000;
	38260 :	00011000;
	38259 :	10100000;
	38258 :	00011000;
	38257 :	10100000;
	38256 :	00011000;
	38255 :	10100000;
	38254 :	00011000;
	38253 :	10100000;
	38252 :	00011000;
	38251 :	10100000;
	38250 :	00011000;
	38249 :	10100000;
	38248 :	00011000;
	38247 :	10100000;
	38246 :	00011000;
	38245 :	10100000;
	38244 :	00011000;
	38243 :	10100000;
	38242 :	00011000;
	38241 :	10100000;
	38240 :	00011000;
	38239 :	10100000;
	38238 :	00011000;
	38237 :	11000001;
	38236 :	00100000;
	38235 :	11000001;
	38234 :	00100000;
	38233 :	00100010;
	38232 :	00101001;
	38231 :	00100010;
	38230 :	00101001;
	38229 :	00101011;
	38228 :	01110011;
	38227 :	00100111;
	38226 :	01010010;
	38225 :	00100111;
	38224 :	01010010;
	38223 :	10100000;
	38222 :	00011000;
	38221 :	00100010;
	38220 :	00101001;
	38219 :	11000001;
	38218 :	00100000;
	38217 :	10100000;
	38216 :	00011000;
	38215 :	10100000;
	38214 :	00011000;
	38213 :	11000001;
	38212 :	00100000;
	38211 :	11000001;
	38210 :	00100000;
	38209 :	10100000;
	38208 :	00011000;
	38207 :	11000001;
	38206 :	00100000;
	38205 :	11000001;
	38204 :	00100000;
	38203 :	11000001;
	38202 :	00100000;
	38201 :	11100100;
	38200 :	00101000;
	38199 :	01100100;
	38198 :	00110001;
	38197 :	11001101;
	38196 :	01101010;
	38195 :	01101100;
	38194 :	01111011;
	38193 :	01110010;
	38192 :	10010100;
	38191 :	00101111;
	38190 :	10010100;
	38189 :	11010000;
	38188 :	10001011;
	38187 :	11010000;
	38186 :	10001011;
	38185 :	11010000;
	38184 :	10001011;
	38183 :	11010000;
	38182 :	10101011;
	38181 :	01110010;
	38180 :	10010100;
	38179 :	11010000;
	38178 :	10101011;
	38177 :	11010000;
	38176 :	10001011;
	38175 :	01110010;
	38174 :	10010100;
	38173 :	01110100;
	38172 :	10100100;
	38171 :	11010000;
	38170 :	10001011;
	38169 :	01110010;
	38168 :	10010100;
	38167 :	00110111;
	38166 :	10110101;
	38165 :	00110111;
	38164 :	10110101;
	38163 :	00110111;
	38162 :	10110101;
	38161 :	00110111;
	38160 :	10110101;
	38159 :	00110111;
	38158 :	10101101;
	38157 :	00010101;
	38156 :	10101101;
	38155 :	10110100;
	38154 :	10011100;
	38153 :	10110100;
	38152 :	10011100;
	38151 :	01110100;
	38150 :	10100100;
	38149 :	10110100;
	38148 :	10011100;
	38147 :	10110100;
	38146 :	10011100;
	38145 :	10110100;
	38144 :	10011100;
	38143 :	01110010;
	38142 :	10010100;
	38141 :	01110010;
	38140 :	10010100;
	38139 :	01110010;
	38138 :	10010100;
	38137 :	01110010;
	38136 :	10010100;
	38135 :	01110010;
	38134 :	10010100;
	38133 :	01110010;
	38132 :	10010100;
	38131 :	01110010;
	38130 :	10010100;
	38129 :	01110010;
	38128 :	10010100;
	38127 :	01110010;
	38126 :	10010100;
	38125 :	10110100;
	38124 :	10011100;
	38123 :	01110010;
	38122 :	10010100;
	38121 :	10110100;
	38120 :	10011100;
	38119 :	10110100;
	38118 :	10011100;
	38117 :	10110100;
	38116 :	10011100;
	38115 :	01110010;
	38114 :	10010100;
	38113 :	10110100;
	38112 :	10011100;
	38111 :	10010010;
	38110 :	10101100;
	38109 :	10110100;
	38108 :	10011100;
	38107 :	10110100;
	38106 :	10011100;
	38105 :	10110100;
	38104 :	10011100;
	38103 :	10110100;
	38102 :	10011100;
	38101 :	10110100;
	38100 :	10011100;
	38099 :	10010010;
	38098 :	10101100;
	38097 :	10110100;
	38096 :	10011100;
	38095 :	10010010;
	38094 :	10101100;
	38093 :	10110100;
	38092 :	10011100;
	38091 :	10010010;
	38090 :	10101100;
	38089 :	10010010;
	38088 :	10101100;
	38087 :	01110010;
	38086 :	10010100;
	38085 :	01110010;
	38084 :	10010100;
	38083 :	01100100;
	38082 :	00110001;
	38081 :	11100100;
	38080 :	00101000;
	38079 :	01100100;
	38078 :	00110001;
	38077 :	11100100;
	38076 :	00101000;
	38075 :	00000010;
	38074 :	00011001;
	38073 :	00000010;
	38072 :	00011001;
	38071 :	00000010;
	38070 :	00011001;
	38069 :	01100100;
	38068 :	00110001;
	38067 :	11100100;
	38066 :	00101000;
	38065 :	00000010;
	38064 :	00011001;
	38063 :	00000010;
	38062 :	00011001;
	38061 :	00000010;
	38060 :	00011001;
	38059 :	00000010;
	38058 :	00011001;
	38057 :	00000010;
	38056 :	00011001;
	38055 :	00000010;
	38054 :	00011001;
	38053 :	10100000;
	38052 :	00011000;
	38051 :	00000010;
	38050 :	00011001;
	38049 :	00000010;
	38048 :	00011001;
	38047 :	10100000;
	38046 :	00011000;
	38045 :	00000010;
	38044 :	00011001;
	38043 :	00000010;
	38042 :	00011001;
	38041 :	00000010;
	38040 :	00011001;
	38039 :	10100000;
	38038 :	00011000;
	38037 :	00000010;
	38036 :	00011001;
	38035 :	00000010;
	38034 :	00011001;
	38033 :	10100000;
	38032 :	00011000;
	38031 :	00000010;
	38030 :	00011001;
	38029 :	10100000;
	38028 :	00011000;
	38027 :	00000010;
	38026 :	00011001;
	38025 :	10100000;
	38024 :	00011000;
	38023 :	10100000;
	38022 :	00011000;
	38021 :	10100000;
	38020 :	00011000;
	38019 :	10100000;
	38018 :	00011000;
	38017 :	10100000;
	38016 :	00011000;
	38015 :	10100000;
	38014 :	00011000;
	38013 :	10100000;
	38012 :	00011000;
	38011 :	10100000;
	38010 :	00011000;
	38009 :	10100000;
	38008 :	00011000;
	38007 :	10100000;
	38006 :	00011000;
	38005 :	10100000;
	38004 :	00011000;
	38003 :	10100000;
	38002 :	00011000;
	38001 :	10100000;
	38000 :	00011000;
	37999 :	10100000;
	37998 :	00011000;
	37997 :	10100000;
	37996 :	00011000;
	37995 :	10100000;
	37994 :	00011000;
	37993 :	10100000;
	37992 :	00011000;
	37991 :	10100000;
	37990 :	00011000;
	37989 :	10100000;
	37988 :	00011000;
	37987 :	10100000;
	37986 :	00011000;
	37985 :	11000001;
	37984 :	00100000;
	37983 :	10100000;
	37982 :	00011000;
	37981 :	10100000;
	37980 :	00011000;
	37979 :	00100010;
	37978 :	00101001;
	37977 :	10000011;
	37976 :	01000001;
	37975 :	00100010;
	37974 :	00101001;
	37973 :	00101011;
	37972 :	01110011;
	37971 :	00100111;
	37970 :	01010010;
	37969 :	01101001;
	37968 :	01011010;
	37967 :	11000001;
	37966 :	00100000;
	37965 :	00100010;
	37964 :	00101001;
	37963 :	10100000;
	37962 :	00011000;
	37961 :	10100000;
	37960 :	00011000;
	37959 :	10100000;
	37958 :	00011000;
	37957 :	11000001;
	37956 :	00100000;
	37955 :	10100000;
	37954 :	00011000;
	37953 :	11000001;
	37952 :	00100000;
	37951 :	11000001;
	37950 :	00100000;
	37949 :	11000001;
	37948 :	00100000;
	37947 :	11000001;
	37946 :	00100000;
	37945 :	11000001;
	37944 :	00100000;
	37943 :	11100100;
	37942 :	00101000;
	37941 :	01101100;
	37940 :	01111011;
	37939 :	11001000;
	37938 :	01101001;
	37937 :	11001000;
	37936 :	01101001;
	37935 :	11101101;
	37934 :	10000010;
	37933 :	10010010;
	37932 :	10101100;
	37931 :	10010010;
	37930 :	10101100;
	37929 :	01110010;
	37928 :	10010100;
	37927 :	10101101;
	37926 :	10001011;
	37925 :	11010000;
	37924 :	10001011;
	37923 :	11010000;
	37922 :	10001011;
	37921 :	01110010;
	37920 :	10010100;
	37919 :	01110010;
	37918 :	10010100;
	37917 :	01110010;
	37916 :	10010100;
	37915 :	01110010;
	37914 :	10010100;
	37913 :	01110010;
	37912 :	10010100;
	37911 :	11110110;
	37910 :	10110100;
	37909 :	00110111;
	37908 :	10110101;
	37907 :	00110111;
	37906 :	10110101;
	37905 :	00110111;
	37904 :	10110101;
	37903 :	00110111;
	37902 :	10110101;
	37901 :	11010100;
	37900 :	10100100;
	37899 :	10110100;
	37898 :	10011100;
	37897 :	10110100;
	37896 :	10011100;
	37895 :	10110100;
	37894 :	10011100;
	37893 :	10110100;
	37892 :	10011100;
	37891 :	01110100;
	37890 :	10100100;
	37889 :	10110100;
	37888 :	10011100;
	37887 :	10110100;
	37886 :	10011100;
	37885 :	01110010;
	37884 :	10010100;
	37883 :	10110100;
	37882 :	10011100;
	37881 :	01110010;
	37880 :	10010100;
	37879 :	01110010;
	37878 :	10010100;
	37877 :	01110010;
	37876 :	10010100;
	37875 :	10110100;
	37874 :	10011100;
	37873 :	10110100;
	37872 :	10011100;
	37871 :	01110010;
	37870 :	10010100;
	37869 :	01110010;
	37868 :	10010100;
	37867 :	10110100;
	37866 :	10011100;
	37865 :	10110100;
	37864 :	10011100;
	37863 :	10110100;
	37862 :	10011100;
	37861 :	10110100;
	37860 :	10011100;
	37859 :	10110100;
	37858 :	10011100;
	37857 :	10110100;
	37856 :	10011100;
	37855 :	10110100;
	37854 :	10011100;
	37853 :	10010010;
	37852 :	10101100;
	37851 :	10110100;
	37850 :	10011100;
	37849 :	10110100;
	37848 :	10011100;
	37847 :	11010100;
	37846 :	10100100;
	37845 :	10010010;
	37844 :	10101100;
	37843 :	10110100;
	37842 :	10011100;
	37841 :	10110100;
	37840 :	10011100;
	37839 :	10110100;
	37838 :	10011100;
	37837 :	10110100;
	37836 :	10011100;
	37835 :	00010011;
	37834 :	10110101;
	37833 :	10110100;
	37832 :	10011100;
	37831 :	01110010;
	37830 :	10010100;
	37829 :	01110010;
	37828 :	10010100;
	37827 :	01101001;
	37826 :	01011010;
	37825 :	01100100;
	37824 :	00110001;
	37823 :	00000010;
	37822 :	00011001;
	37821 :	01100100;
	37820 :	00110001;
	37819 :	11100100;
	37818 :	00101000;
	37817 :	01100100;
	37816 :	00110001;
	37815 :	00000010;
	37814 :	00011001;
	37813 :	00000010;
	37812 :	00011001;
	37811 :	11100100;
	37810 :	00101000;
	37809 :	00000010;
	37808 :	00011001;
	37807 :	00000010;
	37806 :	00011001;
	37805 :	00000010;
	37804 :	00011001;
	37803 :	00000010;
	37802 :	00011001;
	37801 :	00000010;
	37800 :	00011001;
	37799 :	00000010;
	37798 :	00011001;
	37797 :	00000010;
	37796 :	00011001;
	37795 :	00000010;
	37794 :	00011001;
	37793 :	00000010;
	37792 :	00011001;
	37791 :	00000010;
	37790 :	00011001;
	37789 :	00000010;
	37788 :	00011001;
	37787 :	00000010;
	37786 :	00011001;
	37785 :	00000010;
	37784 :	00011001;
	37783 :	00000010;
	37782 :	00011001;
	37781 :	10100000;
	37780 :	00011000;
	37779 :	00000010;
	37778 :	00011001;
	37777 :	10100000;
	37776 :	00011000;
	37775 :	10100000;
	37774 :	00011000;
	37773 :	10100000;
	37772 :	00011000;
	37771 :	00000010;
	37770 :	00011001;
	37769 :	10100000;
	37768 :	00011000;
	37767 :	00000010;
	37766 :	00011001;
	37765 :	10100000;
	37764 :	00011000;
	37763 :	10100000;
	37762 :	00011000;
	37761 :	10100000;
	37760 :	00011000;
	37759 :	10100000;
	37758 :	00011000;
	37757 :	10100000;
	37756 :	00011000;
	37755 :	10100000;
	37754 :	00011000;
	37753 :	10100000;
	37752 :	00011000;
	37751 :	10100000;
	37750 :	00011000;
	37749 :	10100000;
	37748 :	00011000;
	37747 :	10100000;
	37746 :	00011000;
	37745 :	10100000;
	37744 :	00011000;
	37743 :	10100000;
	37742 :	00011000;
	37741 :	10100000;
	37740 :	00011000;
	37739 :	10100000;
	37738 :	00011000;
	37737 :	10100000;
	37736 :	00011000;
	37735 :	10100000;
	37734 :	00011000;
	37733 :	10100000;
	37732 :	00011000;
	37731 :	10100000;
	37730 :	00011000;
	37729 :	10100000;
	37728 :	00011000;
	37727 :	10100000;
	37726 :	00011000;
	37725 :	11000001;
	37724 :	00100000;
	37723 :	10000011;
	37722 :	01000001;
	37721 :	10000011;
	37720 :	01000001;
	37719 :	00100010;
	37718 :	00101001;
	37717 :	00101011;
	37716 :	01110011;
	37715 :	00100111;
	37714 :	01010010;
	37713 :	00100111;
	37712 :	01010010;
	37711 :	11000001;
	37710 :	00100000;
	37709 :	00100010;
	37708 :	00101001;
	37707 :	11000001;
	37706 :	00100000;
	37705 :	10100000;
	37704 :	00011000;
	37703 :	10100000;
	37702 :	00011000;
	37701 :	11000001;
	37700 :	00100000;
	37699 :	11000001;
	37698 :	00100000;
	37697 :	10100000;
	37696 :	00011000;
	37695 :	11000001;
	37694 :	00100000;
	37693 :	11000001;
	37692 :	00100000;
	37691 :	11000001;
	37690 :	00100000;
	37689 :	10100000;
	37688 :	00011000;
	37687 :	11000001;
	37686 :	00100000;
	37685 :	01100101;
	37684 :	01100001;
	37683 :	10100000;
	37682 :	00011000;
	37681 :	11000001;
	37680 :	01000000;
	37679 :	11000001;
	37678 :	01000000;
	37677 :	11000001;
	37676 :	00100000;
	37675 :	11000001;
	37674 :	01000000;
	37673 :	11100100;
	37672 :	00101000;
	37671 :	11010100;
	37670 :	11000100;
	37669 :	01110010;
	37668 :	10010100;
	37667 :	01110010;
	37666 :	10010100;
	37665 :	11010000;
	37664 :	10001011;
	37663 :	11010000;
	37662 :	10101011;
	37661 :	01110010;
	37660 :	10010100;
	37659 :	01110100;
	37658 :	10100100;
	37657 :	01110010;
	37656 :	10010100;
	37655 :	11010000;
	37654 :	10001011;
	37653 :	00110111;
	37652 :	10110101;
	37651 :	00110111;
	37650 :	10110101;
	37649 :	00110111;
	37648 :	10110101;
	37647 :	00110111;
	37646 :	10110101;
	37645 :	11110110;
	37644 :	10110100;
	37643 :	10110100;
	37642 :	10011100;
	37641 :	10110100;
	37640 :	10011100;
	37639 :	01110100;
	37638 :	10100100;
	37637 :	10110100;
	37636 :	10011100;
	37635 :	01110100;
	37634 :	10100100;
	37633 :	10110100;
	37632 :	10011100;
	37631 :	01110010;
	37630 :	10010100;
	37629 :	01110010;
	37628 :	10010100;
	37627 :	01110010;
	37626 :	10010100;
	37625 :	01110010;
	37624 :	10010100;
	37623 :	01110010;
	37622 :	10010100;
	37621 :	01110010;
	37620 :	10010100;
	37619 :	10110100;
	37618 :	10011100;
	37617 :	01110010;
	37616 :	10010100;
	37615 :	10110100;
	37614 :	10011100;
	37613 :	10110100;
	37612 :	10011100;
	37611 :	01110010;
	37610 :	10010100;
	37609 :	01110010;
	37608 :	10010100;
	37607 :	01110010;
	37606 :	10010100;
	37605 :	01110010;
	37604 :	10010100;
	37603 :	10110100;
	37602 :	10011100;
	37601 :	10010010;
	37600 :	10101100;
	37599 :	10110100;
	37598 :	10011100;
	37597 :	10110100;
	37596 :	10011100;
	37595 :	10010010;
	37594 :	10101100;
	37593 :	11010100;
	37592 :	10100100;
	37591 :	10110100;
	37590 :	10011100;
	37589 :	10110100;
	37588 :	10011100;
	37587 :	11010100;
	37586 :	10100100;
	37585 :	10010010;
	37584 :	10101100;
	37583 :	11010100;
	37582 :	10100100;
	37581 :	10110100;
	37580 :	10011100;
	37579 :	10010010;
	37578 :	10101100;
	37577 :	10110100;
	37576 :	10011100;
	37575 :	10010010;
	37574 :	10101100;
	37573 :	01110010;
	37572 :	10010100;
	37571 :	01001100;
	37570 :	01010010;
	37569 :	01100100;
	37568 :	00110001;
	37567 :	01100100;
	37566 :	00110001;
	37565 :	00000010;
	37564 :	00011001;
	37563 :	00000010;
	37562 :	00011001;
	37561 :	00000010;
	37560 :	00011001;
	37559 :	11100100;
	37558 :	00101000;
	37557 :	00000010;
	37556 :	00011001;
	37555 :	11100100;
	37554 :	00101000;
	37553 :	00000010;
	37552 :	00011001;
	37551 :	00000010;
	37550 :	00011001;
	37549 :	00000010;
	37548 :	00011001;
	37547 :	00000010;
	37546 :	00011001;
	37545 :	00000010;
	37544 :	00011001;
	37543 :	00000010;
	37542 :	00011001;
	37541 :	00000010;
	37540 :	00011001;
	37539 :	00000010;
	37538 :	00011001;
	37537 :	00000010;
	37536 :	00011001;
	37535 :	00000010;
	37534 :	00011001;
	37533 :	10100000;
	37532 :	00011000;
	37531 :	00000010;
	37530 :	00011001;
	37529 :	10100000;
	37528 :	00011000;
	37527 :	00000010;
	37526 :	00011001;
	37525 :	10100000;
	37524 :	00011000;
	37523 :	10100000;
	37522 :	00011000;
	37521 :	10100000;
	37520 :	00011000;
	37519 :	10100000;
	37518 :	00011000;
	37517 :	10100000;
	37516 :	00011000;
	37515 :	10100000;
	37514 :	00011000;
	37513 :	10100000;
	37512 :	00011000;
	37511 :	10100000;
	37510 :	00011000;
	37509 :	10100000;
	37508 :	00011000;
	37507 :	10100000;
	37506 :	00011000;
	37505 :	10100000;
	37504 :	00011000;
	37503 :	10100000;
	37502 :	00011000;
	37501 :	10100000;
	37500 :	00011000;
	37499 :	10100000;
	37498 :	00011000;
	37497 :	10100000;
	37496 :	00011000;
	37495 :	10100000;
	37494 :	00011000;
	37493 :	10100000;
	37492 :	00011000;
	37491 :	10100000;
	37490 :	00011000;
	37489 :	10100000;
	37488 :	00011000;
	37487 :	10100000;
	37486 :	00011000;
	37485 :	10100000;
	37484 :	00011000;
	37483 :	10100000;
	37482 :	00011000;
	37481 :	10100000;
	37480 :	00011000;
	37479 :	10100000;
	37478 :	00011000;
	37477 :	10100000;
	37476 :	00011000;
	37475 :	10100000;
	37474 :	00011000;
	37473 :	10100000;
	37472 :	00011000;
	37471 :	10100000;
	37470 :	00011000;
	37469 :	00000010;
	37468 :	00011001;
	37467 :	01100100;
	37466 :	00110001;
	37465 :	01100100;
	37464 :	00110001;
	37463 :	01100100;
	37462 :	00110001;
	37461 :	00101011;
	37460 :	01110011;
	37459 :	01101001;
	37458 :	01011010;
	37457 :	01101001;
	37456 :	01011010;
	37455 :	11000001;
	37454 :	00100000;
	37453 :	00100010;
	37452 :	00101001;
	37451 :	10100000;
	37450 :	00011000;
	37449 :	11000001;
	37448 :	00100000;
	37447 :	10100000;
	37446 :	00011000;
	37445 :	10100000;
	37444 :	00011000;
	37443 :	11000001;
	37442 :	00100000;
	37441 :	11000001;
	37440 :	00100000;
	37439 :	10100000;
	37438 :	00011000;
	37437 :	11000001;
	37436 :	00100000;
	37435 :	10100000;
	37434 :	00011000;
	37433 :	11000001;
	37432 :	01000000;
	37431 :	10100000;
	37430 :	00011000;
	37429 :	11000001;
	37428 :	00100000;
	37427 :	11000001;
	37426 :	00100000;
	37425 :	11000001;
	37424 :	01000000;
	37423 :	11000001;
	37422 :	00100000;
	37421 :	11000001;
	37420 :	01000000;
	37419 :	11000001;
	37418 :	01000000;
	37417 :	01000011;
	37416 :	01000001;
	37415 :	01100100;
	37414 :	00110001;
	37413 :	11101101;
	37412 :	10000010;
	37411 :	11010000;
	37410 :	10001011;
	37409 :	01110010;
	37408 :	10010100;
	37407 :	01110010;
	37406 :	10010100;
	37405 :	11010000;
	37404 :	10001011;
	37403 :	01110010;
	37402 :	10010100;
	37401 :	01110010;
	37400 :	10010100;
	37399 :	01110010;
	37398 :	10010100;
	37397 :	01110100;
	37396 :	10100100;
	37395 :	00010101;
	37394 :	10101101;
	37393 :	00110111;
	37392 :	10110101;
	37391 :	00110111;
	37390 :	10110101;
	37389 :	11010100;
	37388 :	10100100;
	37387 :	10110100;
	37386 :	10011100;
	37385 :	10110100;
	37384 :	10011100;
	37383 :	10110100;
	37382 :	10011100;
	37381 :	10110100;
	37380 :	10011100;
	37379 :	01110100;
	37378 :	10100100;
	37377 :	10110100;
	37376 :	10011100;
	37375 :	01110010;
	37374 :	10010100;
	37373 :	01110010;
	37372 :	10010100;
	37371 :	01110010;
	37370 :	10010100;
	37369 :	01110010;
	37368 :	10010100;
	37367 :	10110100;
	37366 :	10011100;
	37365 :	01110010;
	37364 :	10010100;
	37363 :	10110100;
	37362 :	10011100;
	37361 :	10110100;
	37360 :	10011100;
	37359 :	00010101;
	37358 :	10101101;
	37357 :	00010101;
	37356 :	10101101;
	37355 :	00010101;
	37354 :	10101101;
	37353 :	10110100;
	37352 :	10011100;
	37351 :	10010010;
	37350 :	10101100;
	37349 :	10110100;
	37348 :	10011100;
	37347 :	01110010;
	37346 :	10010100;
	37345 :	01110010;
	37344 :	10010100;
	37343 :	01110100;
	37342 :	10100100;
	37341 :	10110100;
	37340 :	10011100;
	37339 :	10110100;
	37338 :	10011100;
	37337 :	10110100;
	37336 :	10011100;
	37335 :	11010100;
	37334 :	10100100;
	37333 :	00010011;
	37332 :	10110101;
	37331 :	10110100;
	37330 :	10011100;
	37329 :	11010100;
	37328 :	10100100;
	37327 :	11010100;
	37326 :	10100100;
	37325 :	10110100;
	37324 :	10011100;
	37323 :	01110100;
	37322 :	10100100;
	37321 :	11010100;
	37320 :	10100100;
	37319 :	10110100;
	37318 :	10011100;
	37317 :	01110010;
	37316 :	10010100;
	37315 :	01101100;
	37314 :	01111011;
	37313 :	01100100;
	37312 :	00110001;
	37311 :	01100100;
	37310 :	00110001;
	37309 :	11100100;
	37308 :	00101000;
	37307 :	00000010;
	37306 :	00011001;
	37305 :	11100100;
	37304 :	00101000;
	37303 :	11100100;
	37302 :	00101000;
	37301 :	00000010;
	37300 :	00011001;
	37299 :	00000010;
	37298 :	00011001;
	37297 :	00000010;
	37296 :	00011001;
	37295 :	00000010;
	37294 :	00011001;
	37293 :	00000010;
	37292 :	00011001;
	37291 :	00000010;
	37290 :	00011001;
	37289 :	00000010;
	37288 :	00011001;
	37287 :	10100000;
	37286 :	00011000;
	37285 :	00000010;
	37284 :	00011001;
	37283 :	11000001;
	37282 :	00100000;
	37281 :	10100000;
	37280 :	00011000;
	37279 :	10100000;
	37278 :	00011000;
	37277 :	10100000;
	37276 :	00011000;
	37275 :	10100000;
	37274 :	00011000;
	37273 :	10100000;
	37272 :	00011000;
	37271 :	10100000;
	37270 :	00011000;
	37269 :	10100000;
	37268 :	00011000;
	37267 :	10100000;
	37266 :	00011000;
	37265 :	10100000;
	37264 :	00011000;
	37263 :	10100000;
	37262 :	00011000;
	37261 :	10100000;
	37260 :	00011000;
	37259 :	10100000;
	37258 :	00011000;
	37257 :	10100000;
	37256 :	00011000;
	37255 :	10100000;
	37254 :	00011000;
	37253 :	10100000;
	37252 :	00011000;
	37251 :	10100000;
	37250 :	00011000;
	37249 :	10100000;
	37248 :	00011000;
	37247 :	10100000;
	37246 :	00011000;
	37245 :	10100000;
	37244 :	00011000;
	37243 :	10100000;
	37242 :	00011000;
	37241 :	10100000;
	37240 :	00011000;
	37239 :	10100000;
	37238 :	00011000;
	37237 :	10100000;
	37236 :	00011000;
	37235 :	10100000;
	37234 :	00011000;
	37233 :	10100000;
	37232 :	00011000;
	37231 :	10100000;
	37230 :	00011000;
	37229 :	10100000;
	37228 :	00011000;
	37227 :	10100000;
	37226 :	00011000;
	37225 :	10100000;
	37224 :	00011000;
	37223 :	10100000;
	37222 :	00011000;
	37221 :	10100000;
	37220 :	00011000;
	37219 :	10100000;
	37218 :	00011000;
	37217 :	10100000;
	37216 :	00011000;
	37215 :	10100000;
	37214 :	00011000;
	37213 :	11000001;
	37212 :	00100000;
	37211 :	11000001;
	37210 :	00100000;
	37209 :	01100100;
	37208 :	00110001;
	37207 :	00100111;
	37206 :	01010010;
	37205 :	10101001;
	37204 :	01101010;
	37203 :	00100111;
	37202 :	01010010;
	37201 :	01101001;
	37200 :	01011010;
	37199 :	00100111;
	37198 :	01010010;
	37197 :	10000101;
	37196 :	01001001;
	37195 :	00000010;
	37194 :	00011001;
	37193 :	10100000;
	37192 :	00011000;
	37191 :	11000001;
	37190 :	00100000;
	37189 :	11000001;
	37188 :	00100000;
	37187 :	11000001;
	37186 :	00100000;
	37185 :	11000001;
	37184 :	00100000;
	37183 :	11000001;
	37182 :	00100000;
	37181 :	11000001;
	37180 :	00100000;
	37179 :	10100000;
	37178 :	00011000;
	37177 :	11000001;
	37176 :	00100000;
	37175 :	11000001;
	37174 :	01000000;
	37173 :	11000001;
	37172 :	01000000;
	37171 :	11000001;
	37170 :	01000000;
	37169 :	11000001;
	37168 :	01000000;
	37167 :	11000001;
	37166 :	01000000;
	37165 :	11000001;
	37164 :	00100000;
	37163 :	11000001;
	37162 :	01000000;
	37161 :	11000001;
	37160 :	01000000;
	37159 :	11000001;
	37158 :	01000000;
	37157 :	01000011;
	37156 :	01000001;
	37155 :	11001000;
	37154 :	01101001;
	37153 :	11010000;
	37152 :	10101011;
	37151 :	01110010;
	37150 :	10010100;
	37149 :	11010000;
	37148 :	10101011;
	37147 :	01110010;
	37146 :	10010100;
	37145 :	11010000;
	37144 :	10001011;
	37143 :	01110010;
	37142 :	10010100;
	37141 :	01110010;
	37140 :	10010100;
	37139 :	11110110;
	37138 :	10110100;
	37137 :	00110101;
	37136 :	10110101;
	37135 :	00110111;
	37134 :	10101101;
	37133 :	00010101;
	37132 :	10101101;
	37131 :	10110100;
	37130 :	10011100;
	37129 :	10110100;
	37128 :	10011100;
	37127 :	01110100;
	37126 :	10100100;
	37125 :	10110100;
	37124 :	10011100;
	37123 :	10110100;
	37122 :	10011100;
	37121 :	01110100;
	37120 :	10100100;
	37119 :	01110010;
	37118 :	10010100;
	37117 :	01110010;
	37116 :	10010100;
	37115 :	01110010;
	37114 :	10010100;
	37113 :	10110100;
	37112 :	10011100;
	37111 :	10110100;
	37110 :	10011100;
	37109 :	01110010;
	37108 :	10010100;
	37107 :	10110100;
	37106 :	10011100;
	37105 :	10110100;
	37104 :	10011100;
	37103 :	00010101;
	37102 :	10101101;
	37101 :	00010101;
	37100 :	10101101;
	37099 :	11010100;
	37098 :	10100100;
	37097 :	11010100;
	37096 :	10100100;
	37095 :	10110100;
	37094 :	10011100;
	37093 :	01110010;
	37092 :	10010100;
	37091 :	10110100;
	37090 :	10011100;
	37089 :	10010010;
	37088 :	10101100;
	37087 :	10110100;
	37086 :	10011100;
	37085 :	10010010;
	37084 :	10101100;
	37083 :	10110100;
	37082 :	10011100;
	37081 :	11010100;
	37080 :	10100100;
	37079 :	10110100;
	37078 :	10011100;
	37077 :	10110100;
	37076 :	10011100;
	37075 :	10110100;
	37074 :	10011100;
	37073 :	11010100;
	37072 :	10100100;
	37071 :	01110100;
	37070 :	10100100;
	37069 :	11010100;
	37068 :	10100100;
	37067 :	10010010;
	37066 :	10101100;
	37065 :	10010010;
	37064 :	10101100;
	37063 :	10010010;
	37062 :	10101100;
	37061 :	01110100;
	37060 :	10100100;
	37059 :	10101101;
	37058 :	10001011;
	37057 :	00000010;
	37056 :	00011001;
	37055 :	11100100;
	37054 :	00101000;
	37053 :	00000010;
	37052 :	00011001;
	37051 :	11100100;
	37050 :	00101000;
	37049 :	00000010;
	37048 :	00011001;
	37047 :	00000010;
	37046 :	00011001;
	37045 :	11100100;
	37044 :	00101000;
	37043 :	00000010;
	37042 :	00011001;
	37041 :	00000010;
	37040 :	00011001;
	37039 :	00000010;
	37038 :	00011001;
	37037 :	00000010;
	37036 :	00011001;
	37035 :	10100000;
	37034 :	00011000;
	37033 :	10100000;
	37032 :	00011000;
	37031 :	10100000;
	37030 :	00011000;
	37029 :	10100000;
	37028 :	00011000;
	37027 :	10100000;
	37026 :	00011000;
	37025 :	10100000;
	37024 :	00011000;
	37023 :	10100000;
	37022 :	00011000;
	37021 :	10100000;
	37020 :	00011000;
	37019 :	10100000;
	37018 :	00011000;
	37017 :	10100000;
	37016 :	00011000;
	37015 :	10100000;
	37014 :	00011000;
	37013 :	10100000;
	37012 :	00011000;
	37011 :	10100000;
	37010 :	00011000;
	37009 :	10100000;
	37008 :	00011000;
	37007 :	10100000;
	37006 :	00011000;
	37005 :	10100000;
	37004 :	00011000;
	37003 :	10100000;
	37002 :	00011000;
	37001 :	10100000;
	37000 :	00011000;
	36999 :	10100000;
	36998 :	00011000;
	36997 :	10100000;
	36996 :	00011000;
	36995 :	10100000;
	36994 :	00011000;
	36993 :	10100000;
	36992 :	00011000;
	36991 :	10100000;
	36990 :	00011000;
	36989 :	10100000;
	36988 :	00011000;
	36987 :	10100000;
	36986 :	00011000;
	36985 :	10100000;
	36984 :	00011000;
	36983 :	10100000;
	36982 :	00011000;
	36981 :	10100000;
	36980 :	00011000;
	36979 :	10100000;
	36978 :	00011000;
	36977 :	10100000;
	36976 :	00011000;
	36975 :	10100000;
	36974 :	00011000;
	36973 :	10100000;
	36972 :	00011000;
	36971 :	10100000;
	36970 :	00011000;
	36969 :	10100000;
	36968 :	00011000;
	36967 :	10100000;
	36966 :	00011000;
	36965 :	10100000;
	36964 :	00011000;
	36963 :	10100000;
	36962 :	00011000;
	36961 :	10100000;
	36960 :	00011000;
	36959 :	11000001;
	36958 :	00100000;
	36957 :	10100000;
	36956 :	00011000;
	36955 :	10100000;
	36954 :	00011000;
	36953 :	10100000;
	36952 :	00011000;
	36951 :	10100000;
	36950 :	00011000;
	36949 :	00101011;
	36948 :	01110011;
	36947 :	01101001;
	36946 :	01011010;
	36945 :	00100111;
	36944 :	01010010;
	36943 :	00100010;
	36942 :	00101001;
	36941 :	00100111;
	36940 :	01010010;
	36939 :	10000011;
	36938 :	01000001;
	36937 :	01000011;
	36936 :	01000001;
	36935 :	10100000;
	36934 :	00011000;
	36933 :	11000001;
	36932 :	00100000;
	36931 :	11000001;
	36930 :	00100000;
	36929 :	11000001;
	36928 :	00100000;
	36927 :	11000001;
	36926 :	00100000;
	36925 :	10100000;
	36924 :	00011000;
	36923 :	11000001;
	36922 :	01000000;
	36921 :	00000001;
	36920 :	01001001;
	36919 :	10100101;
	36918 :	01100001;
	36917 :	10100101;
	36916 :	01100001;
	36915 :	10100101;
	36914 :	01100001;
	36913 :	01000011;
	36912 :	01010001;
	36911 :	00000001;
	36910 :	01001001;
	36909 :	11000001;
	36908 :	01000000;
	36907 :	11000001;
	36906 :	01000000;
	36905 :	11000001;
	36904 :	00100000;
	36903 :	11000001;
	36902 :	01000000;
	36901 :	11100100;
	36900 :	00101000;
	36899 :	01000011;
	36898 :	01000001;
	36897 :	11101101;
	36896 :	10000010;
	36895 :	01110010;
	36894 :	10010100;
	36893 :	01110010;
	36892 :	10010100;
	36891 :	11010000;
	36890 :	10101011;
	36889 :	01110010;
	36888 :	10010100;
	36887 :	11010000;
	36886 :	10101011;
	36885 :	01110010;
	36884 :	10010100;
	36883 :	01110010;
	36882 :	10010100;
	36881 :	00010101;
	36880 :	10101101;
	36879 :	00110111;
	36878 :	10110101;
	36877 :	11010100;
	36876 :	10100100;
	36875 :	10110100;
	36874 :	10011100;
	36873 :	10110100;
	36872 :	10011100;
	36871 :	10110100;
	36870 :	10011100;
	36869 :	10110100;
	36868 :	10011100;
	36867 :	11010100;
	36866 :	10100100;
	36865 :	10110100;
	36864 :	10011100;
	36863 :	10110100;
	36862 :	10011100;
	36861 :	01110010;
	36860 :	10010100;
	36859 :	01110010;
	36858 :	10010100;
	36857 :	01110010;
	36856 :	10010100;
	36855 :	01110010;
	36854 :	10010100;
	36853 :	00010101;
	36852 :	10101101;
	36851 :	00010101;
	36850 :	10101101;
	36849 :	00010101;
	36848 :	10101101;
	36847 :	00010101;
	36846 :	10101101;
	36845 :	10110100;
	36844 :	10011100;
	36843 :	10110100;
	36842 :	10011100;
	36841 :	00010110;
	36840 :	10011101;
	36839 :	00110111;
	36838 :	10101101;
	36837 :	01110100;
	36836 :	10100100;
	36835 :	10110100;
	36834 :	10011100;
	36833 :	01110100;
	36832 :	10100100;
	36831 :	01110010;
	36830 :	10010100;
	36829 :	10110100;
	36828 :	10011100;
	36827 :	10110100;
	36826 :	10011100;
	36825 :	10010010;
	36824 :	10101100;
	36823 :	11010100;
	36822 :	10100100;
	36821 :	10110100;
	36820 :	10011100;
	36819 :	11110101;
	36818 :	10110100;
	36817 :	11010100;
	36816 :	10100100;
	36815 :	10110100;
	36814 :	10011100;
	36813 :	11010100;
	36812 :	10100100;
	36811 :	11010100;
	36810 :	10100100;
	36809 :	11010100;
	36808 :	10100100;
	36807 :	10110100;
	36806 :	10011100;
	36805 :	01110100;
	36804 :	10100100;
	36803 :	00101111;
	36802 :	10010100;
	36801 :	01100100;
	36800 :	00110001;
	36799 :	00000010;
	36798 :	00011001;
	36797 :	00000010;
	36796 :	00011001;
	36795 :	11100100;
	36794 :	00101000;
	36793 :	00000010;
	36792 :	00011001;
	36791 :	00000010;
	36790 :	00011001;
	36789 :	10100000;
	36788 :	00011000;
	36787 :	10100000;
	36786 :	00011000;
	36785 :	10100000;
	36784 :	00011000;
	36783 :	10100000;
	36782 :	00011000;
	36781 :	10100000;
	36780 :	00011000;
	36779 :	10100000;
	36778 :	00011000;
	36777 :	10100000;
	36776 :	00011000;
	36775 :	10100000;
	36774 :	00011000;
	36773 :	10100000;
	36772 :	00011000;
	36771 :	10100000;
	36770 :	00011000;
	36769 :	10100000;
	36768 :	00011000;
	36767 :	10100000;
	36766 :	00011000;
	36765 :	10100000;
	36764 :	00011000;
	36763 :	10100000;
	36762 :	00011000;
	36761 :	10100000;
	36760 :	00011000;
	36759 :	10100000;
	36758 :	00011000;
	36757 :	10100000;
	36756 :	00011000;
	36755 :	10100000;
	36754 :	00011000;
	36753 :	10100000;
	36752 :	00011000;
	36751 :	00000010;
	36750 :	00011001;
	36749 :	10100000;
	36748 :	00011000;
	36747 :	10100000;
	36746 :	00011000;
	36745 :	10100000;
	36744 :	00011000;
	36743 :	10100000;
	36742 :	00011000;
	36741 :	10100000;
	36740 :	00011000;
	36739 :	10100000;
	36738 :	00011000;
	36737 :	10100000;
	36736 :	00011000;
	36735 :	10100000;
	36734 :	00011000;
	36733 :	10100000;
	36732 :	00011000;
	36731 :	10100000;
	36730 :	00011000;
	36729 :	10100000;
	36728 :	00011000;
	36727 :	10100000;
	36726 :	00011000;
	36725 :	10100000;
	36724 :	00011000;
	36723 :	10100000;
	36722 :	00011000;
	36721 :	10100000;
	36720 :	00011000;
	36719 :	10100000;
	36718 :	00011000;
	36717 :	10100000;
	36716 :	00011000;
	36715 :	10100000;
	36714 :	00011000;
	36713 :	10100000;
	36712 :	00011000;
	36711 :	10100000;
	36710 :	00011000;
	36709 :	10100000;
	36708 :	00011000;
	36707 :	10100000;
	36706 :	00011000;
	36705 :	10100000;
	36704 :	00011000;
	36703 :	10100000;
	36702 :	00011000;
	36701 :	10101001;
	36700 :	01101010;
	36699 :	00101011;
	36698 :	01110011;
	36697 :	10101001;
	36696 :	01101010;
	36695 :	00101011;
	36694 :	01110011;
	36693 :	00101011;
	36692 :	01110011;
	36691 :	00100111;
	36690 :	01010010;
	36689 :	00100111;
	36688 :	01010010;
	36687 :	00100111;
	36686 :	01010010;
	36685 :	00000010;
	36684 :	00011001;
	36683 :	10100000;
	36682 :	00011000;
	36681 :	11000001;
	36680 :	00100000;
	36679 :	11000001;
	36678 :	00100000;
	36677 :	11000001;
	36676 :	00100000;
	36675 :	10100000;
	36674 :	00011000;
	36673 :	11000001;
	36672 :	00100000;
	36671 :	11000001;
	36670 :	00100000;
	36669 :	11100110;
	36668 :	01110001;
	36667 :	01000110;
	36666 :	10001010;
	36665 :	01000110;
	36664 :	10001010;
	36663 :	10000111;
	36662 :	10001010;
	36661 :	10101000;
	36660 :	10010010;
	36659 :	10101000;
	36658 :	10010010;
	36657 :	10000111;
	36656 :	10001010;
	36655 :	00100110;
	36654 :	01111010;
	36653 :	00100110;
	36652 :	01111010;
	36651 :	00000001;
	36650 :	01001001;
	36649 :	11000001;
	36648 :	00100000;
	36647 :	11000001;
	36646 :	01000000;
	36645 :	11000001;
	36644 :	01000000;
	36643 :	10000101;
	36642 :	01001001;
	36641 :	11001000;
	36640 :	01101001;
	36639 :	11101101;
	36638 :	10000010;
	36637 :	11010000;
	36636 :	10101011;
	36635 :	01110100;
	36634 :	10100100;
	36633 :	01110100;
	36632 :	10100100;
	36631 :	01110010;
	36630 :	10010100;
	36629 :	10010010;
	36628 :	10101100;
	36627 :	01110010;
	36626 :	10010100;
	36625 :	01110100;
	36624 :	10100100;
	36623 :	01110100;
	36622 :	10100100;
	36621 :	10110100;
	36620 :	10011100;
	36619 :	10110100;
	36618 :	10011100;
	36617 :	10110100;
	36616 :	10011100;
	36615 :	11110110;
	36614 :	10100100;
	36613 :	10110100;
	36612 :	10011100;
	36611 :	01110100;
	36610 :	10100100;
	36609 :	11010100;
	36608 :	10100100;
	36607 :	11010000;
	36606 :	10001011;
	36605 :	10110100;
	36604 :	10011100;
	36603 :	11010000;
	36602 :	10001011;
	36601 :	01110010;
	36600 :	10010100;
	36599 :	01110010;
	36598 :	10010100;
	36597 :	00110111;
	36596 :	10110101;
	36595 :	00010101;
	36594 :	10101101;
	36593 :	00010101;
	36592 :	10101101;
	36591 :	00010101;
	36590 :	10101101;
	36589 :	00010101;
	36588 :	10101101;
	36587 :	00010101;
	36586 :	10101101;
	36585 :	00010101;
	36584 :	10101101;
	36583 :	00010101;
	36582 :	10101101;
	36581 :	00010101;
	36580 :	10101101;
	36579 :	10110100;
	36578 :	10011100;
	36577 :	01110100;
	36576 :	10100100;
	36575 :	01110010;
	36574 :	10010100;
	36573 :	10010010;
	36572 :	10101100;
	36571 :	10110100;
	36570 :	10011100;
	36569 :	10110100;
	36568 :	10011100;
	36567 :	10110100;
	36566 :	10011100;
	36565 :	10110100;
	36564 :	10011100;
	36563 :	11010100;
	36562 :	10100100;
	36561 :	10110100;
	36560 :	10011100;
	36559 :	11110101;
	36558 :	10110100;
	36557 :	10110100;
	36556 :	10011100;
	36555 :	01110100;
	36554 :	10100100;
	36553 :	11010100;
	36552 :	10100100;
	36551 :	10010010;
	36550 :	10101100;
	36549 :	10110100;
	36548 :	10011100;
	36547 :	00101111;
	36546 :	10010100;
	36545 :	11100100;
	36544 :	00101000;
	36543 :	00000010;
	36542 :	00011001;
	36541 :	00000010;
	36540 :	00011001;
	36539 :	10100000;
	36538 :	00011000;
	36537 :	10100000;
	36536 :	00011000;
	36535 :	10100000;
	36534 :	00011000;
	36533 :	10100000;
	36532 :	00011000;
	36531 :	10100000;
	36530 :	00011000;
	36529 :	10100000;
	36528 :	00011000;
	36527 :	10100000;
	36526 :	00011000;
	36525 :	10100000;
	36524 :	00011000;
	36523 :	10100000;
	36522 :	00011000;
	36521 :	10100000;
	36520 :	00011000;
	36519 :	10100000;
	36518 :	00011000;
	36517 :	10100000;
	36516 :	00011000;
	36515 :	10100000;
	36514 :	00011000;
	36513 :	10100000;
	36512 :	00011000;
	36511 :	10100000;
	36510 :	00011000;
	36509 :	10100000;
	36508 :	00011000;
	36507 :	10100000;
	36506 :	00011000;
	36505 :	10100000;
	36504 :	00011000;
	36503 :	10100000;
	36502 :	00011000;
	36501 :	10100000;
	36500 :	00011000;
	36499 :	11000001;
	36498 :	00100000;
	36497 :	10100000;
	36496 :	00011000;
	36495 :	10100000;
	36494 :	00011000;
	36493 :	10100000;
	36492 :	00011000;
	36491 :	10100000;
	36490 :	00011000;
	36489 :	00000010;
	36488 :	00011001;
	36487 :	10100000;
	36486 :	00011000;
	36485 :	10100000;
	36484 :	00011000;
	36483 :	10100000;
	36482 :	00011000;
	36481 :	10100000;
	36480 :	00011000;
	36479 :	10100000;
	36478 :	00011000;
	36477 :	10100000;
	36476 :	00011000;
	36475 :	10100000;
	36474 :	00011000;
	36473 :	10100000;
	36472 :	00011000;
	36471 :	10100000;
	36470 :	00011000;
	36469 :	10100000;
	36468 :	00011000;
	36467 :	10100000;
	36466 :	00011000;
	36465 :	10100000;
	36464 :	00011000;
	36463 :	10100000;
	36462 :	00011000;
	36461 :	10100000;
	36460 :	00011000;
	36459 :	10100000;
	36458 :	00011000;
	36457 :	10100000;
	36456 :	00011000;
	36455 :	10100000;
	36454 :	00011000;
	36453 :	11000001;
	36452 :	00100000;
	36451 :	10100000;
	36450 :	00011000;
	36449 :	10100000;
	36448 :	00011000;
	36447 :	10100000;
	36446 :	00011000;
	36445 :	10100000;
	36444 :	00011000;
	36443 :	00100010;
	36442 :	00101001;
	36441 :	00100111;
	36440 :	01010010;
	36439 :	00100111;
	36438 :	01010010;
	36437 :	00101011;
	36436 :	01110011;
	36435 :	00100111;
	36434 :	01010010;
	36433 :	00101011;
	36432 :	01110011;
	36431 :	00101011;
	36430 :	01110011;
	36429 :	00101011;
	36428 :	01110011;
	36427 :	00100111;
	36426 :	01010010;
	36425 :	00100010;
	36424 :	00101001;
	36423 :	11000001;
	36422 :	00100000;
	36421 :	10100000;
	36420 :	00011000;
	36419 :	11000001;
	36418 :	01000000;
	36417 :	11000001;
	36416 :	01000000;
	36415 :	11100101;
	36414 :	10000001;
	36413 :	10101000;
	36412 :	10010010;
	36411 :	10101000;
	36410 :	10010010;
	36409 :	10101000;
	36408 :	10010010;
	36407 :	11001001;
	36406 :	10100010;
	36405 :	10000111;
	36404 :	10001010;
	36403 :	10000111;
	36402 :	10001010;
	36401 :	10101000;
	36400 :	10010010;
	36399 :	10000111;
	36398 :	10001010;
	36397 :	01000110;
	36396 :	10001010;
	36395 :	10000101;
	36394 :	01001001;
	36393 :	11000001;
	36392 :	01000000;
	36391 :	11000001;
	36390 :	00100000;
	36389 :	11000001;
	36388 :	01000000;
	36387 :	10000101;
	36386 :	01001001;
	36385 :	11101101;
	36384 :	10000010;
	36383 :	11010000;
	36382 :	10001011;
	36381 :	01100110;
	36380 :	01101001;
	36379 :	11101101;
	36378 :	10000010;
	36377 :	11110101;
	36376 :	10110100;
	36375 :	01110100;
	36374 :	10100100;
	36373 :	10010010;
	36372 :	10101100;
	36371 :	01110010;
	36370 :	10010100;
	36369 :	01110100;
	36368 :	10100100;
	36367 :	10110100;
	36366 :	10011100;
	36365 :	10110100;
	36364 :	10011100;
	36363 :	10110100;
	36362 :	10011100;
	36361 :	10110100;
	36360 :	10011100;
	36359 :	11010100;
	36358 :	10100100;
	36357 :	11010100;
	36356 :	10100100;
	36355 :	10110100;
	36354 :	10011100;
	36353 :	11010100;
	36352 :	10100100;
	36351 :	11010000;
	36350 :	10001011;
	36349 :	01110010;
	36348 :	10010100;
	36347 :	01110010;
	36346 :	10010100;
	36345 :	01110010;
	36344 :	10010100;
	36343 :	10110100;
	36342 :	10011100;
	36341 :	10110100;
	36340 :	10011100;
	36339 :	00010101;
	36338 :	10101101;
	36337 :	11010100;
	36336 :	10100100;
	36335 :	00010101;
	36334 :	10101101;
	36333 :	11010100;
	36332 :	10100100;
	36331 :	00110111;
	36330 :	10101101;
	36329 :	00010101;
	36328 :	10101101;
	36327 :	10110100;
	36326 :	10011100;
	36325 :	00010101;
	36324 :	10101101;
	36323 :	01110100;
	36322 :	10100100;
	36321 :	01110010;
	36320 :	10010100;
	36319 :	01110100;
	36318 :	10100100;
	36317 :	10010010;
	36316 :	10101100;
	36315 :	10110100;
	36314 :	10011100;
	36313 :	10110100;
	36312 :	10011100;
	36311 :	10110100;
	36310 :	10011100;
	36309 :	11110101;
	36308 :	10110100;
	36307 :	01110100;
	36306 :	10100100;
	36305 :	11110101;
	36304 :	10110100;
	36303 :	01110100;
	36302 :	10100100;
	36301 :	11110101;
	36300 :	10110100;
	36299 :	01110100;
	36298 :	10100100;
	36297 :	01110100;
	36296 :	10100100;
	36295 :	01110100;
	36294 :	10100100;
	36293 :	01110100;
	36292 :	10100100;
	36291 :	00101111;
	36290 :	10010100;
	36289 :	10000101;
	36288 :	01001001;
	36287 :	10100000;
	36286 :	00011000;
	36285 :	10100000;
	36284 :	00011000;
	36283 :	10100000;
	36282 :	00011000;
	36281 :	10100000;
	36280 :	00011000;
	36279 :	10100000;
	36278 :	00011000;
	36277 :	10100000;
	36276 :	00011000;
	36275 :	10100000;
	36274 :	00011000;
	36273 :	10100000;
	36272 :	00011000;
	36271 :	10100000;
	36270 :	00011000;
	36269 :	10100000;
	36268 :	00011000;
	36267 :	10100000;
	36266 :	00011000;
	36265 :	10100000;
	36264 :	00011000;
	36263 :	10100000;
	36262 :	00011000;
	36261 :	10100000;
	36260 :	00011000;
	36259 :	10100000;
	36258 :	00011000;
	36257 :	10100000;
	36256 :	00011000;
	36255 :	10100000;
	36254 :	00011000;
	36253 :	10100000;
	36252 :	00011000;
	36251 :	10100000;
	36250 :	00011000;
	36249 :	10100000;
	36248 :	00011000;
	36247 :	10100000;
	36246 :	00011000;
	36245 :	10100000;
	36244 :	00011000;
	36243 :	10100000;
	36242 :	00011000;
	36241 :	10100000;
	36240 :	00011000;
	36239 :	10100000;
	36238 :	00011000;
	36237 :	10100000;
	36236 :	00011000;
	36235 :	10100000;
	36234 :	00011000;
	36233 :	10100000;
	36232 :	00011000;
	36231 :	10100000;
	36230 :	00011000;
	36229 :	10100000;
	36228 :	00011000;
	36227 :	10100000;
	36226 :	00011000;
	36225 :	10100000;
	36224 :	00011000;
	36223 :	10100000;
	36222 :	00011000;
	36221 :	10100000;
	36220 :	00011000;
	36219 :	10100000;
	36218 :	00011000;
	36217 :	10100000;
	36216 :	00011000;
	36215 :	10100000;
	36214 :	00011000;
	36213 :	10100000;
	36212 :	00011000;
	36211 :	10100000;
	36210 :	00011000;
	36209 :	10100000;
	36208 :	00011000;
	36207 :	10100000;
	36206 :	00011000;
	36205 :	10100000;
	36204 :	00011000;
	36203 :	10100000;
	36202 :	00011000;
	36201 :	00000010;
	36200 :	00011001;
	36199 :	10100000;
	36198 :	00011000;
	36197 :	10100000;
	36196 :	00011000;
	36195 :	11000001;
	36194 :	00100000;
	36193 :	10100000;
	36192 :	00011000;
	36191 :	10100000;
	36190 :	00011000;
	36189 :	11000001;
	36188 :	00100000;
	36187 :	00000010;
	36186 :	00011001;
	36185 :	11000001;
	36184 :	00100000;
	36183 :	10100000;
	36182 :	00011000;
	36181 :	01101001;
	36180 :	01011010;
	36179 :	00100111;
	36178 :	01010010;
	36177 :	00100111;
	36176 :	01010010;
	36175 :	00100111;
	36174 :	01010010;
	36173 :	00101011;
	36172 :	01110011;
	36171 :	10101001;
	36170 :	01101010;
	36169 :	10000011;
	36168 :	01000001;
	36167 :	10100000;
	36166 :	00011000;
	36165 :	11000001;
	36164 :	00100000;
	36163 :	11000001;
	36162 :	00100000;
	36161 :	01000011;
	36160 :	01010001;
	36159 :	10000111;
	36158 :	10001010;
	36157 :	10101000;
	36156 :	10010010;
	36155 :	01000110;
	36154 :	10001010;
	36153 :	11000100;
	36152 :	01110001;
	36151 :	01000010;
	36150 :	01100001;
	36149 :	01100100;
	36148 :	01110001;
	36147 :	01100100;
	36146 :	01110001;
	36145 :	11000011;
	36144 :	01110001;
	36143 :	00000011;
	36142 :	01111010;
	36141 :	00100110;
	36140 :	01111010;
	36139 :	10100101;
	36138 :	01100001;
	36137 :	11000001;
	36136 :	01000000;
	36135 :	11000001;
	36134 :	00100000;
	36133 :	11000001;
	36132 :	01000000;
	36131 :	10000101;
	36130 :	01001001;
	36129 :	10000101;
	36128 :	01001001;
	36127 :	10000101;
	36126 :	01001001;
	36125 :	10000101;
	36124 :	01001001;
	36123 :	10000101;
	36122 :	01001001;
	36121 :	11100100;
	36120 :	00101000;
	36119 :	11010000;
	36118 :	10001011;
	36117 :	10010010;
	36116 :	10101100;
	36115 :	10110100;
	36114 :	10011100;
	36113 :	10010010;
	36112 :	10101100;
	36111 :	10110100;
	36110 :	10011100;
	36109 :	11010100;
	36108 :	10100100;
	36107 :	10110100;
	36106 :	10011100;
	36105 :	10110100;
	36104 :	10011100;
	36103 :	11010100;
	36102 :	10100100;
	36101 :	11010100;
	36100 :	10100100;
	36099 :	11010100;
	36098 :	10100100;
	36097 :	10110100;
	36096 :	10011100;
	36095 :	01110010;
	36094 :	10010100;
	36093 :	01110010;
	36092 :	10010100;
	36091 :	01110010;
	36090 :	10010100;
	36089 :	01110010;
	36088 :	10010100;
	36087 :	00010101;
	36086 :	10101101;
	36085 :	00110111;
	36084 :	10101101;
	36083 :	00110111;
	36082 :	10101101;
	36081 :	00010101;
	36080 :	10101101;
	36079 :	00110111;
	36078 :	10101101;
	36077 :	00010101;
	36076 :	10101101;
	36075 :	00110111;
	36074 :	10101101;
	36073 :	11110110;
	36072 :	10100100;
	36071 :	00010101;
	36070 :	10101101;
	36069 :	11010100;
	36068 :	10100100;
	36067 :	00010101;
	36066 :	10101101;
	36065 :	01110100;
	36064 :	10100100;
	36063 :	01110010;
	36062 :	10010100;
	36061 :	10110100;
	36060 :	10011100;
	36059 :	01110100;
	36058 :	10100100;
	36057 :	10110100;
	36056 :	10011100;
	36055 :	01110100;
	36054 :	10100100;
	36053 :	01110100;
	36052 :	10100100;
	36051 :	11010100;
	36050 :	10100100;
	36049 :	11010100;
	36048 :	10100100;
	36047 :	11010100;
	36046 :	10100100;
	36045 :	11110101;
	36044 :	10110100;
	36043 :	11010100;
	36042 :	10100100;
	36041 :	11010100;
	36040 :	10100100;
	36039 :	10010010;
	36038 :	10101100;
	36037 :	10010010;
	36036 :	10101100;
	36035 :	10010010;
	36034 :	10101100;
	36033 :	00100111;
	36032 :	01010010;
	36031 :	10100000;
	36030 :	00011000;
	36029 :	10100000;
	36028 :	00011000;
	36027 :	10100000;
	36026 :	00011000;
	36025 :	10100000;
	36024 :	00011000;
	36023 :	10100000;
	36022 :	00011000;
	36021 :	10100000;
	36020 :	00011000;
	36019 :	10100000;
	36018 :	00011000;
	36017 :	10100000;
	36016 :	00011000;
	36015 :	10100000;
	36014 :	00011000;
	36013 :	10100000;
	36012 :	00011000;
	36011 :	10100000;
	36010 :	00011000;
	36009 :	10100000;
	36008 :	00011000;
	36007 :	10100000;
	36006 :	00011000;
	36005 :	10100000;
	36004 :	00011000;
	36003 :	10100000;
	36002 :	00011000;
	36001 :	10100000;
	36000 :	00011000;
	35999 :	10100000;
	35998 :	00011000;
	35997 :	10100000;
	35996 :	00011000;
	35995 :	11000001;
	35994 :	00100000;
	35993 :	11000001;
	35992 :	00100000;
	35991 :	10100000;
	35990 :	00011000;
	35989 :	00100010;
	35988 :	00101001;
	35987 :	00100010;
	35986 :	00101001;
	35985 :	00100010;
	35984 :	00101001;
	35983 :	10100000;
	35982 :	00011000;
	35981 :	10100000;
	35980 :	00011000;
	35979 :	10100000;
	35978 :	00011000;
	35977 :	10100000;
	35976 :	00011000;
	35975 :	10100000;
	35974 :	00011000;
	35973 :	10100000;
	35972 :	00011000;
	35971 :	10100000;
	35970 :	00011000;
	35969 :	10100000;
	35968 :	00011000;
	35967 :	10100000;
	35966 :	00011000;
	35965 :	10100000;
	35964 :	00011000;
	35963 :	10100000;
	35962 :	00011000;
	35961 :	10100000;
	35960 :	00011000;
	35959 :	10100000;
	35958 :	00011000;
	35957 :	10100000;
	35956 :	00011000;
	35955 :	10100000;
	35954 :	00011000;
	35953 :	10100000;
	35952 :	00011000;
	35951 :	00000010;
	35950 :	00011001;
	35949 :	00000010;
	35948 :	00011001;
	35947 :	10100000;
	35946 :	00011000;
	35945 :	10100000;
	35944 :	00011000;
	35943 :	10100000;
	35942 :	00011000;
	35941 :	11000001;
	35940 :	00100000;
	35939 :	10100000;
	35938 :	00011000;
	35937 :	10100000;
	35936 :	00011000;
	35935 :	10000101;
	35934 :	01001001;
	35933 :	10101001;
	35932 :	01101010;
	35931 :	00101011;
	35930 :	01110011;
	35929 :	00101011;
	35928 :	01110011;
	35927 :	01101100;
	35926 :	01111011;
	35925 :	00101011;
	35924 :	01110011;
	35923 :	00100111;
	35922 :	01010010;
	35921 :	01101001;
	35920 :	01011010;
	35919 :	10100000;
	35918 :	00011000;
	35917 :	10100000;
	35916 :	00011000;
	35915 :	00100010;
	35914 :	00101001;
	35913 :	01000011;
	35912 :	01000001;
	35911 :	11000001;
	35910 :	00100000;
	35909 :	11000001;
	35908 :	00100000;
	35907 :	11000001;
	35906 :	01000000;
	35905 :	01100101;
	35904 :	01100001;
	35903 :	11100101;
	35902 :	10000001;
	35901 :	01100100;
	35900 :	01110001;
	35899 :	01100100;
	35898 :	01110001;
	35897 :	11100101;
	35896 :	10000001;
	35895 :	11100101;
	35894 :	10000001;
	35893 :	01000110;
	35892 :	10001010;
	35891 :	01000110;
	35890 :	10001010;
	35889 :	11100101;
	35888 :	10000001;
	35887 :	00100110;
	35886 :	01111010;
	35885 :	01000110;
	35884 :	10001010;
	35883 :	11100110;
	35882 :	01110001;
	35881 :	10100101;
	35880 :	01100001;
	35879 :	11000001;
	35878 :	01000000;
	35877 :	11100100;
	35876 :	00101000;
	35875 :	10000101;
	35874 :	01001001;
	35873 :	01000011;
	35872 :	01000001;
	35871 :	11100100;
	35870 :	00101000;
	35869 :	10000101;
	35868 :	01001001;
	35867 :	10000101;
	35866 :	01001001;
	35865 :	10000101;
	35864 :	01001001;
	35863 :	10000101;
	35862 :	01001001;
	35861 :	11010000;
	35860 :	10001011;
	35859 :	01110100;
	35858 :	10100100;
	35857 :	01110100;
	35856 :	10100100;
	35855 :	10110100;
	35854 :	10011100;
	35853 :	10110100;
	35852 :	10011100;
	35851 :	11010100;
	35850 :	10100100;
	35849 :	01110100;
	35848 :	10100100;
	35847 :	10110100;
	35846 :	10011100;
	35845 :	11010100;
	35844 :	10100100;
	35843 :	11010100;
	35842 :	10100100;
	35841 :	00010101;
	35840 :	10101101;
	35839 :	11010000;
	35838 :	10001011;
	35837 :	01110010;
	35836 :	10010100;
	35835 :	01110010;
	35834 :	10010100;
	35833 :	01110010;
	35832 :	10010100;
	35831 :	01110010;
	35830 :	10010100;
	35829 :	00110111;
	35828 :	10101101;
	35827 :	01111000;
	35826 :	10110101;
	35825 :	00110101;
	35824 :	10110101;
	35823 :	00110111;
	35822 :	10101101;
	35821 :	00010101;
	35820 :	10101101;
	35819 :	00010101;
	35818 :	10101101;
	35817 :	00010101;
	35816 :	10101101;
	35815 :	11010100;
	35814 :	10100100;
	35813 :	11110110;
	35812 :	10110100;
	35811 :	01110100;
	35810 :	10100100;
	35809 :	10010010;
	35808 :	10101100;
	35807 :	01110010;
	35806 :	10010100;
	35805 :	10010010;
	35804 :	10101100;
	35803 :	01110100;
	35802 :	10100100;
	35801 :	01110100;
	35800 :	10100100;
	35799 :	01110100;
	35798 :	10100100;
	35797 :	11010100;
	35796 :	10100100;
	35795 :	11010100;
	35794 :	10100100;
	35793 :	11010100;
	35792 :	10100100;
	35791 :	01110100;
	35790 :	10100100;
	35789 :	00010011;
	35788 :	10110101;
	35787 :	10110100;
	35786 :	10011100;
	35785 :	11110101;
	35784 :	10110100;
	35783 :	10010010;
	35782 :	10101100;
	35781 :	11010100;
	35780 :	10100100;
	35779 :	01110100;
	35778 :	10100100;
	35777 :	00100110;
	35776 :	01101010;
	35775 :	10100000;
	35774 :	00011000;
	35773 :	10100000;
	35772 :	00011000;
	35771 :	10100000;
	35770 :	00011000;
	35769 :	10100000;
	35768 :	00011000;
	35767 :	10100000;
	35766 :	00011000;
	35765 :	10100000;
	35764 :	00011000;
	35763 :	10100000;
	35762 :	00011000;
	35761 :	10100000;
	35760 :	00011000;
	35759 :	10100000;
	35758 :	00011000;
	35757 :	10100000;
	35756 :	00011000;
	35755 :	10100000;
	35754 :	00011000;
	35753 :	10100000;
	35752 :	00011000;
	35751 :	10100000;
	35750 :	00011000;
	35749 :	10100000;
	35748 :	00011000;
	35747 :	10100000;
	35746 :	00011000;
	35745 :	10100000;
	35744 :	00011000;
	35743 :	10100000;
	35742 :	00011000;
	35741 :	10100000;
	35740 :	00011000;
	35739 :	10100000;
	35738 :	00011000;
	35737 :	11000001;
	35736 :	00100000;
	35735 :	10000011;
	35734 :	01000001;
	35733 :	00000101;
	35732 :	01101010;
	35731 :	10000011;
	35730 :	01000001;
	35729 :	00100111;
	35728 :	01010010;
	35727 :	00100010;
	35726 :	00101001;
	35725 :	10100000;
	35724 :	00011000;
	35723 :	10100000;
	35722 :	00011000;
	35721 :	10100000;
	35720 :	00011000;
	35719 :	10100000;
	35718 :	00011000;
	35717 :	10100000;
	35716 :	00011000;
	35715 :	10100000;
	35714 :	00011000;
	35713 :	10100000;
	35712 :	00011000;
	35711 :	10100000;
	35710 :	00011000;
	35709 :	00000010;
	35708 :	00011001;
	35707 :	10100000;
	35706 :	00011000;
	35705 :	10100000;
	35704 :	00011000;
	35703 :	10100000;
	35702 :	00011000;
	35701 :	10100000;
	35700 :	00011000;
	35699 :	10100000;
	35698 :	00011000;
	35697 :	10100000;
	35696 :	00011000;
	35695 :	10100000;
	35694 :	00011000;
	35693 :	10100000;
	35692 :	00011000;
	35691 :	10100000;
	35690 :	00011000;
	35689 :	00000010;
	35688 :	00011001;
	35687 :	10100000;
	35686 :	00011000;
	35685 :	11000001;
	35684 :	00100000;
	35683 :	10100000;
	35682 :	00011000;
	35681 :	11000001;
	35680 :	00100000;
	35679 :	00100010;
	35678 :	00101001;
	35677 :	00101011;
	35676 :	01110011;
	35675 :	00101011;
	35674 :	01110011;
	35673 :	01101100;
	35672 :	01111011;
	35671 :	01101100;
	35670 :	01111011;
	35669 :	00101011;
	35668 :	01110011;
	35667 :	00100111;
	35666 :	01010010;
	35665 :	10101001;
	35664 :	01101010;
	35663 :	00100111;
	35662 :	01010010;
	35661 :	10000011;
	35660 :	01000001;
	35659 :	10100000;
	35658 :	00011000;
	35657 :	11000001;
	35656 :	00100000;
	35655 :	11000001;
	35654 :	00100000;
	35653 :	11000001;
	35652 :	00100000;
	35651 :	11000001;
	35650 :	01000000;
	35649 :	11000001;
	35648 :	01101000;
	35647 :	11100110;
	35646 :	01110001;
	35645 :	01000111;
	35644 :	10010010;
	35643 :	01000111;
	35642 :	10010010;
	35641 :	01000111;
	35640 :	10010010;
	35639 :	10101000;
	35638 :	10010010;
	35637 :	01000111;
	35636 :	10010010;
	35635 :	10101000;
	35634 :	10010010;
	35633 :	10101000;
	35632 :	10010010;
	35631 :	01000111;
	35630 :	10010010;
	35629 :	10101000;
	35628 :	10010010;
	35627 :	10000111;
	35626 :	01111010;
	35625 :	01000110;
	35624 :	10001010;
	35623 :	10100101;
	35622 :	01100001;
	35621 :	01000011;
	35620 :	01000001;
	35619 :	10000101;
	35618 :	01001001;
	35617 :	11100100;
	35616 :	00101000;
	35615 :	10000101;
	35614 :	01001001;
	35613 :	10000101;
	35612 :	01001001;
	35611 :	10000101;
	35610 :	01001001;
	35609 :	10000101;
	35608 :	01001001;
	35607 :	11001000;
	35606 :	01001001;
	35605 :	11101101;
	35604 :	10000010;
	35603 :	01110100;
	35602 :	10100100;
	35601 :	01110100;
	35600 :	10100100;
	35599 :	01110100;
	35598 :	10100100;
	35597 :	01110100;
	35596 :	10100100;
	35595 :	11010100;
	35594 :	10100100;
	35593 :	10110100;
	35592 :	10011100;
	35591 :	00010101;
	35590 :	10101101;
	35589 :	00010101;
	35588 :	10101101;
	35587 :	10110100;
	35586 :	10011100;
	35585 :	11010100;
	35584 :	10100100;
	35583 :	01110010;
	35582 :	10010100;
	35581 :	01110010;
	35580 :	10010100;
	35579 :	11010100;
	35578 :	10100100;
	35577 :	00010101;
	35576 :	10101101;
	35575 :	00011001;
	35574 :	11001110;
	35573 :	10010111;
	35572 :	10111101;
	35571 :	01111000;
	35570 :	10110101;
	35569 :	00110111;
	35568 :	10101101;
	35567 :	00010101;
	35566 :	10101101;
	35565 :	11010100;
	35564 :	10100100;
	35563 :	11010100;
	35562 :	10100100;
	35561 :	10110100;
	35560 :	10011100;
	35559 :	11110110;
	35558 :	10110100;
	35557 :	00110111;
	35556 :	10101101;
	35555 :	00110111;
	35554 :	10101101;
	35553 :	11110110;
	35552 :	10110100;
	35551 :	01110010;
	35550 :	10010100;
	35549 :	01110010;
	35548 :	10010100;
	35547 :	10010010;
	35546 :	10101100;
	35545 :	01110100;
	35544 :	10100100;
	35543 :	00010011;
	35542 :	10110101;
	35541 :	01110100;
	35540 :	10100100;
	35539 :	11010100;
	35538 :	10100100;
	35537 :	11110101;
	35536 :	10110100;
	35535 :	11110101;
	35534 :	10110100;
	35533 :	11010100;
	35532 :	10100100;
	35531 :	11110101;
	35530 :	10110100;
	35529 :	10010010;
	35528 :	10101100;
	35527 :	01110100;
	35526 :	10100100;
	35525 :	10010010;
	35524 :	10101100;
	35523 :	01110100;
	35522 :	10100100;
	35521 :	10101101;
	35520 :	10001011;
	35519 :	10100000;
	35518 :	00011000;
	35517 :	10100000;
	35516 :	00011000;
	35515 :	10100000;
	35514 :	00011000;
	35513 :	10100000;
	35512 :	00011000;
	35511 :	10100000;
	35510 :	00011000;
	35509 :	10100000;
	35508 :	00011000;
	35507 :	10100000;
	35506 :	00011000;
	35505 :	10100000;
	35504 :	00011000;
	35503 :	10100000;
	35502 :	00011000;
	35501 :	10100000;
	35500 :	00011000;
	35499 :	10100000;
	35498 :	00011000;
	35497 :	10100000;
	35496 :	00011000;
	35495 :	10100000;
	35494 :	00011000;
	35493 :	10100000;
	35492 :	00011000;
	35491 :	10100000;
	35490 :	00011000;
	35489 :	10100000;
	35488 :	00011000;
	35487 :	10100000;
	35486 :	00011000;
	35485 :	10100000;
	35484 :	00011000;
	35483 :	10100000;
	35482 :	00011000;
	35481 :	11000001;
	35480 :	00100000;
	35479 :	10000011;
	35478 :	01000001;
	35477 :	10000101;
	35476 :	01001001;
	35475 :	00000101;
	35474 :	01101010;
	35473 :	10000011;
	35472 :	01000001;
	35471 :	00100111;
	35470 :	01010010;
	35469 :	10100000;
	35468 :	00011000;
	35467 :	10100000;
	35466 :	00011000;
	35465 :	10100000;
	35464 :	00011000;
	35463 :	10100000;
	35462 :	00011000;
	35461 :	10100000;
	35460 :	00011000;
	35459 :	10100000;
	35458 :	00011000;
	35457 :	10100000;
	35456 :	00011000;
	35455 :	10100000;
	35454 :	00011000;
	35453 :	10100000;
	35452 :	00011000;
	35451 :	10100000;
	35450 :	00011000;
	35449 :	10100000;
	35448 :	00011000;
	35447 :	10100000;
	35446 :	00011000;
	35445 :	10100000;
	35444 :	00011000;
	35443 :	10100000;
	35442 :	00011000;
	35441 :	10100000;
	35440 :	00011000;
	35439 :	10100000;
	35438 :	00011000;
	35437 :	00000010;
	35436 :	00011001;
	35435 :	10100000;
	35434 :	00011000;
	35433 :	10100000;
	35432 :	00011000;
	35431 :	00000010;
	35430 :	00011001;
	35429 :	10100000;
	35428 :	00011000;
	35427 :	11000001;
	35426 :	00100000;
	35425 :	10100000;
	35424 :	00011000;
	35423 :	10100000;
	35422 :	00011000;
	35421 :	10100000;
	35420 :	00011000;
	35419 :	10100000;
	35418 :	00011000;
	35417 :	10100000;
	35416 :	00011000;
	35415 :	00000010;
	35414 :	00011001;
	35413 :	10101001;
	35412 :	01101010;
	35411 :	00100111;
	35410 :	01010010;
	35409 :	10101001;
	35408 :	01101010;
	35407 :	00101011;
	35406 :	01110011;
	35405 :	01101100;
	35404 :	01111011;
	35403 :	00101011;
	35402 :	01110011;
	35401 :	11000001;
	35400 :	00100000;
	35399 :	11000001;
	35398 :	00100000;
	35397 :	11000001;
	35396 :	00100000;
	35395 :	11000001;
	35394 :	01000000;
	35393 :	01100100;
	35392 :	01110001;
	35391 :	01000111;
	35390 :	10010010;
	35389 :	10101000;
	35388 :	10010010;
	35387 :	10101000;
	35386 :	10010010;
	35385 :	01000111;
	35384 :	10010010;
	35383 :	10101000;
	35382 :	10010010;
	35381 :	01000110;
	35380 :	10001010;
	35379 :	01000111;
	35378 :	10010010;
	35377 :	10101000;
	35376 :	10010010;
	35375 :	01000111;
	35374 :	10010010;
	35373 :	10000111;
	35372 :	10001010;
	35371 :	10101000;
	35370 :	10010010;
	35369 :	10001011;
	35368 :	10101011;
	35367 :	00100111;
	35366 :	01010010;
	35365 :	01000011;
	35364 :	01010001;
	35363 :	10000101;
	35362 :	01001001;
	35361 :	01000011;
	35360 :	01000001;
	35359 :	01000011;
	35358 :	01000001;
	35357 :	11100100;
	35356 :	00101000;
	35355 :	10000101;
	35354 :	01001001;
	35353 :	11100100;
	35352 :	00101000;
	35351 :	11001000;
	35350 :	01101001;
	35349 :	11001000;
	35348 :	01101001;
	35347 :	11010000;
	35346 :	10101011;
	35345 :	01110100;
	35344 :	10100100;
	35343 :	01110100;
	35342 :	10100100;
	35341 :	11010100;
	35340 :	10100100;
	35339 :	10110100;
	35338 :	10011100;
	35337 :	11010100;
	35336 :	10100100;
	35335 :	01110100;
	35334 :	10100100;
	35333 :	10110100;
	35332 :	10011100;
	35331 :	11010100;
	35330 :	10100100;
	35329 :	11010100;
	35328 :	10100100;
	35327 :	00010101;
	35326 :	10101101;
	35325 :	10010111;
	35324 :	10111101;
	35323 :	00110111;
	35322 :	10101101;
	35321 :	00010101;
	35320 :	10101101;
	35319 :	01111000;
	35318 :	10110101;
	35317 :	10010111;
	35316 :	10111101;
	35315 :	10010111;
	35314 :	10111101;
	35313 :	00110111;
	35312 :	10101101;
	35311 :	01111000;
	35310 :	10110101;
	35309 :	00110111;
	35308 :	10110101;
	35307 :	00010101;
	35306 :	10101101;
	35305 :	00110111;
	35304 :	10110101;
	35303 :	00110111;
	35302 :	10110101;
	35301 :	00110111;
	35300 :	10110101;
	35299 :	00010101;
	35298 :	10101101;
	35297 :	00110101;
	35296 :	10110101;
	35295 :	00110111;
	35294 :	10101101;
	35293 :	11110101;
	35292 :	10110100;
	35291 :	11010100;
	35290 :	10100100;
	35289 :	11010100;
	35288 :	10100100;
	35287 :	11010100;
	35286 :	10100100;
	35285 :	11010100;
	35284 :	10100100;
	35283 :	11010100;
	35282 :	10100100;
	35281 :	11110101;
	35280 :	10110100;
	35279 :	01110100;
	35278 :	10100100;
	35277 :	00010011;
	35276 :	10110101;
	35275 :	01110100;
	35274 :	10100100;
	35273 :	01110100;
	35272 :	10100100;
	35271 :	01110100;
	35270 :	10100100;
	35269 :	01110100;
	35268 :	10100100;
	35267 :	11010100;
	35266 :	10100100;
	35265 :	00101111;
	35264 :	10010100;
	35263 :	10100000;
	35262 :	00011000;
	35261 :	10100000;
	35260 :	00011000;
	35259 :	10100000;
	35258 :	00011000;
	35257 :	10100000;
	35256 :	00011000;
	35255 :	10100000;
	35254 :	00011000;
	35253 :	10100000;
	35252 :	00011000;
	35251 :	10100000;
	35250 :	00011000;
	35249 :	10100000;
	35248 :	00011000;
	35247 :	10100000;
	35246 :	00011000;
	35245 :	10100000;
	35244 :	00011000;
	35243 :	10100000;
	35242 :	00011000;
	35241 :	10100000;
	35240 :	00011000;
	35239 :	10100000;
	35238 :	00011000;
	35237 :	10100000;
	35236 :	00011000;
	35235 :	10100000;
	35234 :	00011000;
	35233 :	10100000;
	35232 :	00011000;
	35231 :	10100000;
	35230 :	00011000;
	35229 :	10100000;
	35228 :	00011000;
	35227 :	10100000;
	35226 :	00011000;
	35225 :	10100000;
	35224 :	00011000;
	35223 :	00100010;
	35222 :	00101001;
	35221 :	10000011;
	35220 :	01000001;
	35219 :	00100111;
	35218 :	01010010;
	35217 :	00000101;
	35216 :	01101010;
	35215 :	00100010;
	35214 :	00101001;
	35213 :	10100000;
	35212 :	00011000;
	35211 :	10100000;
	35210 :	00011000;
	35209 :	10100000;
	35208 :	00011000;
	35207 :	10100000;
	35206 :	00011000;
	35205 :	10100000;
	35204 :	00011000;
	35203 :	00000010;
	35202 :	00011001;
	35201 :	10100000;
	35200 :	00011000;
	35199 :	00000010;
	35198 :	00011001;
	35197 :	10100000;
	35196 :	00011000;
	35195 :	10100000;
	35194 :	00011000;
	35193 :	10100000;
	35192 :	00011000;
	35191 :	10100000;
	35190 :	00011000;
	35189 :	10100000;
	35188 :	00011000;
	35187 :	10100000;
	35186 :	00011000;
	35185 :	10100000;
	35184 :	00011000;
	35183 :	00000010;
	35182 :	00011001;
	35181 :	10100000;
	35180 :	00011000;
	35179 :	00000010;
	35178 :	00011001;
	35177 :	10100000;
	35176 :	00011000;
	35175 :	10100000;
	35174 :	00011000;
	35173 :	11000001;
	35172 :	00100000;
	35171 :	10100000;
	35170 :	00011000;
	35169 :	11000001;
	35168 :	00100000;
	35167 :	11000001;
	35166 :	00100000;
	35165 :	10100000;
	35164 :	00011000;
	35163 :	10100000;
	35162 :	00011000;
	35161 :	10100000;
	35160 :	00011000;
	35159 :	10100000;
	35158 :	00011000;
	35157 :	10101001;
	35156 :	01101010;
	35155 :	00100111;
	35154 :	01010010;
	35153 :	00100111;
	35152 :	01010010;
	35151 :	10100000;
	35150 :	00011000;
	35149 :	00100111;
	35148 :	01010010;
	35147 :	00101011;
	35146 :	01110011;
	35145 :	00000001;
	35144 :	01001001;
	35143 :	11000001;
	35142 :	00100000;
	35141 :	11000001;
	35140 :	01000000;
	35139 :	11100110;
	35138 :	01110001;
	35137 :	10101000;
	35136 :	10010010;
	35135 :	01000110;
	35134 :	10001010;
	35133 :	01000111;
	35132 :	10010010;
	35131 :	11100101;
	35130 :	10000001;
	35129 :	11100110;
	35128 :	01110001;
	35127 :	11100101;
	35126 :	10000001;
	35125 :	11100101;
	35124 :	10000001;
	35123 :	11000100;
	35122 :	01110001;
	35121 :	11100101;
	35120 :	10000001;
	35119 :	11100110;
	35118 :	01110001;
	35117 :	11100101;
	35116 :	10000001;
	35115 :	10000111;
	35114 :	10001010;
	35113 :	01000110;
	35112 :	10001010;
	35111 :	10100010;
	35110 :	01101001;
	35109 :	10000101;
	35108 :	01001001;
	35107 :	10000101;
	35106 :	01001001;
	35105 :	01100100;
	35104 :	00110001;
	35103 :	10000101;
	35102 :	01001001;
	35101 :	10000101;
	35100 :	01001001;
	35099 :	01100100;
	35098 :	00110001;
	35097 :	10000101;
	35096 :	01001001;
	35095 :	11010000;
	35094 :	10101011;
	35093 :	10000101;
	35092 :	01001001;
	35091 :	10000101;
	35090 :	01001001;
	35089 :	01110100;
	35088 :	10100100;
	35087 :	01110100;
	35086 :	10100100;
	35085 :	10110100;
	35084 :	10011100;
	35083 :	10110100;
	35082 :	10011100;
	35081 :	11010100;
	35080 :	10100100;
	35079 :	00010101;
	35078 :	10101101;
	35077 :	10110100;
	35076 :	10011100;
	35075 :	11010100;
	35074 :	10100100;
	35073 :	00010101;
	35072 :	10101101;
	35071 :	10011001;
	35070 :	10101101;
	35069 :	10011001;
	35068 :	10110101;
	35067 :	01111000;
	35066 :	10110101;
	35065 :	01111000;
	35064 :	10110101;
	35063 :	10010111;
	35062 :	10111101;
	35061 :	01111000;
	35060 :	10110101;
	35059 :	00110111;
	35058 :	10101101;
	35057 :	01111000;
	35056 :	10110101;
	35055 :	01111000;
	35054 :	10110101;
	35053 :	01111000;
	35052 :	10110101;
	35051 :	01010110;
	35050 :	11000101;
	35049 :	01111000;
	35048 :	10110101;
	35047 :	00010101;
	35046 :	10101101;
	35045 :	00010101;
	35044 :	10101101;
	35043 :	11110101;
	35042 :	10110100;
	35041 :	11110110;
	35040 :	10110100;
	35039 :	00110101;
	35038 :	10110101;
	35037 :	11110101;
	35036 :	10110100;
	35035 :	11110101;
	35034 :	10110100;
	35033 :	00010011;
	35032 :	10110101;
	35031 :	11010100;
	35030 :	10100100;
	35029 :	01110100;
	35028 :	10100100;
	35027 :	00010011;
	35026 :	10110101;
	35025 :	10010010;
	35024 :	10101100;
	35023 :	01110100;
	35022 :	10100100;
	35021 :	11110101;
	35020 :	10110100;
	35019 :	01110100;
	35018 :	10100100;
	35017 :	10010010;
	35016 :	10101100;
	35015 :	10010010;
	35014 :	10101100;
	35013 :	10010010;
	35012 :	10101100;
	35011 :	11010100;
	35010 :	10100100;
	35009 :	00101111;
	35008 :	10010100;
	35007 :	11000001;
	35006 :	00100000;
	35005 :	10100000;
	35004 :	00011000;
	35003 :	10100000;
	35002 :	00011000;
	35001 :	10100000;
	35000 :	00011000;
	34999 :	10100000;
	34998 :	00011000;
	34997 :	10100000;
	34996 :	00011000;
	34995 :	10100000;
	34994 :	00011000;
	34993 :	10100000;
	34992 :	00011000;
	34991 :	10100000;
	34990 :	00011000;
	34989 :	10100000;
	34988 :	00011000;
	34987 :	10100000;
	34986 :	00011000;
	34985 :	10100000;
	34984 :	00011000;
	34983 :	10100000;
	34982 :	00011000;
	34981 :	10100000;
	34980 :	00011000;
	34979 :	10100000;
	34978 :	00011000;
	34977 :	10100000;
	34976 :	00011000;
	34975 :	10100000;
	34974 :	00011000;
	34973 :	10100000;
	34972 :	00011000;
	34971 :	10100000;
	34970 :	00011000;
	34969 :	10100000;
	34968 :	00011000;
	34967 :	10100000;
	34966 :	00011000;
	34965 :	11000001;
	34964 :	01000000;
	34963 :	00100010;
	34962 :	00101001;
	34961 :	11000001;
	34960 :	00100000;
	34959 :	11000001;
	34958 :	00100000;
	34957 :	10100000;
	34956 :	00011000;
	34955 :	10100000;
	34954 :	00011000;
	34953 :	10100000;
	34952 :	00011000;
	34951 :	10100000;
	34950 :	00011000;
	34949 :	00000010;
	34948 :	00011001;
	34947 :	10100000;
	34946 :	00011000;
	34945 :	00000010;
	34944 :	00011001;
	34943 :	10100000;
	34942 :	00011000;
	34941 :	00000010;
	34940 :	00011001;
	34939 :	10100000;
	34938 :	00011000;
	34937 :	10100000;
	34936 :	00011000;
	34935 :	00000010;
	34934 :	00011001;
	34933 :	10100000;
	34932 :	00011000;
	34931 :	00000010;
	34930 :	00011001;
	34929 :	10100000;
	34928 :	00011000;
	34927 :	10100000;
	34926 :	00011000;
	34925 :	00000010;
	34924 :	00011001;
	34923 :	10100000;
	34922 :	00011000;
	34921 :	00000010;
	34920 :	00011001;
	34919 :	10100000;
	34918 :	00011000;
	34917 :	00000010;
	34916 :	00011001;
	34915 :	10100000;
	34914 :	00011000;
	34913 :	10100000;
	34912 :	00011000;
	34911 :	10101001;
	34910 :	01101010;
	34909 :	10101001;
	34908 :	01101010;
	34907 :	00101011;
	34906 :	01110011;
	34905 :	01101100;
	34904 :	01111011;
	34903 :	00101011;
	34902 :	01110011;
	34901 :	10101001;
	34900 :	01101010;
	34899 :	10000011;
	34898 :	01000001;
	34897 :	00101011;
	34896 :	01110011;
	34895 :	01100100;
	34894 :	00110001;
	34893 :	00000010;
	34892 :	00011001;
	34891 :	11000001;
	34890 :	00100000;
	34889 :	11000001;
	34888 :	00100000;
	34887 :	11000001;
	34886 :	00100000;
	34885 :	01100101;
	34884 :	01100001;
	34883 :	01000110;
	34882 :	10001010;
	34881 :	11100101;
	34880 :	10000001;
	34879 :	11100101;
	34878 :	10000001;
	34877 :	11100101;
	34876 :	10000001;
	34875 :	01000111;
	34874 :	10010010;
	34873 :	01000111;
	34872 :	10010010;
	34871 :	01000110;
	34870 :	10001010;
	34869 :	01000111;
	34868 :	10010010;
	34867 :	01000110;
	34866 :	10001010;
	34865 :	01000110;
	34864 :	10001010;
	34863 :	00100100;
	34862 :	10010010;
	34861 :	01000110;
	34860 :	10001010;
	34859 :	01000110;
	34858 :	10001010;
	34857 :	01000110;
	34856 :	10001010;
	34855 :	00100110;
	34854 :	01111010;
	34853 :	10000011;
	34852 :	01011001;
	34851 :	01000011;
	34850 :	01000001;
	34849 :	01100100;
	34848 :	00110001;
	34847 :	01000011;
	34846 :	01000001;
	34845 :	01000011;
	34844 :	01000001;
	34843 :	10000101;
	34842 :	01001001;
	34841 :	10101001;
	34840 :	01101010;
	34839 :	11001000;
	34838 :	01101001;
	34837 :	01000011;
	34836 :	01010001;
	34835 :	10000101;
	34834 :	01001001;
	34833 :	11010000;
	34832 :	10101011;
	34831 :	01110100;
	34830 :	10100100;
	34829 :	01110100;
	34828 :	10100100;
	34827 :	10110100;
	34826 :	10011100;
	34825 :	01110100;
	34824 :	10100100;
	34823 :	11010100;
	34822 :	10100100;
	34821 :	11010100;
	34820 :	10100100;
	34819 :	10110100;
	34818 :	10011100;
	34817 :	00010101;
	34816 :	10101101;
	34815 :	01111000;
	34814 :	10110101;
	34813 :	01111000;
	34812 :	10110101;
	34811 :	01111000;
	34810 :	10110101;
	34809 :	01111000;
	34808 :	10110101;
	34807 :	10010111;
	34806 :	10111101;
	34805 :	10010111;
	34804 :	10111101;
	34803 :	00011001;
	34802 :	11001110;
	34801 :	10010111;
	34800 :	10111101;
	34799 :	01010110;
	34798 :	11000101;
	34797 :	01010110;
	34796 :	11000101;
	34795 :	00010101;
	34794 :	10101101;
	34793 :	00110101;
	34792 :	10110101;
	34791 :	00010101;
	34790 :	10101101;
	34789 :	11110101;
	34788 :	10110100;
	34787 :	11110101;
	34786 :	10110100;
	34785 :	01110010;
	34784 :	10010100;
	34783 :	10101101;
	34782 :	10001011;
	34781 :	01101100;
	34780 :	01111011;
	34779 :	10101001;
	34778 :	01101010;
	34777 :	11001000;
	34776 :	01001001;
	34775 :	10000101;
	34774 :	01001001;
	34773 :	10000011;
	34772 :	01000001;
	34771 :	01100100;
	34770 :	00110001;
	34769 :	10000101;
	34768 :	01001001;
	34767 :	00101011;
	34766 :	01110011;
	34765 :	10101101;
	34764 :	10001011;
	34763 :	10010010;
	34762 :	10101100;
	34761 :	10010010;
	34760 :	10101100;
	34759 :	11010100;
	34758 :	10100100;
	34757 :	00010011;
	34756 :	10110101;
	34755 :	10010010;
	34754 :	10101100;
	34753 :	10010010;
	34752 :	10101100;
	34751 :	00100010;
	34750 :	00101001;
	34749 :	10100000;
	34748 :	00011000;
	34747 :	10100000;
	34746 :	00011000;
	34745 :	10100000;
	34744 :	00011000;
	34743 :	10100000;
	34742 :	00011000;
	34741 :	10100000;
	34740 :	00011000;
	34739 :	10100000;
	34738 :	00011000;
	34737 :	10100000;
	34736 :	00011000;
	34735 :	10100000;
	34734 :	00011000;
	34733 :	10100000;
	34732 :	00011000;
	34731 :	10100000;
	34730 :	00011000;
	34729 :	10100000;
	34728 :	00011000;
	34727 :	10100000;
	34726 :	00011000;
	34725 :	10100000;
	34724 :	00011000;
	34723 :	10100000;
	34722 :	00011000;
	34721 :	10100000;
	34720 :	00011000;
	34719 :	10100000;
	34718 :	00011000;
	34717 :	10100000;
	34716 :	00011000;
	34715 :	10100000;
	34714 :	00011000;
	34713 :	10100000;
	34712 :	00011000;
	34711 :	10100000;
	34710 :	00011000;
	34709 :	10100000;
	34708 :	00011000;
	34707 :	11000001;
	34706 :	00100000;
	34705 :	10100000;
	34704 :	00011000;
	34703 :	10100000;
	34702 :	00011000;
	34701 :	10100000;
	34700 :	00011000;
	34699 :	11000001;
	34698 :	00100000;
	34697 :	10100000;
	34696 :	00011000;
	34695 :	00000010;
	34694 :	00011001;
	34693 :	10100000;
	34692 :	00011000;
	34691 :	10100000;
	34690 :	00011000;
	34689 :	10100000;
	34688 :	00011000;
	34687 :	10100000;
	34686 :	00011000;
	34685 :	10100000;
	34684 :	00011000;
	34683 :	00000010;
	34682 :	00011001;
	34681 :	10100000;
	34680 :	00011000;
	34679 :	10100000;
	34678 :	00011000;
	34677 :	10100000;
	34676 :	00011000;
	34675 :	10100000;
	34674 :	00011000;
	34673 :	10100000;
	34672 :	00011000;
	34671 :	00000010;
	34670 :	00011001;
	34669 :	10100000;
	34668 :	00011000;
	34667 :	00000010;
	34666 :	00011001;
	34665 :	10100000;
	34664 :	00011000;
	34663 :	00000010;
	34662 :	00011001;
	34661 :	00000010;
	34660 :	00011001;
	34659 :	11000001;
	34658 :	00100000;
	34657 :	10100000;
	34656 :	00011000;
	34655 :	10100000;
	34654 :	00011000;
	34653 :	00000010;
	34652 :	00011001;
	34651 :	01101001;
	34650 :	01011010;
	34649 :	00101011;
	34648 :	01110011;
	34647 :	00100111;
	34646 :	01010010;
	34645 :	00101011;
	34644 :	01110011;
	34643 :	10000101;
	34642 :	01001001;
	34641 :	00101011;
	34640 :	01110011;
	34639 :	01001001;
	34638 :	10000011;
	34637 :	10101001;
	34636 :	01101010;
	34635 :	10000011;
	34634 :	01000001;
	34633 :	11000001;
	34632 :	00100000;
	34631 :	11000001;
	34630 :	00100000;
	34629 :	01000011;
	34628 :	01010001;
	34627 :	01100100;
	34626 :	01110001;
	34625 :	11100110;
	34624 :	01110001;
	34623 :	10101000;
	34622 :	10010010;
	34621 :	10101000;
	34620 :	10010010;
	34619 :	01000111;
	34618 :	10010010;
	34617 :	10101000;
	34616 :	10010010;
	34615 :	10101000;
	34614 :	10010010;
	34613 :	01000110;
	34612 :	10001010;
	34611 :	01000111;
	34610 :	10010010;
	34609 :	10101000;
	34608 :	10010010;
	34607 :	01000111;
	34606 :	10010010;
	34605 :	10101000;
	34604 :	10010010;
	34603 :	10101000;
	34602 :	10010010;
	34601 :	10000111;
	34600 :	10001010;
	34599 :	00101111;
	34598 :	10010100;
	34597 :	00101010;
	34596 :	10010011;
	34595 :	01000011;
	34594 :	01000001;
	34593 :	01000011;
	34592 :	01000001;
	34591 :	10000101;
	34590 :	01001001;
	34589 :	10000101;
	34588 :	01001001;
	34587 :	11001000;
	34586 :	01101001;
	34585 :	11010000;
	34584 :	10101011;
	34583 :	01000011;
	34582 :	01010001;
	34581 :	11100100;
	34580 :	00101000;
	34579 :	01000011;
	34578 :	01010001;
	34577 :	10000101;
	34576 :	01001001;
	34575 :	11110110;
	34574 :	10110100;
	34573 :	01110100;
	34572 :	10100100;
	34571 :	11010100;
	34570 :	10100100;
	34569 :	01110100;
	34568 :	10100100;
	34567 :	00010101;
	34566 :	10101101;
	34565 :	00010101;
	34564 :	10101101;
	34563 :	11010100;
	34562 :	10100100;
	34561 :	00010101;
	34560 :	10101101;
	34559 :	00110111;
	34558 :	10101101;
	34557 :	10011001;
	34556 :	10110101;
	34555 :	10010111;
	34554 :	10111101;
	34553 :	00110111;
	34552 :	10110101;
	34551 :	00110111;
	34550 :	10101101;
	34549 :	00110111;
	34548 :	10110101;
	34547 :	01111000;
	34546 :	10110101;
	34545 :	10010100;
	34544 :	10111101;
	34543 :	10010000;
	34542 :	01111011;
	34541 :	01101001;
	34540 :	01011010;
	34539 :	11001000;
	34538 :	01001001;
	34537 :	00100010;
	34536 :	00101001;
	34535 :	00100010;
	34534 :	00101001;
	34533 :	00100010;
	34532 :	00101001;
	34531 :	00000010;
	34530 :	00011001;
	34529 :	11100100;
	34528 :	00101000;
	34527 :	00100010;
	34526 :	00101001;
	34525 :	00000010;
	34524 :	00011001;
	34523 :	00000010;
	34522 :	00011001;
	34521 :	00000010;
	34520 :	00011001;
	34519 :	00000010;
	34518 :	00011001;
	34517 :	00000010;
	34516 :	00011001;
	34515 :	00000010;
	34514 :	00011001;
	34513 :	00100010;
	34512 :	00101001;
	34511 :	11000001;
	34510 :	00100000;
	34509 :	00000010;
	34508 :	00011001;
	34507 :	11000001;
	34506 :	00100000;
	34505 :	00100010;
	34504 :	00101001;
	34503 :	01100100;
	34502 :	00110001;
	34501 :	01101001;
	34500 :	01011010;
	34499 :	10101101;
	34498 :	10001011;
	34497 :	10010010;
	34496 :	10101100;
	34495 :	10100000;
	34494 :	00011000;
	34493 :	10100000;
	34492 :	00011000;
	34491 :	10100000;
	34490 :	00011000;
	34489 :	10100000;
	34488 :	00011000;
	34487 :	10100000;
	34486 :	00011000;
	34485 :	10100000;
	34484 :	00011000;
	34483 :	10100000;
	34482 :	00011000;
	34481 :	10100000;
	34480 :	00011000;
	34479 :	10100000;
	34478 :	00011000;
	34477 :	10100000;
	34476 :	00011000;
	34475 :	10100000;
	34474 :	00011000;
	34473 :	10100000;
	34472 :	00011000;
	34471 :	10100000;
	34470 :	00011000;
	34469 :	10100000;
	34468 :	00011000;
	34467 :	10100000;
	34466 :	00011000;
	34465 :	10100000;
	34464 :	00011000;
	34463 :	10100000;
	34462 :	00011000;
	34461 :	10100000;
	34460 :	00011000;
	34459 :	10100000;
	34458 :	00011000;
	34457 :	10100000;
	34456 :	00011000;
	34455 :	10100000;
	34454 :	00011000;
	34453 :	10100000;
	34452 :	00011000;
	34451 :	10100000;
	34450 :	00011000;
	34449 :	10100000;
	34448 :	00011000;
	34447 :	10100000;
	34446 :	00011000;
	34445 :	10100000;
	34444 :	00011000;
	34443 :	10100000;
	34442 :	00011000;
	34441 :	10100000;
	34440 :	00011000;
	34439 :	10100000;
	34438 :	00011000;
	34437 :	00000010;
	34436 :	00011001;
	34435 :	10100000;
	34434 :	00011000;
	34433 :	00000010;
	34432 :	00011001;
	34431 :	10100000;
	34430 :	00011000;
	34429 :	00000010;
	34428 :	00011001;
	34427 :	10100000;
	34426 :	00011000;
	34425 :	00000010;
	34424 :	00011001;
	34423 :	10100000;
	34422 :	00011000;
	34421 :	00000010;
	34420 :	00011001;
	34419 :	10100000;
	34418 :	00011000;
	34417 :	00000010;
	34416 :	00011001;
	34415 :	10100000;
	34414 :	00011000;
	34413 :	00000010;
	34412 :	00011001;
	34411 :	10100000;
	34410 :	00011000;
	34409 :	00000010;
	34408 :	00011001;
	34407 :	00000010;
	34406 :	00011001;
	34405 :	11000001;
	34404 :	00100000;
	34403 :	10100000;
	34402 :	00011000;
	34401 :	10100000;
	34400 :	00011000;
	34399 :	10100000;
	34398 :	00011000;
	34397 :	10100000;
	34396 :	00011000;
	34395 :	10100000;
	34394 :	00011000;
	34393 :	10100000;
	34392 :	00011000;
	34391 :	10100000;
	34390 :	00011000;
	34389 :	01101100;
	34388 :	01111011;
	34387 :	01100100;
	34386 :	00110001;
	34385 :	00101011;
	34384 :	01110011;
	34383 :	11000001;
	34382 :	00100000;
	34381 :	10000101;
	34380 :	01001001;
	34379 :	00100111;
	34378 :	01010010;
	34377 :	10100000;
	34376 :	00011000;
	34375 :	11000001;
	34374 :	01000000;
	34373 :	01000011;
	34372 :	01010001;
	34371 :	01100110;
	34370 :	01101001;
	34369 :	10101000;
	34368 :	10010010;
	34367 :	10101000;
	34366 :	10010010;
	34365 :	10101000;
	34364 :	10010010;
	34363 :	10101000;
	34362 :	10010010;
	34361 :	10101000;
	34360 :	10010010;
	34359 :	10101000;
	34358 :	10010010;
	34357 :	11001001;
	34356 :	10100010;
	34355 :	10101000;
	34354 :	10010010;
	34353 :	10101000;
	34352 :	10010010;
	34351 :	10101000;
	34350 :	10010010;
	34349 :	10101000;
	34348 :	10010010;
	34347 :	10101000;
	34346 :	10010010;
	34345 :	00001101;
	34344 :	11000100;
	34343 :	00110010;
	34342 :	11001101;
	34341 :	00101010;
	34340 :	10010011;
	34339 :	10000101;
	34338 :	01001001;
	34337 :	10000101;
	34336 :	01001001;
	34335 :	10000101;
	34334 :	01001001;
	34333 :	00100111;
	34332 :	01010010;
	34331 :	11010000;
	34330 :	10101011;
	34329 :	11100100;
	34328 :	00101000;
	34327 :	10000101;
	34326 :	01001001;
	34325 :	01000011;
	34324 :	01010001;
	34323 :	10000101;
	34322 :	01001001;
	34321 :	10000101;
	34320 :	01001001;
	34319 :	11110101;
	34318 :	10110100;
	34317 :	00010101;
	34316 :	10101101;
	34315 :	01110100;
	34314 :	10100100;
	34313 :	11010100;
	34312 :	10100100;
	34311 :	10110100;
	34310 :	10011100;
	34309 :	00010101;
	34308 :	10101101;
	34307 :	11010100;
	34306 :	10100100;
	34305 :	11010100;
	34304 :	10100100;
	34303 :	11010000;
	34302 :	10001011;
	34301 :	11010000;
	34300 :	10001011;
	34299 :	01110010;
	34298 :	10010100;
	34297 :	01110010;
	34296 :	10010100;
	34295 :	11110101;
	34294 :	10110100;
	34293 :	00010101;
	34292 :	10101101;
	34291 :	00010101;
	34290 :	10101101;
	34289 :	11001000;
	34288 :	01001001;
	34287 :	00100010;
	34286 :	00101001;
	34285 :	00100010;
	34284 :	00101001;
	34283 :	01100100;
	34282 :	00110001;
	34281 :	00100010;
	34280 :	00101001;
	34279 :	01100100;
	34278 :	00110001;
	34277 :	00000010;
	34276 :	00011001;
	34275 :	00000010;
	34274 :	00011001;
	34273 :	00000010;
	34272 :	00011001;
	34271 :	00000010;
	34270 :	00011001;
	34269 :	00000010;
	34268 :	00011001;
	34267 :	00000010;
	34266 :	00011001;
	34265 :	00000010;
	34264 :	00011001;
	34263 :	01100100;
	34262 :	00110001;
	34261 :	00000010;
	34260 :	00011001;
	34259 :	00000010;
	34258 :	00011001;
	34257 :	00000010;
	34256 :	00011001;
	34255 :	00000010;
	34254 :	00011001;
	34253 :	00000010;
	34252 :	00011001;
	34251 :	00000010;
	34250 :	00011001;
	34249 :	10100000;
	34248 :	00011000;
	34247 :	11000001;
	34246 :	00100000;
	34245 :	10100000;
	34244 :	00011000;
	34243 :	11000001;
	34242 :	00100000;
	34241 :	11000001;
	34240 :	00100000;
	34239 :	10100000;
	34238 :	00011000;
	34237 :	10100000;
	34236 :	00011000;
	34235 :	10100000;
	34234 :	00011000;
	34233 :	10100000;
	34232 :	00011000;
	34231 :	10100000;
	34230 :	00011000;
	34229 :	10100000;
	34228 :	00011000;
	34227 :	10100000;
	34226 :	00011000;
	34225 :	10100000;
	34224 :	00011000;
	34223 :	10100000;
	34222 :	00011000;
	34221 :	10100000;
	34220 :	00011000;
	34219 :	10100000;
	34218 :	00011000;
	34217 :	10100000;
	34216 :	00011000;
	34215 :	10100000;
	34214 :	00011000;
	34213 :	10100000;
	34212 :	00011000;
	34211 :	10100000;
	34210 :	00011000;
	34209 :	10100000;
	34208 :	00011000;
	34207 :	10100000;
	34206 :	00011000;
	34205 :	10100000;
	34204 :	00011000;
	34203 :	10100000;
	34202 :	00011000;
	34201 :	10100000;
	34200 :	00011000;
	34199 :	10100000;
	34198 :	00011000;
	34197 :	10100000;
	34196 :	00011000;
	34195 :	11000001;
	34194 :	00100000;
	34193 :	10100000;
	34192 :	00011000;
	34191 :	11000001;
	34190 :	00100000;
	34189 :	11000001;
	34188 :	00100000;
	34187 :	10100000;
	34186 :	00011000;
	34185 :	10100000;
	34184 :	00011000;
	34183 :	11000001;
	34182 :	00100000;
	34181 :	10100000;
	34180 :	00011000;
	34179 :	10100000;
	34178 :	00011000;
	34177 :	10100000;
	34176 :	00011000;
	34175 :	10100000;
	34174 :	00011000;
	34173 :	11000001;
	34172 :	00100000;
	34171 :	10100000;
	34170 :	00011000;
	34169 :	10100000;
	34168 :	00011000;
	34167 :	10100000;
	34166 :	00011000;
	34165 :	00000010;
	34164 :	00011001;
	34163 :	10100000;
	34162 :	00011000;
	34161 :	00000010;
	34160 :	00011001;
	34159 :	11000001;
	34158 :	00100000;
	34157 :	10100000;
	34156 :	00011000;
	34155 :	00000010;
	34154 :	00011001;
	34153 :	00000010;
	34152 :	00011001;
	34151 :	11000001;
	34150 :	00100000;
	34149 :	11000001;
	34148 :	00100000;
	34147 :	11000001;
	34146 :	00100000;
	34145 :	10100000;
	34144 :	00011000;
	34143 :	10101001;
	34142 :	01101010;
	34141 :	00101011;
	34140 :	01110011;
	34139 :	00101011;
	34138 :	01110011;
	34137 :	00101011;
	34136 :	01110011;
	34135 :	01101001;
	34134 :	01011010;
	34133 :	00101011;
	34132 :	01110011;
	34131 :	01100100;
	34130 :	00110001;
	34129 :	00100111;
	34128 :	01010010;
	34127 :	10100000;
	34126 :	00011000;
	34125 :	10100000;
	34124 :	00011000;
	34123 :	01000011;
	34122 :	01000001;
	34121 :	00100010;
	34120 :	00101001;
	34119 :	11000001;
	34118 :	00100000;
	34117 :	10100101;
	34116 :	01100001;
	34115 :	10101000;
	34114 :	10010010;
	34113 :	10101000;
	34112 :	10010010;
	34111 :	01000110;
	34110 :	10001010;
	34109 :	11001001;
	34108 :	10100010;
	34107 :	01000111;
	34106 :	10010010;
	34105 :	10101000;
	34104 :	10010010;
	34103 :	10101000;
	34102 :	10010010;
	34101 :	01000110;
	34100 :	10001010;
	34099 :	01000111;
	34098 :	10010010;
	34097 :	10101000;
	34096 :	10010010;
	34095 :	01000111;
	34094 :	10010010;
	34093 :	10101000;
	34092 :	10010010;
	34091 :	10100111;
	34090 :	10010010;
	34089 :	10110001;
	34088 :	11001100;
	34087 :	00110010;
	34086 :	11001101;
	34085 :	00100110;
	34084 :	01101010;
	34083 :	10100101;
	34082 :	01100001;
	34081 :	00100111;
	34080 :	01010010;
	34079 :	00100110;
	34078 :	01101010;
	34077 :	10101101;
	34076 :	10001011;
	34075 :	11001000;
	34074 :	01101001;
	34073 :	11000001;
	34072 :	01000000;
	34071 :	01000011;
	34070 :	01000001;
	34069 :	11000001;
	34068 :	01000000;
	34067 :	01000011;
	34066 :	01010001;
	34065 :	10000101;
	34064 :	01001001;
	34063 :	00110111;
	34062 :	10110101;
	34061 :	00010101;
	34060 :	10101101;
	34059 :	01110100;
	34058 :	10100100;
	34057 :	11010100;
	34056 :	10100100;
	34055 :	00010101;
	34054 :	10101101;
	34053 :	01110100;
	34052 :	10100100;
	34051 :	11110110;
	34050 :	10110100;
	34049 :	11010100;
	34048 :	10100100;
	34047 :	10110100;
	34046 :	10011100;
	34045 :	11010100;
	34044 :	10100100;
	34043 :	11010100;
	34042 :	10100100;
	34041 :	00110111;
	34040 :	10110101;
	34039 :	10011001;
	34038 :	10101101;
	34037 :	11001101;
	34036 :	01101010;
	34035 :	01100100;
	34034 :	00110001;
	34033 :	00000010;
	34032 :	00011001;
	34031 :	01100100;
	34030 :	00110001;
	34029 :	00000010;
	34028 :	00011001;
	34027 :	01100100;
	34026 :	00110001;
	34025 :	00000010;
	34024 :	00011001;
	34023 :	00000010;
	34022 :	00011001;
	34021 :	01100100;
	34020 :	00110001;
	34019 :	00000010;
	34018 :	00011001;
	34017 :	01100100;
	34016 :	00110001;
	34015 :	00000010;
	34014 :	00011001;
	34013 :	01100100;
	34012 :	00110001;
	34011 :	00000010;
	34010 :	00011001;
	34009 :	00000010;
	34008 :	00011001;
	34007 :	00000010;
	34006 :	00011001;
	34005 :	00000010;
	34004 :	00011001;
	34003 :	00000010;
	34002 :	00011001;
	34001 :	00000010;
	34000 :	00011001;
	33999 :	00000010;
	33998 :	00011001;
	33997 :	00000010;
	33996 :	00011001;
	33995 :	00000010;
	33994 :	00011001;
	33993 :	11000001;
	33992 :	00100000;
	33991 :	00000010;
	33990 :	00011001;
	33989 :	11000001;
	33988 :	00100000;
	33987 :	10100000;
	33986 :	00011000;
	33985 :	10100000;
	33984 :	00011000;
	33983 :	10100000;
	33982 :	00011000;
	33981 :	11000001;
	33980 :	00100000;
	33979 :	10100000;
	33978 :	00011000;
	33977 :	10100000;
	33976 :	00011000;
	33975 :	11000001;
	33974 :	00100000;
	33973 :	10100000;
	33972 :	00011000;
	33971 :	11000001;
	33970 :	00100000;
	33969 :	10100000;
	33968 :	00011000;
	33967 :	10100000;
	33966 :	00011000;
	33965 :	10100000;
	33964 :	00011000;
	33963 :	10100000;
	33962 :	00011000;
	33961 :	10100000;
	33960 :	00011000;
	33959 :	10100000;
	33958 :	00011000;
	33957 :	10100000;
	33956 :	00011000;
	33955 :	10100000;
	33954 :	00011000;
	33953 :	10100000;
	33952 :	00011000;
	33951 :	10100000;
	33950 :	00011000;
	33949 :	10100000;
	33948 :	00011000;
	33947 :	10100000;
	33946 :	00011000;
	33945 :	10100000;
	33944 :	00011000;
	33943 :	10100000;
	33942 :	00011000;
	33941 :	10100000;
	33940 :	00011000;
	33939 :	10100000;
	33938 :	00011000;
	33937 :	10100000;
	33936 :	00011000;
	33935 :	10100000;
	33934 :	00011000;
	33933 :	10100000;
	33932 :	00011000;
	33931 :	11000001;
	33930 :	00100000;
	33929 :	10100000;
	33928 :	00011000;
	33927 :	10100000;
	33926 :	00011000;
	33925 :	10100000;
	33924 :	00011000;
	33923 :	11000001;
	33922 :	00100000;
	33921 :	10100000;
	33920 :	00011000;
	33919 :	00000010;
	33918 :	00011001;
	33917 :	10100000;
	33916 :	00011000;
	33915 :	00000010;
	33914 :	00011001;
	33913 :	10100000;
	33912 :	00011000;
	33911 :	11000001;
	33910 :	00100000;
	33909 :	10100000;
	33908 :	00011000;
	33907 :	00000010;
	33906 :	00011001;
	33905 :	11000001;
	33904 :	00100000;
	33903 :	10100000;
	33902 :	00011000;
	33901 :	00000010;
	33900 :	00011001;
	33899 :	10100000;
	33898 :	00011000;
	33897 :	00000010;
	33896 :	00011001;
	33895 :	11000001;
	33894 :	00100000;
	33893 :	11000001;
	33892 :	00100000;
	33891 :	10100000;
	33890 :	00011000;
	33889 :	11000001;
	33888 :	00100000;
	33887 :	01101100;
	33886 :	01111011;
	33885 :	01101100;
	33884 :	01111011;
	33883 :	01101100;
	33882 :	01111011;
	33881 :	01101100;
	33880 :	01111011;
	33879 :	00101111;
	33878 :	10010100;
	33877 :	00101011;
	33876 :	01110011;
	33875 :	01100100;
	33874 :	00110001;
	33873 :	10101101;
	33872 :	10001011;
	33871 :	10101101;
	33870 :	10001011;
	33869 :	00101011;
	33868 :	01110011;
	33867 :	00100010;
	33866 :	00101001;
	33865 :	11000001;
	33864 :	00100000;
	33863 :	01000011;
	33862 :	01000001;
	33861 :	01100101;
	33860 :	01100001;
	33859 :	01000110;
	33858 :	10001010;
	33857 :	01000111;
	33856 :	10010010;
	33855 :	01000110;
	33854 :	10001010;
	33853 :	11000100;
	33852 :	01110001;
	33851 :	01100100;
	33850 :	01110001;
	33849 :	01100100;
	33848 :	01110001;
	33847 :	01100100;
	33846 :	01110001;
	33845 :	01100100;
	33844 :	01110001;
	33843 :	11000100;
	33842 :	01110001;
	33841 :	11000100;
	33840 :	01110001;
	33839 :	01000110;
	33838 :	10001010;
	33837 :	01000111;
	33836 :	10010010;
	33835 :	10000111;
	33834 :	10001010;
	33833 :	00001001;
	33832 :	10011011;
	33831 :	10001010;
	33830 :	10011011;
	33829 :	10000111;
	33828 :	01111010;
	33827 :	10101001;
	33826 :	01101010;
	33825 :	01001001;
	33824 :	10000011;
	33823 :	00101011;
	33822 :	10000011;
	33821 :	10010010;
	33820 :	10101100;
	33819 :	01000011;
	33818 :	01000001;
	33817 :	01000011;
	33816 :	01000001;
	33815 :	01000011;
	33814 :	01000001;
	33813 :	01000011;
	33812 :	01000001;
	33811 :	01000011;
	33810 :	01000001;
	33809 :	10000101;
	33808 :	01001001;
	33807 :	01010110;
	33806 :	11000101;
	33805 :	00010101;
	33804 :	10101101;
	33803 :	01110100;
	33802 :	10100100;
	33801 :	11010100;
	33800 :	10100100;
	33799 :	00010101;
	33798 :	10101101;
	33797 :	00010101;
	33796 :	10101101;
	33795 :	11010100;
	33794 :	10100100;
	33793 :	11110110;
	33792 :	10110100;
	33791 :	00110111;
	33790 :	10101101;
	33789 :	10010111;
	33788 :	10111101;
	33787 :	00110111;
	33786 :	10110101;
	33785 :	00011001;
	33784 :	10111110;
	33783 :	01100100;
	33782 :	00110001;
	33781 :	00000010;
	33780 :	00011001;
	33779 :	01100100;
	33778 :	00110001;
	33777 :	01100100;
	33776 :	00110001;
	33775 :	00000010;
	33774 :	00011001;
	33773 :	01100100;
	33772 :	00110001;
	33771 :	00000010;
	33770 :	00011001;
	33769 :	01100100;
	33768 :	00110001;
	33767 :	00000010;
	33766 :	00011001;
	33765 :	00000010;
	33764 :	00011001;
	33763 :	01100100;
	33762 :	00110001;
	33761 :	00000010;
	33760 :	00011001;
	33759 :	01100100;
	33758 :	00110001;
	33757 :	00000010;
	33756 :	00011001;
	33755 :	00000010;
	33754 :	00011001;
	33753 :	01100100;
	33752 :	00110001;
	33751 :	01100100;
	33750 :	00110001;
	33749 :	00000010;
	33748 :	00011001;
	33747 :	01100100;
	33746 :	00110001;
	33745 :	00000010;
	33744 :	00011001;
	33743 :	01100100;
	33742 :	00110001;
	33741 :	00000010;
	33740 :	00011001;
	33739 :	00000010;
	33738 :	00011001;
	33737 :	00100010;
	33736 :	00101001;
	33735 :	00000010;
	33734 :	00011001;
	33733 :	00100010;
	33732 :	00101001;
	33731 :	10100000;
	33730 :	00011000;
	33729 :	00000010;
	33728 :	00011001;
	33727 :	11000001;
	33726 :	00100000;
	33725 :	10100000;
	33724 :	00011000;
	33723 :	00000010;
	33722 :	00011001;
	33721 :	11000001;
	33720 :	00100000;
	33719 :	11000001;
	33718 :	00100000;
	33717 :	11000001;
	33716 :	00100000;
	33715 :	11000001;
	33714 :	00100000;
	33713 :	10100000;
	33712 :	00011000;
	33711 :	10100000;
	33710 :	00011000;
	33709 :	10100000;
	33708 :	00011000;
	33707 :	10100000;
	33706 :	00011000;
	33705 :	10100000;
	33704 :	00011000;
	33703 :	10100000;
	33702 :	00011000;
	33701 :	10100000;
	33700 :	00011000;
	33699 :	10100000;
	33698 :	00011000;
	33697 :	10100000;
	33696 :	00011000;
	33695 :	10100000;
	33694 :	00011000;
	33693 :	10100000;
	33692 :	00011000;
	33691 :	10100000;
	33690 :	00011000;
	33689 :	10100000;
	33688 :	00011000;
	33687 :	10100000;
	33686 :	00011000;
	33685 :	10100000;
	33684 :	00011000;
	33683 :	10100000;
	33682 :	00011000;
	33681 :	10100000;
	33680 :	00011000;
	33679 :	10100000;
	33678 :	00011000;
	33677 :	10100000;
	33676 :	00011000;
	33675 :	10100000;
	33674 :	00011000;
	33673 :	11000001;
	33672 :	00100000;
	33671 :	10100000;
	33670 :	00011000;
	33669 :	00000010;
	33668 :	00011001;
	33667 :	10100000;
	33666 :	00011000;
	33665 :	10100000;
	33664 :	00011000;
	33663 :	11000001;
	33662 :	00100000;
	33661 :	10100000;
	33660 :	00011000;
	33659 :	10100000;
	33658 :	00011000;
	33657 :	00000010;
	33656 :	00011001;
	33655 :	10100000;
	33654 :	00011000;
	33653 :	11000001;
	33652 :	00100000;
	33651 :	10100000;
	33650 :	00011000;
	33649 :	10100000;
	33648 :	00011000;
	33647 :	00000010;
	33646 :	00011001;
	33645 :	10100000;
	33644 :	00011000;
	33643 :	10100000;
	33642 :	00011000;
	33641 :	00000010;
	33640 :	00011001;
	33639 :	10100000;
	33638 :	00011000;
	33637 :	11000001;
	33636 :	00100000;
	33635 :	11000001;
	33634 :	00100000;
	33633 :	10100000;
	33632 :	00011000;
	33631 :	10100000;
	33630 :	00011000;
	33629 :	10100000;
	33628 :	00011000;
	33627 :	01100100;
	33626 :	00110001;
	33625 :	00100111;
	33624 :	01010010;
	33623 :	00100111;
	33622 :	01010010;
	33621 :	01101100;
	33620 :	01111011;
	33619 :	01100100;
	33618 :	00110001;
	33617 :	10101101;
	33616 :	10001011;
	33615 :	10101101;
	33614 :	10001011;
	33613 :	00101011;
	33612 :	10000011;
	33611 :	10000101;
	33610 :	01001001;
	33609 :	00000010;
	33608 :	00011001;
	33607 :	11000001;
	33606 :	01000000;
	33605 :	01000011;
	33604 :	01000001;
	33603 :	01100101;
	33602 :	01100001;
	33601 :	10000111;
	33600 :	10001010;
	33599 :	01000111;
	33598 :	10010010;
	33597 :	01000111;
	33596 :	10010010;
	33595 :	10101000;
	33594 :	10010010;
	33593 :	10101000;
	33592 :	10010010;
	33591 :	10101000;
	33590 :	10010010;
	33589 :	11001001;
	33588 :	10100010;
	33587 :	10101000;
	33586 :	10010010;
	33585 :	10100111;
	33584 :	10100010;
	33583 :	10100111;
	33582 :	10010010;
	33581 :	01000110;
	33580 :	10001010;
	33579 :	01000110;
	33578 :	10001010;
	33577 :	00001001;
	33576 :	10011011;
	33575 :	10101101;
	33574 :	10001011;
	33573 :	00101010;
	33572 :	10010011;
	33571 :	10101101;
	33570 :	10001011;
	33569 :	00101011;
	33568 :	10000011;
	33567 :	00101110;
	33566 :	10110100;
	33565 :	10000101;
	33564 :	01001001;
	33563 :	11100100;
	33562 :	00101000;
	33561 :	11000001;
	33560 :	01000000;
	33559 :	11000001;
	33558 :	01000000;
	33557 :	01000011;
	33556 :	01000001;
	33555 :	11000001;
	33554 :	01000000;
	33553 :	10000101;
	33552 :	01001001;
	33551 :	00110101;
	33550 :	10110101;
	33549 :	01110100;
	33548 :	10100100;
	33547 :	01110100;
	33546 :	10100100;
	33545 :	01110100;
	33544 :	10100100;
	33543 :	11010100;
	33542 :	10100100;
	33541 :	00010101;
	33540 :	10101101;
	33539 :	00010101;
	33538 :	10101101;
	33537 :	00010101;
	33536 :	10101101;
	33535 :	11110110;
	33534 :	10110100;
	33533 :	00110111;
	33532 :	10110101;
	33531 :	01111000;
	33530 :	10110101;
	33529 :	01100100;
	33528 :	00110001;
	33527 :	01100100;
	33526 :	00110001;
	33525 :	01100100;
	33524 :	00110001;
	33523 :	01100100;
	33522 :	00110001;
	33521 :	01100100;
	33520 :	00110001;
	33519 :	01100100;
	33518 :	00110001;
	33517 :	00000010;
	33516 :	00011001;
	33515 :	01100100;
	33514 :	00110001;
	33513 :	00000010;
	33512 :	00011001;
	33511 :	01100100;
	33510 :	00110001;
	33509 :	00000010;
	33508 :	00011001;
	33507 :	01100100;
	33506 :	00110001;
	33505 :	00000010;
	33504 :	00011001;
	33503 :	01100100;
	33502 :	00110001;
	33501 :	00000010;
	33500 :	00011001;
	33499 :	00000010;
	33498 :	00011001;
	33497 :	01100100;
	33496 :	00110001;
	33495 :	01100100;
	33494 :	00110001;
	33493 :	01100100;
	33492 :	00110001;
	33491 :	01100100;
	33490 :	00110001;
	33489 :	01100100;
	33488 :	00110001;
	33487 :	00000010;
	33486 :	00011001;
	33485 :	01100100;
	33484 :	00110001;
	33483 :	01100100;
	33482 :	00110001;
	33481 :	00000010;
	33480 :	00011001;
	33479 :	00100010;
	33478 :	00101001;
	33477 :	00000010;
	33476 :	00011001;
	33475 :	00100010;
	33474 :	00101001;
	33473 :	00100010;
	33472 :	00101001;
	33471 :	10100000;
	33470 :	00011000;
	33469 :	00000010;
	33468 :	00011001;
	33467 :	11000001;
	33466 :	00100000;
	33465 :	11000001;
	33464 :	00100000;
	33463 :	11000001;
	33462 :	00100000;
	33461 :	11000001;
	33460 :	00100000;
	33459 :	11000001;
	33458 :	00100000;
	33457 :	10100000;
	33456 :	00011000;
	33455 :	10100000;
	33454 :	00011000;
	33453 :	10100000;
	33452 :	00011000;
	33451 :	10100000;
	33450 :	00011000;
	33449 :	10100000;
	33448 :	00011000;
	33447 :	10100000;
	33446 :	00011000;
	33445 :	10100000;
	33444 :	00011000;
	33443 :	10100000;
	33442 :	00011000;
	33441 :	10100000;
	33440 :	00011000;
	33439 :	10100000;
	33438 :	00011000;
	33437 :	10100000;
	33436 :	00011000;
	33435 :	10100000;
	33434 :	00011000;
	33433 :	10100000;
	33432 :	00011000;
	33431 :	10100000;
	33430 :	00011000;
	33429 :	10100000;
	33428 :	00011000;
	33427 :	10100000;
	33426 :	00011000;
	33425 :	10100000;
	33424 :	00011000;
	33423 :	10100000;
	33422 :	00011000;
	33421 :	11000001;
	33420 :	00100000;
	33419 :	10100000;
	33418 :	00011000;
	33417 :	10100000;
	33416 :	00011000;
	33415 :	00000010;
	33414 :	00011001;
	33413 :	10100000;
	33412 :	00011000;
	33411 :	10100000;
	33410 :	00011000;
	33409 :	11000001;
	33408 :	00100000;
	33407 :	10100000;
	33406 :	00011000;
	33405 :	00000010;
	33404 :	00011001;
	33403 :	10100000;
	33402 :	00011000;
	33401 :	11000001;
	33400 :	00100000;
	33399 :	10100000;
	33398 :	00011000;
	33397 :	10100000;
	33396 :	00011000;
	33395 :	00000010;
	33394 :	00011001;
	33393 :	11000001;
	33392 :	00100000;
	33391 :	10100000;
	33390 :	00011000;
	33389 :	00000010;
	33388 :	00011001;
	33387 :	00000010;
	33386 :	00011001;
	33385 :	11000001;
	33384 :	00100000;
	33383 :	00000010;
	33382 :	00011001;
	33381 :	00000010;
	33380 :	00011001;
	33379 :	11000001;
	33378 :	00100000;
	33377 :	10100000;
	33376 :	00011000;
	33375 :	10100000;
	33374 :	00011000;
	33373 :	10100000;
	33372 :	00011000;
	33371 :	10100000;
	33370 :	00011000;
	33369 :	10100000;
	33368 :	00011000;
	33367 :	10100000;
	33366 :	00011000;
	33365 :	01101100;
	33364 :	01111011;
	33363 :	01100100;
	33362 :	00110001;
	33361 :	01101001;
	33360 :	01011010;
	33359 :	10100000;
	33358 :	00011000;
	33357 :	00000010;
	33356 :	00011001;
	33355 :	10000101;
	33354 :	01001001;
	33353 :	00100010;
	33352 :	00101001;
	33351 :	11000001;
	33350 :	00100000;
	33349 :	11000001;
	33348 :	01000000;
	33347 :	01000010;
	33346 :	01100001;
	33345 :	10101000;
	33344 :	10010010;
	33343 :	10101000;
	33342 :	10010010;
	33341 :	01000111;
	33340 :	10010010;
	33339 :	10100111;
	33338 :	10100010;
	33337 :	10100111;
	33336 :	10100010;
	33335 :	01000111;
	33334 :	10010010;
	33333 :	10100111;
	33332 :	10100010;
	33331 :	10100111;
	33330 :	10100010;
	33329 :	10100111;
	33328 :	10010010;
	33327 :	01000111;
	33326 :	10010010;
	33325 :	10100111;
	33324 :	10010010;
	33323 :	10101000;
	33322 :	10010010;
	33321 :	10001011;
	33320 :	10101011;
	33319 :	00101110;
	33318 :	10110100;
	33317 :	10001011;
	33316 :	10101011;
	33315 :	00101111;
	33314 :	10010100;
	33313 :	10010010;
	33312 :	10101100;
	33311 :	10101101;
	33310 :	10001011;
	33309 :	01000011;
	33308 :	01000001;
	33307 :	11000001;
	33306 :	01000000;
	33305 :	01000011;
	33304 :	01000001;
	33303 :	01000011;
	33302 :	01000001;
	33301 :	01000011;
	33300 :	01000001;
	33299 :	11000001;
	33298 :	01000000;
	33297 :	10000101;
	33296 :	01001001;
	33295 :	01110100;
	33294 :	10100100;
	33293 :	01110100;
	33292 :	10100100;
	33291 :	01110100;
	33290 :	10100100;
	33289 :	11010100;
	33288 :	10100100;
	33287 :	11010100;
	33286 :	10100100;
	33285 :	11010100;
	33284 :	10100100;
	33283 :	11010100;
	33282 :	10100100;
	33281 :	00010101;
	33280 :	10101101;
	33279 :	11010100;
	33278 :	10100100;
	33277 :	10010111;
	33276 :	10111101;
	33275 :	01101001;
	33274 :	00111001;
	33273 :	00000010;
	33272 :	00011001;
	33271 :	01100100;
	33270 :	00110001;
	33269 :	00000010;
	33268 :	00011001;
	33267 :	01100100;
	33266 :	00110001;
	33265 :	00000010;
	33264 :	00011001;
	33263 :	01100100;
	33262 :	00110001;
	33261 :	01100100;
	33260 :	00110001;
	33259 :	01100100;
	33258 :	00110001;
	33257 :	01100100;
	33256 :	00110001;
	33255 :	01100100;
	33254 :	00110001;
	33253 :	01100100;
	33252 :	00110001;
	33251 :	01100100;
	33250 :	00110001;
	33249 :	01100100;
	33248 :	00110001;
	33247 :	00000010;
	33246 :	00011001;
	33245 :	01100100;
	33244 :	00110001;
	33243 :	01100100;
	33242 :	00110001;
	33241 :	01100100;
	33240 :	00110001;
	33239 :	01100100;
	33238 :	00110001;
	33237 :	01100100;
	33236 :	00110001;
	33235 :	01100100;
	33234 :	00110001;
	33233 :	01101001;
	33232 :	00111001;
	33231 :	01100100;
	33230 :	00110001;
	33229 :	01100100;
	33228 :	00110001;
	33227 :	01100100;
	33226 :	00110001;
	33225 :	01100100;
	33224 :	00110001;
	33223 :	00100111;
	33222 :	01010010;
	33221 :	01101001;
	33220 :	01011010;
	33219 :	01100100;
	33218 :	00110001;
	33217 :	00100111;
	33216 :	01010010;
	33215 :	00000010;
	33214 :	00011001;
	33213 :	00100010;
	33212 :	00101001;
	33211 :	00000010;
	33210 :	00011001;
	33209 :	11000001;
	33208 :	00100000;
	33207 :	11000001;
	33206 :	00100000;
	33205 :	00100010;
	33204 :	00101001;
	33203 :	10100000;
	33202 :	00011000;
	33201 :	10100000;
	33200 :	00011000;
	33199 :	10100000;
	33198 :	00011000;
	33197 :	10100000;
	33196 :	00011000;
	33195 :	10100000;
	33194 :	00011000;
	33193 :	10100000;
	33192 :	00011000;
	33191 :	10100000;
	33190 :	00011000;
	33189 :	10100000;
	33188 :	00011000;
	33187 :	10100000;
	33186 :	00011000;
	33185 :	10100000;
	33184 :	00011000;
	33183 :	10100000;
	33182 :	00011000;
	33181 :	10100000;
	33180 :	00011000;
	33179 :	10100000;
	33178 :	00011000;
	33177 :	10100000;
	33176 :	00011000;
	33175 :	10100000;
	33174 :	00011000;
	33173 :	10100000;
	33172 :	00011000;
	33171 :	10100000;
	33170 :	00011000;
	33169 :	10100000;
	33168 :	00011000;
	33167 :	10100000;
	33166 :	00011000;
	33165 :	10100000;
	33164 :	00011000;
	33163 :	10100000;
	33162 :	00011000;
	33161 :	11000001;
	33160 :	00100000;
	33159 :	10100000;
	33158 :	00011000;
	33157 :	00000010;
	33156 :	00011001;
	33155 :	10100000;
	33154 :	00011000;
	33153 :	10100000;
	33152 :	00011000;
	33151 :	10100000;
	33150 :	00011000;
	33149 :	11000001;
	33148 :	00100000;
	33147 :	10100000;
	33146 :	00011000;
	33145 :	00000010;
	33144 :	00011001;
	33143 :	00000010;
	33142 :	00011001;
	33141 :	11000001;
	33140 :	00100000;
	33139 :	10100000;
	33138 :	00011000;
	33137 :	00000010;
	33136 :	00011001;
	33135 :	00000010;
	33134 :	00011001;
	33133 :	11000001;
	33132 :	00100000;
	33131 :	10100000;
	33130 :	00011000;
	33129 :	00000010;
	33128 :	00011001;
	33127 :	11000001;
	33126 :	00100000;
	33125 :	11000001;
	33124 :	00100000;
	33123 :	11000001;
	33122 :	00100000;
	33121 :	11000001;
	33120 :	00100000;
	33119 :	00101011;
	33118 :	01110011;
	33117 :	10101101;
	33116 :	10001011;
	33115 :	01101100;
	33114 :	01111011;
	33113 :	01101100;
	33112 :	01111011;
	33111 :	00101011;
	33110 :	01110011;
	33109 :	01101100;
	33108 :	01111011;
	33107 :	01100100;
	33106 :	00110001;
	33105 :	00101011;
	33104 :	01110011;
	33103 :	10100000;
	33102 :	00011000;
	33101 :	10100000;
	33100 :	00011000;
	33099 :	10100000;
	33098 :	00011000;
	33097 :	00100010;
	33096 :	00101001;
	33095 :	11000001;
	33094 :	01000000;
	33093 :	11000001;
	33092 :	01000000;
	33091 :	11000001;
	33090 :	01101000;
	33089 :	11100101;
	33088 :	10000001;
	33087 :	11001001;
	33086 :	10100010;
	33085 :	10101000;
	33084 :	10010010;
	33083 :	10100111;
	33082 :	10100010;
	33081 :	10100111;
	33080 :	10100010;
	33079 :	10100111;
	33078 :	10100010;
	33077 :	11001001;
	33076 :	10100010;
	33075 :	00101001;
	33074 :	10110011;
	33073 :	11001001;
	33072 :	10100010;
	33071 :	10001011;
	33070 :	10101011;
	33069 :	00001101;
	33068 :	11000100;
	33067 :	00101110;
	33066 :	10110100;
	33065 :	00001111;
	33064 :	11001101;
	33063 :	10010010;
	33062 :	10101100;
	33061 :	00101110;
	33060 :	10110100;
	33059 :	00101111;
	33058 :	10010100;
	33057 :	10001011;
	33056 :	10101011;
	33055 :	00100010;
	33054 :	00101001;
	33053 :	11000001;
	33052 :	01000000;
	33051 :	01000011;
	33050 :	01000001;
	33049 :	01000011;
	33048 :	01000001;
	33047 :	11100100;
	33046 :	00101000;
	33045 :	11000001;
	33044 :	01000000;
	33043 :	10000101;
	33042 :	01001001;
	33041 :	11010000;
	33040 :	10101011;
	33039 :	11110101;
	33038 :	10110100;
	33037 :	11110101;
	33036 :	10110100;
	33035 :	01110100;
	33034 :	10100100;
	33033 :	11010100;
	33032 :	10100100;
	33031 :	00010101;
	33030 :	10101101;
	33029 :	11010100;
	33028 :	10100100;
	33027 :	11110110;
	33026 :	10110100;
	33025 :	11110110;
	33024 :	10110100;
	33023 :	11110110;
	33022 :	10110100;
	33021 :	01100100;
	33020 :	00110001;
	33019 :	01100100;
	33018 :	00110001;
	33017 :	01100100;
	33016 :	00110001;
	33015 :	01100100;
	33014 :	00110001;
	33013 :	01100100;
	33012 :	00110001;
	33011 :	01100100;
	33010 :	00110001;
	33009 :	01100100;
	33008 :	00110001;
	33007 :	01100100;
	33006 :	00110001;
	33005 :	01100100;
	33004 :	00110001;
	33003 :	01100100;
	33002 :	00110001;
	33001 :	01100100;
	33000 :	00110001;
	32999 :	01100100;
	32998 :	00110001;
	32997 :	01100100;
	32996 :	00110001;
	32995 :	01100100;
	32994 :	00110001;
	32993 :	00000010;
	32992 :	00011001;
	32991 :	01100100;
	32990 :	00110001;
	32989 :	00000010;
	32988 :	00011001;
	32987 :	01100100;
	32986 :	00110001;
	32985 :	01100100;
	32984 :	00110001;
	32983 :	01100100;
	32982 :	00110001;
	32981 :	01100100;
	32980 :	00110001;
	32979 :	01100100;
	32978 :	00110001;
	32977 :	01100100;
	32976 :	00110001;
	32975 :	01100100;
	32974 :	00110001;
	32973 :	01100100;
	32972 :	00110001;
	32971 :	01100100;
	32970 :	00110001;
	32969 :	01101001;
	32968 :	01011010;
	32967 :	00100111;
	32966 :	01010010;
	32965 :	01101100;
	32964 :	01111011;
	32963 :	01101001;
	32962 :	01011010;
	32961 :	01101001;
	32960 :	01011010;
	32959 :	00101011;
	32958 :	01110011;
	32957 :	00000010;
	32956 :	00011001;
	32955 :	00100010;
	32954 :	00101001;
	32953 :	10100000;
	32952 :	00011000;
	32951 :	10100000;
	32950 :	00011000;
	32949 :	11000001;
	32948 :	00100000;
	32947 :	11000001;
	32946 :	00100000;
	32945 :	10100000;
	32944 :	00011000;
	32943 :	10100000;
	32942 :	00011000;
	32941 :	10100000;
	32940 :	00011000;
	32939 :	10100000;
	32938 :	00011000;
	32937 :	10100000;
	32936 :	00011000;
	32935 :	10100000;
	32934 :	00011000;
	32933 :	10100000;
	32932 :	00011000;
	32931 :	10100000;
	32930 :	00011000;
	32929 :	10100000;
	32928 :	00011000;
	32927 :	10100000;
	32926 :	00011000;
	32925 :	10100000;
	32924 :	00011000;
	32923 :	10100000;
	32922 :	00011000;
	32921 :	10100000;
	32920 :	00011000;
	32919 :	10100000;
	32918 :	00011000;
	32917 :	10100000;
	32916 :	00011000;
	32915 :	10100000;
	32914 :	00011000;
	32913 :	11000001;
	32912 :	00100000;
	32911 :	10100000;
	32910 :	00011000;
	32909 :	11000001;
	32908 :	00100000;
	32907 :	10100000;
	32906 :	00011000;
	32905 :	10100000;
	32904 :	00011000;
	32903 :	10100000;
	32902 :	00011000;
	32901 :	11000001;
	32900 :	00100000;
	32899 :	10100000;
	32898 :	00011000;
	32897 :	10100000;
	32896 :	00011000;
	32895 :	00000010;
	32894 :	00011001;
	32893 :	10100000;
	32892 :	00011000;
	32891 :	00000010;
	32890 :	00011001;
	32889 :	11000001;
	32888 :	00100000;
	32887 :	10100000;
	32886 :	00011000;
	32885 :	00000010;
	32884 :	00011001;
	32883 :	11000001;
	32882 :	00100000;
	32881 :	00000010;
	32880 :	00011001;
	32879 :	00000010;
	32878 :	00011001;
	32877 :	00000010;
	32876 :	00011001;
	32875 :	00000010;
	32874 :	00011001;
	32873 :	00000010;
	32872 :	00011001;
	32871 :	11000001;
	32870 :	00100000;
	32869 :	11000001;
	32868 :	00100000;
	32867 :	11000001;
	32866 :	00100000;
	32865 :	10000011;
	32864 :	01000001;
	32863 :	10101101;
	32862 :	10001011;
	32861 :	10101101;
	32860 :	10001011;
	32859 :	10101101;
	32858 :	10001011;
	32857 :	00101111;
	32856 :	10010100;
	32855 :	10010000;
	32854 :	01111011;
	32853 :	01101100;
	32852 :	01111011;
	32851 :	00100111;
	32850 :	01010010;
	32849 :	00101111;
	32848 :	10010100;
	32847 :	01101100;
	32846 :	01111011;
	32845 :	10101101;
	32844 :	10001011;
	32843 :	10000101;
	32842 :	01001001;
	32841 :	11000001;
	32840 :	00100000;
	32839 :	11000001;
	32838 :	01000000;
	32837 :	11000001;
	32836 :	01000000;
	32835 :	01100100;
	32834 :	01110001;
	32833 :	11100101;
	32832 :	10000001;
	32831 :	01100111;
	32830 :	10100010;
	32829 :	11000110;
	32828 :	10110010;
	32827 :	11001001;
	32826 :	10100010;
	32825 :	00001001;
	32824 :	11000011;
	32823 :	00001011;
	32822 :	11000100;
	32821 :	00101111;
	32820 :	11010100;
	32819 :	11001111;
	32818 :	11010100;
	32817 :	01010001;
	32816 :	11100101;
	32815 :	00010001;
	32814 :	11010101;
	32813 :	01010010;
	32812 :	11011101;
	32811 :	01010010;
	32810 :	11011101;
	32809 :	10010100;
	32808 :	10111101;
	32807 :	00101110;
	32806 :	10110100;
	32805 :	00101111;
	32804 :	10010100;
	32803 :	00101011;
	32802 :	10000011;
	32801 :	10000101;
	32800 :	01001001;
	32799 :	01000011;
	32798 :	01000001;
	32797 :	01000011;
	32796 :	01000001;
	32795 :	01000011;
	32794 :	01000001;
	32793 :	11000001;
	32792 :	01000000;
	32791 :	11000001;
	32790 :	01000000;
	32789 :	10101101;
	32788 :	10001011;
	32787 :	00101011;
	32786 :	10000011;
	32785 :	11101101;
	32784 :	10000010;
	32783 :	11101101;
	32782 :	10000010;
	32781 :	11110101;
	32780 :	10110100;
	32779 :	11010100;
	32778 :	10100100;
	32777 :	11010100;
	32776 :	10100100;
	32775 :	11010100;
	32774 :	10100100;
	32773 :	11110110;
	32772 :	10110100;
	32771 :	11110110;
	32770 :	10100100;
	32769 :	00110111;
	32768 :	10110101;
	32767 :	11010000;
	32766 :	10001011;
	32765 :	01100100;
	32764 :	00110001;
	32763 :	01100100;
	32762 :	00110001;
	32761 :	01101001;
	32760 :	00111001;
	32759 :	01100100;
	32758 :	00110001;
	32757 :	01100100;
	32756 :	00110001;
	32755 :	01100100;
	32754 :	00110001;
	32753 :	01100100;
	32752 :	00110001;
	32751 :	01101001;
	32750 :	00111001;
	32749 :	01100100;
	32748 :	00110001;
	32747 :	01100100;
	32746 :	00110001;
	32745 :	01100100;
	32744 :	00110001;
	32743 :	01100100;
	32742 :	00110001;
	32741 :	01100100;
	32740 :	00110001;
	32739 :	01100100;
	32738 :	00110001;
	32737 :	01100100;
	32736 :	00110001;
	32735 :	01101001;
	32734 :	00111001;
	32733 :	01100100;
	32732 :	00110001;
	32731 :	01100100;
	32730 :	00110001;
	32729 :	01100100;
	32728 :	00110001;
	32727 :	01100100;
	32726 :	00110001;
	32725 :	01100100;
	32724 :	00110001;
	32723 :	01100100;
	32722 :	00110001;
	32721 :	01100100;
	32720 :	00110001;
	32719 :	01101001;
	32718 :	00111001;
	32717 :	01100100;
	32716 :	00110001;
	32715 :	01100100;
	32714 :	00110001;
	32713 :	01101100;
	32712 :	01111011;
	32711 :	00111000;
	32710 :	10011101;
	32709 :	00101011;
	32708 :	01110011;
	32707 :	00101011;
	32706 :	01110011;
	32705 :	10011011;
	32704 :	11010110;
	32703 :	01001100;
	32702 :	01010010;
	32701 :	01100100;
	32700 :	00110001;
	32699 :	01100100;
	32698 :	00110001;
	32697 :	11000001;
	32696 :	00100000;
	32695 :	11000001;
	32694 :	00100000;
	32693 :	11000001;
	32692 :	00100000;
	32691 :	10100000;
	32690 :	00011000;
	32689 :	10100000;
	32688 :	00011000;
	32687 :	10100000;
	32686 :	00011000;
	32685 :	10100000;
	32684 :	00011000;
	32683 :	10100000;
	32682 :	00011000;
	32681 :	11000001;
	32680 :	00100000;
	32679 :	10100000;
	32678 :	00011000;
	32677 :	10100000;
	32676 :	00011000;
	32675 :	10100000;
	32674 :	00011000;
	32673 :	10100000;
	32672 :	00011000;
	32671 :	10100000;
	32670 :	00011000;
	32669 :	10100000;
	32668 :	00011000;
	32667 :	10100000;
	32666 :	00011000;
	32665 :	10100000;
	32664 :	00011000;
	32663 :	10100000;
	32662 :	00011000;
	32661 :	10100000;
	32660 :	00011000;
	32659 :	10100000;
	32658 :	00011000;
	32657 :	11000001;
	32656 :	00100000;
	32655 :	10100000;
	32654 :	00011000;
	32653 :	10100000;
	32652 :	00011000;
	32651 :	10100000;
	32650 :	00011000;
	32649 :	11000001;
	32648 :	00100000;
	32647 :	10100000;
	32646 :	00011000;
	32645 :	10100000;
	32644 :	00011000;
	32643 :	00000010;
	32642 :	00011001;
	32641 :	11000001;
	32640 :	00100000;
	32639 :	10100000;
	32638 :	00011000;
	32637 :	00000010;
	32636 :	00011001;
	32635 :	11000001;
	32634 :	00100000;
	32633 :	10100000;
	32632 :	00011000;
	32631 :	00000010;
	32630 :	00011001;
	32629 :	11000001;
	32628 :	00100000;
	32627 :	00000010;
	32626 :	00011001;
	32625 :	11000001;
	32624 :	00100000;
	32623 :	11000001;
	32622 :	00100000;
	32621 :	00000010;
	32620 :	00011001;
	32619 :	00000010;
	32618 :	00011001;
	32617 :	11000001;
	32616 :	00100000;
	32615 :	11000001;
	32614 :	00100000;
	32613 :	10100000;
	32612 :	00011000;
	32611 :	11000001;
	32610 :	00100000;
	32609 :	11000001;
	32608 :	00100000;
	32607 :	10100000;
	32606 :	00011000;
	32605 :	00100010;
	32604 :	00101001;
	32603 :	10100000;
	32602 :	00011000;
	32601 :	10100000;
	32600 :	00011000;
	32599 :	00000010;
	32598 :	00011001;
	32597 :	10101101;
	32596 :	10001011;
	32595 :	00100111;
	32594 :	01010010;
	32593 :	00101011;
	32592 :	01110011;
	32591 :	00100111;
	32590 :	01010010;
	32589 :	00101011;
	32588 :	01110011;
	32587 :	10000101;
	32586 :	01001001;
	32585 :	10000101;
	32584 :	01001001;
	32583 :	00000101;
	32582 :	01101010;
	32581 :	01000110;
	32580 :	10001010;
	32579 :	11100101;
	32578 :	10000001;
	32577 :	00100100;
	32576 :	10010010;
	32575 :	00100100;
	32574 :	10010010;
	32573 :	10101000;
	32572 :	10010010;
	32571 :	00001001;
	32570 :	10100011;
	32569 :	10001011;
	32568 :	10101011;
	32567 :	00001101;
	32566 :	11000100;
	32565 :	10101111;
	32564 :	11000100;
	32563 :	10110001;
	32562 :	11001100;
	32561 :	00110010;
	32560 :	11001101;
	32559 :	00110001;
	32558 :	11001101;
	32557 :	00110010;
	32556 :	11001101;
	32555 :	00001111;
	32554 :	11001101;
	32553 :	10000111;
	32552 :	01111010;
	32551 :	10000011;
	32550 :	01000001;
	32549 :	10000101;
	32548 :	01001001;
	32547 :	01000011;
	32546 :	01000001;
	32545 :	11000001;
	32544 :	01000000;
	32543 :	00100010;
	32542 :	00101001;
	32541 :	11000001;
	32540 :	01000000;
	32539 :	01000011;
	32538 :	01000001;
	32537 :	10101101;
	32536 :	10001011;
	32535 :	00100111;
	32534 :	01010010;
	32533 :	11000001;
	32532 :	01000000;
	32531 :	10101101;
	32530 :	10001011;
	32529 :	11001000;
	32528 :	01101001;
	32527 :	11001000;
	32526 :	01001001;
	32525 :	11110101;
	32524 :	10110100;
	32523 :	01110100;
	32522 :	10100100;
	32521 :	11010100;
	32520 :	10100100;
	32519 :	11110110;
	32518 :	10110100;
	32517 :	00010101;
	32516 :	10101101;
	32515 :	00010101;
	32514 :	10101101;
	32513 :	00010101;
	32512 :	10101101;
	32511 :	11001000;
	32510 :	01001001;
	32509 :	10000101;
	32508 :	01001001;
	32507 :	01100100;
	32506 :	00110001;
	32505 :	01100100;
	32504 :	00110001;
	32503 :	01100100;
	32502 :	00110001;
	32501 :	00000010;
	32500 :	00011001;
	32499 :	01101001;
	32498 :	00111001;
	32497 :	01100100;
	32496 :	00110001;
	32495 :	01100100;
	32494 :	00110001;
	32493 :	01100100;
	32492 :	00110001;
	32491 :	01100100;
	32490 :	00110001;
	32489 :	01100100;
	32488 :	00110001;
	32487 :	01100100;
	32486 :	00110001;
	32485 :	01100100;
	32484 :	00110001;
	32483 :	01100100;
	32482 :	00110001;
	32481 :	01100100;
	32480 :	00110001;
	32479 :	01100100;
	32478 :	00110001;
	32477 :	01100100;
	32476 :	00110001;
	32475 :	01100100;
	32474 :	00110001;
	32473 :	01100100;
	32472 :	00110001;
	32471 :	01100100;
	32470 :	00110001;
	32469 :	01100100;
	32468 :	00110001;
	32467 :	01101001;
	32466 :	00111001;
	32465 :	01100100;
	32464 :	00110001;
	32463 :	01100100;
	32462 :	00110001;
	32461 :	01100100;
	32460 :	00110001;
	32459 :	01101001;
	32458 :	00111001;
	32457 :	00000010;
	32456 :	00011001;
	32455 :	01001100;
	32454 :	01010010;
	32453 :	01101001;
	32452 :	00111001;
	32451 :	00000010;
	32450 :	00011001;
	32449 :	01001100;
	32448 :	01010010;
	32447 :	00000010;
	32446 :	00011001;
	32445 :	01100100;
	32444 :	00110001;
	32443 :	00000010;
	32442 :	00011001;
	32441 :	00000010;
	32440 :	00011001;
	32439 :	11000001;
	32438 :	00100000;
	32437 :	10100000;
	32436 :	00011000;
	32435 :	10100000;
	32434 :	00011000;
	32433 :	10100000;
	32432 :	00011000;
	32431 :	10100000;
	32430 :	00011000;
	32429 :	10100000;
	32428 :	00011000;
	32427 :	10100000;
	32426 :	00011000;
	32425 :	10100000;
	32424 :	00011000;
	32423 :	11000001;
	32422 :	00100000;
	32421 :	10100000;
	32420 :	00011000;
	32419 :	10100000;
	32418 :	00011000;
	32417 :	10100000;
	32416 :	00011000;
	32415 :	10100000;
	32414 :	00011000;
	32413 :	10100000;
	32412 :	00011000;
	32411 :	10100000;
	32410 :	00011000;
	32409 :	10100000;
	32408 :	00011000;
	32407 :	10100000;
	32406 :	00011000;
	32405 :	10100000;
	32404 :	00011000;
	32403 :	10100000;
	32402 :	00011000;
	32401 :	10100000;
	32400 :	00011000;
	32399 :	10100000;
	32398 :	00011000;
	32397 :	10100000;
	32396 :	00011000;
	32395 :	11000001;
	32394 :	00100000;
	32393 :	10100000;
	32392 :	00011000;
	32391 :	11000001;
	32390 :	00100000;
	32389 :	10100000;
	32388 :	00011000;
	32387 :	11000001;
	32386 :	00100000;
	32385 :	10100000;
	32384 :	00011000;
	32383 :	00000010;
	32382 :	00011001;
	32381 :	11000001;
	32380 :	00100000;
	32379 :	10100000;
	32378 :	00011000;
	32377 :	00000010;
	32376 :	00011001;
	32375 :	00000010;
	32374 :	00011001;
	32373 :	11000001;
	32372 :	00100000;
	32371 :	00000010;
	32370 :	00011001;
	32369 :	00000010;
	32368 :	00011001;
	32367 :	00000010;
	32366 :	00011001;
	32365 :	11000001;
	32364 :	00100000;
	32363 :	00000010;
	32362 :	00011001;
	32361 :	00000010;
	32360 :	00011001;
	32359 :	11000001;
	32358 :	00100000;
	32357 :	11000001;
	32356 :	00100000;
	32355 :	11000001;
	32354 :	00100000;
	32353 :	01100100;
	32352 :	00110001;
	32351 :	00100111;
	32350 :	01010010;
	32349 :	01100100;
	32348 :	00110001;
	32347 :	10000101;
	32346 :	01001001;
	32345 :	01100100;
	32344 :	00110001;
	32343 :	10100000;
	32342 :	00011000;
	32341 :	00101111;
	32340 :	10010100;
	32339 :	00100111;
	32338 :	01010010;
	32337 :	00100111;
	32336 :	01010010;
	32335 :	00000010;
	32334 :	00011001;
	32333 :	00100010;
	32332 :	00101001;
	32331 :	00100010;
	32330 :	00101001;
	32329 :	01100100;
	32328 :	00110001;
	32327 :	00100101;
	32326 :	10000010;
	32325 :	10101000;
	32324 :	10010010;
	32323 :	01100111;
	32322 :	10100010;
	32321 :	10101000;
	32320 :	10010010;
	32319 :	00101010;
	32318 :	10101011;
	32317 :	10001010;
	32316 :	10011011;
	32315 :	10001011;
	32314 :	10101011;
	32313 :	10001011;
	32312 :	10101011;
	32311 :	10001101;
	32310 :	10110011;
	32309 :	10001010;
	32308 :	10011011;
	32307 :	10000111;
	32306 :	10001010;
	32305 :	01001001;
	32304 :	10000011;
	32303 :	10000111;
	32302 :	01111010;
	32301 :	00100010;
	32300 :	00101001;
	32299 :	00000001;
	32298 :	01001001;
	32297 :	00100010;
	32296 :	00101001;
	32295 :	10000011;
	32294 :	01000001;
	32293 :	00000001;
	32292 :	01001001;
	32291 :	00100010;
	32290 :	00101001;
	32289 :	00100010;
	32288 :	00101001;
	32287 :	01000011;
	32286 :	01000001;
	32285 :	00101011;
	32284 :	10000011;
	32283 :	10101101;
	32282 :	10001011;
	32281 :	11000001;
	32280 :	01000000;
	32279 :	00000001;
	32278 :	01001001;
	32277 :	10101101;
	32276 :	10001011;
	32275 :	10100110;
	32274 :	01101001;
	32273 :	01100110;
	32272 :	01101001;
	32271 :	01000011;
	32270 :	01010001;
	32269 :	10010010;
	32268 :	10101100;
	32267 :	11010100;
	32266 :	10100100;
	32265 :	11010100;
	32264 :	10100100;
	32263 :	00010101;
	32262 :	10101101;
	32261 :	00010101;
	32260 :	10101101;
	32259 :	00010101;
	32258 :	10101101;
	32257 :	00110101;
	32256 :	10110101;
	32255 :	01101001;
	32254 :	01011010;
	32253 :	01100100;
	32252 :	00110001;
	32251 :	10000101;
	32250 :	01001001;
	32249 :	01100100;
	32248 :	00110001;
	32247 :	01101001;
	32246 :	00111001;
	32245 :	01100100;
	32244 :	00110001;
	32243 :	01100100;
	32242 :	00110001;
	32241 :	01101001;
	32240 :	00111001;
	32239 :	01100100;
	32238 :	00110001;
	32237 :	01100100;
	32236 :	00110001;
	32235 :	01100100;
	32234 :	00110001;
	32233 :	01101001;
	32232 :	00111001;
	32231 :	01100100;
	32230 :	00110001;
	32229 :	01100100;
	32228 :	00110001;
	32227 :	01100100;
	32226 :	00110001;
	32225 :	01100100;
	32224 :	00110001;
	32223 :	01100100;
	32222 :	00110001;
	32221 :	01101001;
	32220 :	00111001;
	32219 :	01100100;
	32218 :	00110001;
	32217 :	01100100;
	32216 :	00110001;
	32215 :	01101001;
	32214 :	00111001;
	32213 :	01100100;
	32212 :	00110001;
	32211 :	01100100;
	32210 :	00110001;
	32209 :	01100100;
	32208 :	00110001;
	32207 :	01101001;
	32206 :	00111001;
	32205 :	01100100;
	32204 :	00110001;
	32203 :	01100100;
	32202 :	00110001;
	32201 :	01100100;
	32200 :	00110001;
	32199 :	01100100;
	32198 :	00110001;
	32197 :	01100100;
	32196 :	00110001;
	32195 :	01100100;
	32194 :	00110001;
	32193 :	01100100;
	32192 :	00110001;
	32191 :	01100100;
	32190 :	00110001;
	32189 :	00000010;
	32188 :	00011001;
	32187 :	01100100;
	32186 :	00110001;
	32185 :	00000010;
	32184 :	00011001;
	32183 :	10100000;
	32182 :	00011000;
	32181 :	10100000;
	32180 :	00011000;
	32179 :	10100000;
	32178 :	00011000;
	32177 :	10100000;
	32176 :	00011000;
	32175 :	11000001;
	32174 :	01000000;
	32173 :	11000001;
	32172 :	00100000;
	32171 :	11000001;
	32170 :	01000000;
	32169 :	11000001;
	32168 :	01000000;
	32167 :	11000001;
	32166 :	00100000;
	32165 :	11000001;
	32164 :	01000000;
	32163 :	11000001;
	32162 :	00100000;
	32161 :	10100000;
	32160 :	00011000;
	32159 :	10100000;
	32158 :	00011000;
	32157 :	10100000;
	32156 :	00011000;
	32155 :	10100000;
	32154 :	00011000;
	32153 :	10100000;
	32152 :	00011000;
	32151 :	10100000;
	32150 :	00011000;
	32149 :	10100000;
	32148 :	00011000;
	32147 :	10100000;
	32146 :	00011000;
	32145 :	11000001;
	32144 :	00100000;
	32143 :	10100000;
	32142 :	00011000;
	32141 :	11000001;
	32140 :	00100000;
	32139 :	10100000;
	32138 :	00011000;
	32137 :	10100000;
	32136 :	00011000;
	32135 :	11000001;
	32134 :	00100000;
	32133 :	10100000;
	32132 :	00011000;
	32131 :	10100000;
	32130 :	00011000;
	32129 :	11000001;
	32128 :	00100000;
	32127 :	10100000;
	32126 :	00011000;
	32125 :	00000010;
	32124 :	00011001;
	32123 :	00000010;
	32122 :	00011001;
	32121 :	00000010;
	32120 :	00011001;
	32119 :	00000010;
	32118 :	00011001;
	32117 :	00000010;
	32116 :	00011001;
	32115 :	00000010;
	32114 :	00011001;
	32113 :	11000001;
	32112 :	00100000;
	32111 :	00000010;
	32110 :	00011001;
	32109 :	00000010;
	32108 :	00011001;
	32107 :	00000010;
	32106 :	00011001;
	32105 :	00000010;
	32104 :	00011001;
	32103 :	11000001;
	32102 :	00100000;
	32101 :	00000010;
	32100 :	00011001;
	32099 :	11000001;
	32098 :	00100000;
	32097 :	01101100;
	32096 :	01111011;
	32095 :	00101111;
	32094 :	10010100;
	32093 :	00101111;
	32092 :	10010100;
	32091 :	00101111;
	32090 :	10010100;
	32089 :	00101111;
	32088 :	10010100;
	32087 :	00101111;
	32086 :	10010100;
	32085 :	10101101;
	32084 :	10001011;
	32083 :	00100111;
	32082 :	01010010;
	32081 :	01101100;
	32080 :	01111011;
	32079 :	00101011;
	32078 :	01110011;
	32077 :	01100100;
	32076 :	00110001;
	32075 :	10100000;
	32074 :	00011000;
	32073 :	10000101;
	32072 :	01001001;
	32071 :	01001001;
	32070 :	10000011;
	32069 :	00101010;
	32068 :	10010011;
	32067 :	00101010;
	32066 :	10101011;
	32065 :	10001011;
	32064 :	10101011;
	32063 :	10001011;
	32062 :	10101011;
	32061 :	10001101;
	32060 :	10110011;
	32059 :	10001010;
	32058 :	10011011;
	32057 :	00000101;
	32056 :	01101010;
	32055 :	11000001;
	32054 :	01000000;
	32053 :	11000001;
	32052 :	00100000;
	32051 :	00100010;
	32050 :	00101001;
	32049 :	11000001;
	32048 :	00100000;
	32047 :	11000001;
	32046 :	00100000;
	32045 :	11000001;
	32044 :	00100000;
	32043 :	11000001;
	32042 :	00100000;
	32041 :	11000001;
	32040 :	00100000;
	32039 :	00000001;
	32038 :	01001001;
	32037 :	11000001;
	32036 :	00100000;
	32035 :	01000011;
	32034 :	01000001;
	32033 :	10000101;
	32032 :	01001001;
	32031 :	00101011;
	32030 :	01110011;
	32029 :	11000001;
	32028 :	01000000;
	32027 :	00100010;
	32026 :	00101001;
	32025 :	01000011;
	32024 :	01000001;
	32023 :	00101011;
	32022 :	10000011;
	32021 :	00100110;
	32020 :	01101010;
	32019 :	10100110;
	32018 :	01101001;
	32017 :	01000011;
	32016 :	01010001;
	32015 :	10000101;
	32014 :	01001001;
	32013 :	10010010;
	32012 :	10101100;
	32011 :	01110100;
	32010 :	10100100;
	32009 :	11110101;
	32008 :	10110100;
	32007 :	11010100;
	32006 :	10100100;
	32005 :	11110101;
	32004 :	10110100;
	32003 :	11110110;
	32002 :	10110100;
	32001 :	00010101;
	32000 :	10101101;
	31999 :	01101100;
	31998 :	01111011;
	31997 :	10000101;
	31996 :	01001001;
	31995 :	01100100;
	31994 :	00110001;
	31993 :	01100100;
	31992 :	00110001;
	31991 :	01100100;
	31990 :	00110001;
	31989 :	01100100;
	31988 :	00110001;
	31987 :	01100100;
	31986 :	00110001;
	31985 :	01100100;
	31984 :	00110001;
	31983 :	01100100;
	31982 :	00110001;
	31981 :	01101001;
	31980 :	00111001;
	31979 :	01100100;
	31978 :	00110001;
	31977 :	01100100;
	31976 :	00110001;
	31975 :	01100100;
	31974 :	00110001;
	31973 :	01100100;
	31972 :	00110001;
	31971 :	01101001;
	31970 :	00111001;
	31969 :	01100100;
	31968 :	00110001;
	31967 :	01100100;
	31966 :	00110001;
	31965 :	01100100;
	31964 :	00110001;
	31963 :	01100100;
	31962 :	00110001;
	31961 :	01100100;
	31960 :	00110001;
	31959 :	01100100;
	31958 :	00110001;
	31957 :	01100100;
	31956 :	00110001;
	31955 :	01100100;
	31954 :	00110001;
	31953 :	01100100;
	31952 :	00110001;
	31951 :	01100100;
	31950 :	00110001;
	31949 :	01100100;
	31948 :	00110001;
	31947 :	01101001;
	31946 :	00111001;
	31945 :	01100100;
	31944 :	00110001;
	31943 :	01100100;
	31942 :	00110001;
	31941 :	01100100;
	31940 :	00110001;
	31939 :	01101001;
	31938 :	00111001;
	31937 :	01100100;
	31936 :	00110001;
	31935 :	01101001;
	31934 :	00111001;
	31933 :	01100100;
	31932 :	00110001;
	31931 :	01100100;
	31930 :	00110001;
	31929 :	01100100;
	31928 :	00110001;
	31927 :	00000010;
	31926 :	00011001;
	31925 :	10100000;
	31924 :	00011000;
	31923 :	11000001;
	31922 :	01000000;
	31921 :	00000001;
	31920 :	01001001;
	31919 :	01000010;
	31918 :	01100001;
	31917 :	11000100;
	31916 :	01110001;
	31915 :	11000100;
	31914 :	01110001;
	31913 :	11100101;
	31912 :	10000001;
	31911 :	01000110;
	31910 :	10001010;
	31909 :	00100100;
	31908 :	01111010;
	31907 :	00000101;
	31906 :	01101010;
	31905 :	00100000;
	31904 :	01011001;
	31903 :	11000001;
	31902 :	00100000;
	31901 :	10100000;
	31900 :	00011000;
	31899 :	10100000;
	31898 :	00011000;
	31897 :	10100000;
	31896 :	00011000;
	31895 :	10100000;
	31894 :	00011000;
	31893 :	10100000;
	31892 :	00011000;
	31891 :	11000001;
	31890 :	00100000;
	31889 :	10100000;
	31888 :	00011000;
	31887 :	10100000;
	31886 :	00011000;
	31885 :	10100000;
	31884 :	00011000;
	31883 :	11000001;
	31882 :	00100000;
	31881 :	10100000;
	31880 :	00011000;
	31879 :	10100000;
	31878 :	00011000;
	31877 :	11000001;
	31876 :	00100000;
	31875 :	10100000;
	31874 :	00011000;
	31873 :	11000001;
	31872 :	00100000;
	31871 :	00000010;
	31870 :	00011001;
	31869 :	00000010;
	31868 :	00011001;
	31867 :	00000010;
	31866 :	00011001;
	31865 :	11000001;
	31864 :	00100000;
	31863 :	00000010;
	31862 :	00011001;
	31861 :	11000001;
	31860 :	00100000;
	31859 :	00000010;
	31858 :	00011001;
	31857 :	00000010;
	31856 :	00011001;
	31855 :	11000001;
	31854 :	00100000;
	31853 :	00000010;
	31852 :	00011001;
	31851 :	00100010;
	31850 :	00101001;
	31849 :	11000001;
	31848 :	00100000;
	31847 :	00000010;
	31846 :	00011001;
	31845 :	11000001;
	31844 :	00100000;
	31843 :	11000001;
	31842 :	00100000;
	31841 :	00100010;
	31840 :	00101001;
	31839 :	01000011;
	31838 :	01010001;
	31837 :	00100111;
	31836 :	01010010;
	31835 :	10101001;
	31834 :	01101010;
	31833 :	10101101;
	31832 :	10001011;
	31831 :	00101111;
	31830 :	10010100;
	31829 :	00101111;
	31828 :	10010100;
	31827 :	01100100;
	31826 :	00110001;
	31825 :	00010011;
	31824 :	10110101;
	31823 :	00101111;
	31822 :	10010100;
	31821 :	00101111;
	31820 :	10010100;
	31819 :	00101011;
	31818 :	01110011;
	31817 :	10000011;
	31816 :	01000001;
	31815 :	00100010;
	31814 :	00101001;
	31813 :	00100010;
	31812 :	00101001;
	31811 :	00100010;
	31810 :	00101001;
	31809 :	10100000;
	31808 :	00011000;
	31807 :	00100010;
	31806 :	00101001;
	31805 :	11000001;
	31804 :	00100000;
	31803 :	11000001;
	31802 :	00100000;
	31801 :	00100010;
	31800 :	00101001;
	31799 :	11000001;
	31798 :	00100000;
	31797 :	00000010;
	31796 :	00011001;
	31795 :	11000001;
	31794 :	00100000;
	31793 :	00000010;
	31792 :	00011001;
	31791 :	11000001;
	31790 :	00100000;
	31789 :	00100010;
	31788 :	00101001;
	31787 :	11000001;
	31786 :	00100000;
	31785 :	00100010;
	31784 :	00101001;
	31783 :	00100010;
	31782 :	00101001;
	31781 :	01000011;
	31780 :	01000001;
	31779 :	01000011;
	31778 :	01010001;
	31777 :	00100010;
	31776 :	00101001;
	31775 :	11000001;
	31774 :	00100000;
	31773 :	11000001;
	31772 :	00100000;
	31771 :	11000001;
	31770 :	00100000;
	31769 :	01001001;
	31768 :	10000011;
	31767 :	10000101;
	31766 :	01001001;
	31765 :	00000001;
	31764 :	01001001;
	31763 :	01000011;
	31762 :	01000001;
	31761 :	11000001;
	31760 :	01000000;
	31759 :	01000011;
	31758 :	01010001;
	31757 :	10010010;
	31756 :	10101100;
	31755 :	11010100;
	31754 :	10100100;
	31753 :	11010100;
	31752 :	10100100;
	31751 :	11110101;
	31750 :	10110100;
	31749 :	00010101;
	31748 :	10101101;
	31747 :	00010101;
	31746 :	10101101;
	31745 :	00010101;
	31744 :	10101101;
	31743 :	01010110;
	31742 :	11000101;
	31741 :	10000101;
	31740 :	01001001;
	31739 :	01100100;
	31738 :	00110001;
	31737 :	11100100;
	31736 :	00101000;
	31735 :	01100100;
	31734 :	00110001;
	31733 :	01100100;
	31732 :	00110001;
	31731 :	00000010;
	31730 :	00011001;
	31729 :	01101001;
	31728 :	00111001;
	31727 :	01100100;
	31726 :	00110001;
	31725 :	01100100;
	31724 :	00110001;
	31723 :	01101001;
	31722 :	00111001;
	31721 :	01100100;
	31720 :	00110001;
	31719 :	01100100;
	31718 :	00110001;
	31717 :	01100100;
	31716 :	00110001;
	31715 :	01100100;
	31714 :	00110001;
	31713 :	01100100;
	31712 :	00110001;
	31711 :	01100100;
	31710 :	00110001;
	31709 :	01100100;
	31708 :	00110001;
	31707 :	01100100;
	31706 :	00110001;
	31705 :	01100100;
	31704 :	00110001;
	31703 :	01100100;
	31702 :	00110001;
	31701 :	01100100;
	31700 :	00110001;
	31699 :	01100100;
	31698 :	00110001;
	31697 :	01100100;
	31696 :	00110001;
	31695 :	01101001;
	31694 :	00111001;
	31693 :	01100100;
	31692 :	00110001;
	31691 :	01100100;
	31690 :	00110001;
	31689 :	01100100;
	31688 :	00110001;
	31687 :	01101001;
	31686 :	00111001;
	31685 :	01100100;
	31684 :	00110001;
	31683 :	01100100;
	31682 :	00110001;
	31681 :	01100100;
	31680 :	00110001;
	31679 :	00000010;
	31678 :	00011001;
	31677 :	01101001;
	31676 :	00111001;
	31675 :	00000010;
	31674 :	00011001;
	31673 :	01100100;
	31672 :	00110001;
	31671 :	00100010;
	31670 :	00101001;
	31669 :	11000001;
	31668 :	00100000;
	31667 :	11000001;
	31666 :	00100000;
	31665 :	01000011;
	31664 :	01010001;
	31663 :	11100101;
	31662 :	10000001;
	31661 :	11100110;
	31660 :	01110001;
	31659 :	10101000;
	31658 :	10010010;
	31657 :	00101010;
	31656 :	10010011;
	31655 :	00101010;
	31654 :	10101011;
	31653 :	00101010;
	31652 :	10010011;
	31651 :	01000111;
	31650 :	10010010;
	31649 :	01000110;
	31648 :	10001010;
	31647 :	00000001;
	31646 :	01001001;
	31645 :	10100000;
	31644 :	00011000;
	31643 :	10100000;
	31642 :	00011000;
	31641 :	10100000;
	31640 :	00011000;
	31639 :	10100000;
	31638 :	00011000;
	31637 :	10100000;
	31636 :	00011000;
	31635 :	10100000;
	31634 :	00011000;
	31633 :	10100000;
	31632 :	00011000;
	31631 :	10100000;
	31630 :	00011000;
	31629 :	11000001;
	31628 :	00100000;
	31627 :	10100000;
	31626 :	00011000;
	31625 :	11000001;
	31624 :	00100000;
	31623 :	00000010;
	31622 :	00011001;
	31621 :	11000001;
	31620 :	00100000;
	31619 :	00000010;
	31618 :	00011001;
	31617 :	00000010;
	31616 :	00011001;
	31615 :	11000001;
	31614 :	00100000;
	31613 :	00000010;
	31612 :	00011001;
	31611 :	00000010;
	31610 :	00011001;
	31609 :	00000010;
	31608 :	00011001;
	31607 :	11000001;
	31606 :	00100000;
	31605 :	11000001;
	31604 :	00100000;
	31603 :	11000001;
	31602 :	00100000;
	31601 :	11000001;
	31600 :	00100000;
	31599 :	00000010;
	31598 :	00011001;
	31597 :	11000001;
	31596 :	00100000;
	31595 :	11000001;
	31594 :	00100000;
	31593 :	11000001;
	31592 :	00100000;
	31591 :	11000001;
	31590 :	00100000;
	31589 :	11000001;
	31588 :	00100000;
	31587 :	11000001;
	31586 :	00100000;
	31585 :	11000001;
	31584 :	00100000;
	31583 :	11000001;
	31582 :	00100000;
	31581 :	00100010;
	31580 :	00101001;
	31579 :	10100000;
	31578 :	00011000;
	31577 :	00100010;
	31576 :	00101001;
	31575 :	10100000;
	31574 :	00011000;
	31573 :	00101111;
	31572 :	10010100;
	31571 :	10000011;
	31570 :	01000001;
	31569 :	10101101;
	31568 :	10001011;
	31567 :	00000010;
	31566 :	00011001;
	31565 :	10100000;
	31564 :	00011000;
	31563 :	01101001;
	31562 :	01011010;
	31561 :	01100100;
	31560 :	00110001;
	31559 :	01100100;
	31558 :	00110001;
	31557 :	00000010;
	31556 :	00011001;
	31555 :	00100010;
	31554 :	00101001;
	31553 :	11000001;
	31552 :	00100000;
	31551 :	11000001;
	31550 :	00100000;
	31549 :	00100010;
	31548 :	00101001;
	31547 :	11000001;
	31546 :	00100000;
	31545 :	11000001;
	31544 :	00100000;
	31543 :	11000001;
	31542 :	00100000;
	31541 :	11000001;
	31540 :	00100000;
	31539 :	11000001;
	31538 :	00100000;
	31537 :	00100010;
	31536 :	00101001;
	31535 :	11000001;
	31534 :	00100000;
	31533 :	11000001;
	31532 :	00100000;
	31531 :	11000001;
	31530 :	00100000;
	31529 :	10100000;
	31528 :	00011000;
	31527 :	11000001;
	31526 :	00100000;
	31525 :	11000001;
	31524 :	00100000;
	31523 :	10100000;
	31522 :	00011000;
	31521 :	11000001;
	31520 :	00100000;
	31519 :	11000001;
	31518 :	00100000;
	31517 :	11000001;
	31516 :	01000000;
	31515 :	10000011;
	31514 :	01000001;
	31513 :	11000001;
	31512 :	01000000;
	31511 :	11000001;
	31510 :	01000000;
	31509 :	00000001;
	31508 :	01001001;
	31507 :	11000001;
	31506 :	01000000;
	31505 :	01000011;
	31504 :	01000001;
	31503 :	01000011;
	31502 :	01000001;
	31501 :	00010011;
	31500 :	10110101;
	31499 :	10110100;
	31498 :	10011100;
	31497 :	11110101;
	31496 :	10110100;
	31495 :	11010100;
	31494 :	10100100;
	31493 :	11110110;
	31492 :	10110100;
	31491 :	00010101;
	31490 :	10101101;
	31489 :	00110111;
	31488 :	10110101;
	31487 :	11011000;
	31486 :	11010101;
	31485 :	10000101;
	31484 :	01001001;
	31483 :	10000011;
	31482 :	01000001;
	31481 :	00100010;
	31480 :	00101001;
	31479 :	00100010;
	31478 :	00101001;
	31477 :	01100100;
	31476 :	00110001;
	31475 :	01101001;
	31474 :	00111001;
	31473 :	00000010;
	31472 :	00011001;
	31471 :	01101001;
	31470 :	00111001;
	31469 :	01100100;
	31468 :	00110001;
	31467 :	01100100;
	31466 :	00110001;
	31465 :	01100100;
	31464 :	00110001;
	31463 :	01101001;
	31462 :	00111001;
	31461 :	01100100;
	31460 :	00110001;
	31459 :	01100100;
	31458 :	00110001;
	31457 :	01101001;
	31456 :	00111001;
	31455 :	01100100;
	31454 :	00110001;
	31453 :	01100100;
	31452 :	00110001;
	31451 :	01101001;
	31450 :	00111001;
	31449 :	01100100;
	31448 :	00110001;
	31447 :	01100100;
	31446 :	00110001;
	31445 :	01101001;
	31444 :	00111001;
	31443 :	01100100;
	31442 :	00110001;
	31441 :	01100100;
	31440 :	00110001;
	31439 :	01100100;
	31438 :	00110001;
	31437 :	01101001;
	31436 :	00111001;
	31435 :	01100100;
	31434 :	00110001;
	31433 :	01101001;
	31432 :	00111001;
	31431 :	01100100;
	31430 :	00110001;
	31429 :	01101001;
	31428 :	00111001;
	31427 :	01100100;
	31426 :	00110001;
	31425 :	01100100;
	31424 :	00110001;
	31423 :	01100100;
	31422 :	00110001;
	31421 :	01100100;
	31420 :	00110001;
	31419 :	01101001;
	31418 :	00111001;
	31417 :	11100100;
	31416 :	00101000;
	31415 :	01100100;
	31414 :	00110001;
	31413 :	00100010;
	31412 :	00101001;
	31411 :	11000001;
	31410 :	01000000;
	31409 :	01000011;
	31408 :	01010001;
	31407 :	01000110;
	31406 :	10001010;
	31405 :	11100110;
	31404 :	01110001;
	31403 :	10001101;
	31402 :	10110011;
	31401 :	00101010;
	31400 :	10010011;
	31399 :	00101010;
	31398 :	10101011;
	31397 :	00101010;
	31396 :	10101011;
	31395 :	00101010;
	31394 :	10010011;
	31393 :	10101000;
	31392 :	10010010;
	31391 :	00100110;
	31390 :	01111010;
	31389 :	11000001;
	31388 :	01000000;
	31387 :	11000001;
	31386 :	01000000;
	31385 :	10100000;
	31384 :	00011000;
	31383 :	10100000;
	31382 :	00011000;
	31381 :	10100000;
	31380 :	00011000;
	31379 :	10100000;
	31378 :	00011000;
	31377 :	11000001;
	31376 :	00100000;
	31375 :	10100000;
	31374 :	00011000;
	31373 :	11000001;
	31372 :	00100000;
	31371 :	10100000;
	31370 :	00011000;
	31369 :	00000010;
	31368 :	00011001;
	31367 :	00000010;
	31366 :	00011001;
	31365 :	11000001;
	31364 :	00100000;
	31363 :	11000001;
	31362 :	00100000;
	31361 :	00000010;
	31360 :	00011001;
	31359 :	11000001;
	31358 :	00100000;
	31357 :	11000001;
	31356 :	00100000;
	31355 :	11000001;
	31354 :	00100000;
	31353 :	11000001;
	31352 :	00100000;
	31351 :	10100000;
	31350 :	00011000;
	31349 :	00000010;
	31348 :	00011001;
	31347 :	00000010;
	31346 :	00011001;
	31345 :	11000001;
	31344 :	00100000;
	31343 :	11000001;
	31342 :	00100000;
	31341 :	11000001;
	31340 :	00100000;
	31339 :	00000010;
	31338 :	00011001;
	31337 :	11000001;
	31336 :	00100000;
	31335 :	11000001;
	31334 :	00100000;
	31333 :	00100010;
	31332 :	00101001;
	31331 :	10100000;
	31330 :	00011000;
	31329 :	01101001;
	31328 :	01011010;
	31327 :	01101100;
	31326 :	01111011;
	31325 :	00101011;
	31324 :	01110011;
	31323 :	10101001;
	31322 :	01101010;
	31321 :	01101001;
	31320 :	01011010;
	31319 :	10100000;
	31318 :	00011000;
	31317 :	00101111;
	31316 :	10010100;
	31315 :	00100111;
	31314 :	01010010;
	31313 :	01101100;
	31312 :	01111011;
	31311 :	10100000;
	31310 :	00011000;
	31309 :	00000010;
	31308 :	00011001;
	31307 :	00000010;
	31306 :	00011001;
	31305 :	00100010;
	31304 :	00101001;
	31303 :	00100010;
	31302 :	00101001;
	31301 :	00100010;
	31300 :	00101001;
	31299 :	00100010;
	31298 :	00101001;
	31297 :	00100010;
	31296 :	00101001;
	31295 :	00100010;
	31294 :	00101001;
	31293 :	11000001;
	31292 :	00100000;
	31291 :	00100010;
	31290 :	00101001;
	31289 :	11000001;
	31288 :	00100000;
	31287 :	00100010;
	31286 :	00101001;
	31285 :	00100010;
	31284 :	00101001;
	31283 :	11000001;
	31282 :	00100000;
	31281 :	11000001;
	31280 :	00100000;
	31279 :	11000001;
	31278 :	00100000;
	31277 :	10100000;
	31276 :	00011000;
	31275 :	11000001;
	31274 :	00100000;
	31273 :	10100000;
	31272 :	00011000;
	31271 :	11000001;
	31270 :	00100000;
	31269 :	11000001;
	31268 :	00100000;
	31267 :	11000001;
	31266 :	00100000;
	31265 :	11000001;
	31264 :	00100000;
	31263 :	11000001;
	31262 :	00100000;
	31261 :	11000001;
	31260 :	00100000;
	31259 :	11000001;
	31258 :	01000000;
	31257 :	11000001;
	31256 :	00100000;
	31255 :	11000001;
	31254 :	00100000;
	31253 :	11000001;
	31252 :	00100000;
	31251 :	11000001;
	31250 :	01000000;
	31249 :	11000001;
	31248 :	01000000;
	31247 :	10101001;
	31246 :	01101010;
	31245 :	10010010;
	31244 :	10101100;
	31243 :	11110101;
	31242 :	10110100;
	31241 :	11010100;
	31240 :	10100100;
	31239 :	11110101;
	31238 :	10110100;
	31237 :	11110110;
	31236 :	10110100;
	31235 :	00010101;
	31234 :	10101101;
	31233 :	00010101;
	31232 :	10101101;
	31231 :	01010110;
	31230 :	11000101;
	31229 :	10101001;
	31228 :	01101010;
	31227 :	01000011;
	31226 :	01010001;
	31225 :	00000010;
	31224 :	00011001;
	31223 :	11100100;
	31222 :	00101000;
	31221 :	01100100;
	31220 :	00110001;
	31219 :	01100100;
	31218 :	00110001;
	31217 :	01100100;
	31216 :	00110001;
	31215 :	01100100;
	31214 :	00110001;
	31213 :	01100100;
	31212 :	00110001;
	31211 :	01101001;
	31210 :	00111001;
	31209 :	01100100;
	31208 :	00110001;
	31207 :	01100100;
	31206 :	00110001;
	31205 :	01100100;
	31204 :	00110001;
	31203 :	01100100;
	31202 :	00110001;
	31201 :	01100100;
	31200 :	00110001;
	31199 :	01100100;
	31198 :	00110001;
	31197 :	01101001;
	31196 :	00111001;
	31195 :	01100100;
	31194 :	00110001;
	31193 :	01100100;
	31192 :	00110001;
	31191 :	01101001;
	31190 :	00111001;
	31189 :	01100100;
	31188 :	00110001;
	31187 :	01100100;
	31186 :	00110001;
	31185 :	01101001;
	31184 :	00111001;
	31183 :	01100100;
	31182 :	00110001;
	31181 :	01100100;
	31180 :	00110001;
	31179 :	01100100;
	31178 :	00110001;
	31177 :	01100100;
	31176 :	00110001;
	31175 :	01101001;
	31174 :	00111001;
	31173 :	01100100;
	31172 :	00110001;
	31171 :	01100100;
	31170 :	00110001;
	31169 :	01101001;
	31168 :	00111001;
	31167 :	01100100;
	31166 :	00110001;
	31165 :	01100100;
	31164 :	00110001;
	31163 :	01100100;
	31162 :	00110001;
	31161 :	01100100;
	31160 :	00110001;
	31159 :	01100100;
	31158 :	00110001;
	31157 :	01100100;
	31156 :	00110001;
	31155 :	00100010;
	31154 :	00101001;
	31153 :	00000001;
	31152 :	01001001;
	31151 :	01000110;
	31150 :	10001010;
	31149 :	10101000;
	31148 :	10010010;
	31147 :	00101010;
	31146 :	10101011;
	31145 :	10001101;
	31144 :	10110011;
	31143 :	11010000;
	31142 :	10101011;
	31141 :	00101010;
	31140 :	10010011;
	31139 :	00101010;
	31138 :	10101011;
	31137 :	00101010;
	31136 :	10010011;
	31135 :	01000111;
	31134 :	10010010;
	31133 :	11100110;
	31132 :	01110001;
	31131 :	01000011;
	31130 :	01010001;
	31129 :	10100000;
	31128 :	00011000;
	31127 :	10100000;
	31126 :	00011000;
	31125 :	10100000;
	31124 :	00011000;
	31123 :	10100000;
	31122 :	00011000;
	31121 :	10100000;
	31120 :	00011000;
	31119 :	10100000;
	31118 :	00011000;
	31117 :	10100000;
	31116 :	00011000;
	31115 :	11000001;
	31114 :	00100000;
	31113 :	11000001;
	31112 :	00100000;
	31111 :	11000001;
	31110 :	00100000;
	31109 :	11000001;
	31108 :	00100000;
	31107 :	11000001;
	31106 :	00100000;
	31105 :	00000010;
	31104 :	00011001;
	31103 :	11000001;
	31102 :	00100000;
	31101 :	00000010;
	31100 :	00011001;
	31099 :	00000010;
	31098 :	00011001;
	31097 :	00000010;
	31096 :	00011001;
	31095 :	00100010;
	31094 :	00101001;
	31093 :	11000001;
	31092 :	00100000;
	31091 :	00000010;
	31090 :	00011001;
	31089 :	00000010;
	31088 :	00011001;
	31087 :	00000010;
	31086 :	00011001;
	31085 :	00100010;
	31084 :	00101001;
	31083 :	11000001;
	31082 :	00100000;
	31081 :	00100010;
	31080 :	00101001;
	31079 :	11000001;
	31078 :	00100000;
	31077 :	00100010;
	31076 :	00101001;
	31075 :	00000010;
	31074 :	00011001;
	31073 :	00101011;
	31072 :	01110011;
	31071 :	00101111;
	31070 :	10010100;
	31069 :	00101111;
	31068 :	10010100;
	31067 :	00101111;
	31066 :	10010100;
	31065 :	00101111;
	31064 :	10010100;
	31063 :	00101111;
	31062 :	10010100;
	31061 :	00101111;
	31060 :	10010100;
	31059 :	01100100;
	31058 :	00110001;
	31057 :	00010011;
	31056 :	10110101;
	31055 :	00101111;
	31054 :	10010100;
	31053 :	00101111;
	31052 :	10010100;
	31051 :	00000010;
	31050 :	00011001;
	31049 :	10000011;
	31048 :	01000001;
	31047 :	00100010;
	31046 :	00101001;
	31045 :	00100010;
	31044 :	00101001;
	31043 :	00100010;
	31042 :	00101001;
	31041 :	00000010;
	31040 :	00011001;
	31039 :	00100010;
	31038 :	00101001;
	31037 :	11000001;
	31036 :	00100000;
	31035 :	11000001;
	31034 :	00100000;
	31033 :	00100010;
	31032 :	00101001;
	31031 :	11000001;
	31030 :	00100000;
	31029 :	11000001;
	31028 :	00100000;
	31027 :	00100010;
	31026 :	00101001;
	31025 :	11000001;
	31024 :	00100000;
	31023 :	11000001;
	31022 :	00100000;
	31021 :	11000001;
	31020 :	00100000;
	31019 :	11000001;
	31018 :	00100000;
	31017 :	11000001;
	31016 :	00100000;
	31015 :	10100000;
	31014 :	00011000;
	31013 :	11000001;
	31012 :	00100000;
	31011 :	11000001;
	31010 :	00100000;
	31009 :	11000001;
	31008 :	00100000;
	31007 :	00100010;
	31006 :	00101001;
	31005 :	00100010;
	31004 :	00101001;
	31003 :	00100010;
	31002 :	00101001;
	31001 :	00100010;
	31000 :	00101001;
	30999 :	11000001;
	30998 :	01000000;
	30997 :	10000011;
	30996 :	01000001;
	30995 :	10101001;
	30994 :	01101010;
	30993 :	10001101;
	30992 :	10110011;
	30991 :	10010010;
	30990 :	10101100;
	30989 :	00010011;
	30988 :	10110101;
	30987 :	11110101;
	30986 :	10110100;
	30985 :	11010100;
	30984 :	10100100;
	30983 :	11010100;
	30982 :	10100100;
	30981 :	11110110;
	30980 :	10110100;
	30979 :	00110101;
	30978 :	10110101;
	30977 :	00110111;
	30976 :	10101101;
	30975 :	11110110;
	30974 :	10110100;
	30973 :	10010010;
	30972 :	10101100;
	30971 :	01100100;
	30970 :	00110001;
	30969 :	11000001;
	30968 :	01000000;
	30967 :	00000010;
	30966 :	00011001;
	30965 :	00100010;
	30964 :	00101001;
	30963 :	01100100;
	30962 :	00110001;
	30961 :	01100100;
	30960 :	00110001;
	30959 :	01101001;
	30958 :	00111001;
	30957 :	00000010;
	30956 :	00011001;
	30955 :	01101001;
	30954 :	00111001;
	30953 :	01100100;
	30952 :	00110001;
	30951 :	01100100;
	30950 :	00110001;
	30949 :	01101001;
	30948 :	00111001;
	30947 :	01100100;
	30946 :	00110001;
	30945 :	01101001;
	30944 :	00111001;
	30943 :	01100100;
	30942 :	00110001;
	30941 :	01101001;
	30940 :	00111001;
	30939 :	01100100;
	30938 :	00110001;
	30937 :	01101001;
	30936 :	00111001;
	30935 :	01100100;
	30934 :	00110001;
	30933 :	01100100;
	30932 :	00110001;
	30931 :	01101001;
	30930 :	00111001;
	30929 :	01100100;
	30928 :	00110001;
	30927 :	01101001;
	30926 :	00111001;
	30925 :	01100100;
	30924 :	00110001;
	30923 :	01101001;
	30922 :	00111001;
	30921 :	01100100;
	30920 :	00110001;
	30919 :	01100100;
	30918 :	00110001;
	30917 :	01100100;
	30916 :	00110001;
	30915 :	01100100;
	30914 :	00110001;
	30913 :	01100100;
	30912 :	00110001;
	30911 :	01101001;
	30910 :	00111001;
	30909 :	01100100;
	30908 :	00110001;
	30907 :	01100100;
	30906 :	00110001;
	30905 :	01100100;
	30904 :	00110001;
	30903 :	01100100;
	30902 :	00110001;
	30901 :	01100100;
	30900 :	00110001;
	30899 :	11100100;
	30898 :	00101000;
	30897 :	01000011;
	30896 :	01000001;
	30895 :	01100110;
	30894 :	01101001;
	30893 :	10101000;
	30892 :	10010010;
	30891 :	11010000;
	30890 :	10101011;
	30889 :	10001101;
	30888 :	10110011;
	30887 :	11010000;
	30886 :	10101011;
	30885 :	10001101;
	30884 :	10110011;
	30883 :	00101010;
	30882 :	10010011;
	30881 :	10101000;
	30880 :	10010010;
	30879 :	10101000;
	30878 :	10010010;
	30877 :	10101000;
	30876 :	10010010;
	30875 :	11100110;
	30874 :	01110001;
	30873 :	11000001;
	30872 :	01000000;
	30871 :	11000001;
	30870 :	01000000;
	30869 :	11000001;
	30868 :	01000000;
	30867 :	11000001;
	30866 :	01000000;
	30865 :	11000001;
	30864 :	01000000;
	30863 :	11000001;
	30862 :	00100000;
	30861 :	11000001;
	30860 :	01000000;
	30859 :	11000001;
	30858 :	00100000;
	30857 :	10100000;
	30856 :	00011000;
	30855 :	00100010;
	30854 :	00101001;
	30853 :	00000010;
	30852 :	00011001;
	30851 :	00000010;
	30850 :	00011001;
	30849 :	11000001;
	30848 :	00100000;
	30847 :	00000010;
	30846 :	00011001;
	30845 :	11000001;
	30844 :	00100000;
	30843 :	00000010;
	30842 :	00011001;
	30841 :	00000010;
	30840 :	00011001;
	30839 :	00000010;
	30838 :	00011001;
	30837 :	00000010;
	30836 :	00011001;
	30835 :	00100010;
	30834 :	00101001;
	30833 :	00000010;
	30832 :	00011001;
	30831 :	00100010;
	30830 :	00101001;
	30829 :	11000001;
	30828 :	00100000;
	30827 :	11000001;
	30826 :	00100000;
	30825 :	11000001;
	30824 :	00100000;
	30823 :	00100010;
	30822 :	00101001;
	30821 :	11000001;
	30820 :	00100000;
	30819 :	11000001;
	30818 :	00100000;
	30817 :	01000011;
	30816 :	01000001;
	30815 :	01101001;
	30814 :	01011010;
	30813 :	00101011;
	30812 :	10000011;
	30811 :	10101101;
	30810 :	10001011;
	30809 :	10101101;
	30808 :	10001011;
	30807 :	00101111;
	30806 :	10010100;
	30805 :	00101111;
	30804 :	10010100;
	30803 :	00100111;
	30802 :	01010010;
	30801 :	00010011;
	30800 :	10110101;
	30799 :	00101111;
	30798 :	10010100;
	30797 :	00101111;
	30796 :	10010100;
	30795 :	01101001;
	30794 :	01011010;
	30793 :	00100010;
	30792 :	00101001;
	30791 :	00100010;
	30790 :	00101001;
	30789 :	00100010;
	30788 :	00101001;
	30787 :	00100010;
	30786 :	00101001;
	30785 :	00100010;
	30784 :	00101001;
	30783 :	00100010;
	30782 :	00101001;
	30781 :	00100010;
	30780 :	00101001;
	30779 :	11000001;
	30778 :	00100000;
	30777 :	00100010;
	30776 :	00101001;
	30775 :	11000001;
	30774 :	00100000;
	30773 :	11000001;
	30772 :	00100000;
	30771 :	00000010;
	30770 :	00011001;
	30769 :	00100010;
	30768 :	00101001;
	30767 :	00000010;
	30766 :	00011001;
	30765 :	11000001;
	30764 :	00100000;
	30763 :	11000001;
	30762 :	00100000;
	30761 :	10100000;
	30760 :	00011000;
	30759 :	11000001;
	30758 :	00100000;
	30757 :	11000001;
	30756 :	00100000;
	30755 :	11000001;
	30754 :	00100000;
	30753 :	11000001;
	30752 :	00100000;
	30751 :	11000001;
	30750 :	00100000;
	30749 :	00100010;
	30748 :	00101001;
	30747 :	00100010;
	30746 :	00101001;
	30745 :	00100010;
	30744 :	00101001;
	30743 :	11000001;
	30742 :	01000000;
	30741 :	11000001;
	30740 :	00100000;
	30739 :	11000001;
	30738 :	01000000;
	30737 :	00000001;
	30736 :	01001001;
	30735 :	10010010;
	30734 :	10101100;
	30733 :	01110100;
	30732 :	10100100;
	30731 :	11010100;
	30730 :	10100100;
	30729 :	11010100;
	30728 :	10100100;
	30727 :	11110110;
	30726 :	10110100;
	30725 :	00110101;
	30724 :	10110101;
	30723 :	00110111;
	30722 :	10101101;
	30721 :	00110101;
	30720 :	10110101;
	30719 :	01111000;
	30718 :	11000101;
	30717 :	10010101;
	30716 :	11000101;
	30715 :	00100111;
	30714 :	01010010;
	30713 :	01100100;
	30712 :	00110001;
	30711 :	11000001;
	30710 :	00100000;
	30709 :	00000010;
	30708 :	00011001;
	30707 :	11100100;
	30706 :	00101000;
	30705 :	01100100;
	30704 :	00110001;
	30703 :	01100100;
	30702 :	00110001;
	30701 :	01100100;
	30700 :	00110001;
	30699 :	01100100;
	30698 :	00110001;
	30697 :	01100100;
	30696 :	00110001;
	30695 :	01100100;
	30694 :	00110001;
	30693 :	01100100;
	30692 :	00110001;
	30691 :	01100100;
	30690 :	00110001;
	30689 :	01100100;
	30688 :	00110001;
	30687 :	01100100;
	30686 :	00110001;
	30685 :	01100100;
	30684 :	00110001;
	30683 :	01100100;
	30682 :	00110001;
	30681 :	01100100;
	30680 :	00110001;
	30679 :	01101001;
	30678 :	00111001;
	30677 :	01100100;
	30676 :	00110001;
	30675 :	01100100;
	30674 :	00110001;
	30673 :	01100100;
	30672 :	00110001;
	30671 :	01100100;
	30670 :	00110001;
	30669 :	01101001;
	30668 :	00111001;
	30667 :	01100100;
	30666 :	00110001;
	30665 :	01101001;
	30664 :	00111001;
	30663 :	01100100;
	30662 :	00110001;
	30661 :	01100100;
	30660 :	00110001;
	30659 :	01101001;
	30658 :	00111001;
	30657 :	01100100;
	30656 :	00110001;
	30655 :	00000010;
	30654 :	00011001;
	30653 :	01101001;
	30652 :	00111001;
	30651 :	01100100;
	30650 :	00110001;
	30649 :	01100100;
	30648 :	00110001;
	30647 :	01100100;
	30646 :	00110001;
	30645 :	01100100;
	30644 :	00110001;
	30643 :	01100100;
	30642 :	00110001;
	30641 :	11000001;
	30640 :	01000000;
	30639 :	01100101;
	30638 :	01100001;
	30637 :	10101000;
	30636 :	10010010;
	30635 :	10001101;
	30634 :	10110011;
	30633 :	10001101;
	30632 :	10110011;
	30631 :	10001101;
	30630 :	10110011;
	30629 :	11010000;
	30628 :	10101011;
	30627 :	10001101;
	30626 :	10110011;
	30625 :	11010000;
	30624 :	10101011;
	30623 :	00101010;
	30622 :	10101011;
	30621 :	00101010;
	30620 :	10101011;
	30619 :	10001101;
	30618 :	10110011;
	30617 :	10001101;
	30616 :	10110011;
	30615 :	11101010;
	30614 :	11001010;
	30613 :	00101010;
	30612 :	10101011;
	30611 :	10101000;
	30610 :	10010010;
	30609 :	10101000;
	30608 :	10010010;
	30607 :	11001001;
	30606 :	10100010;
	30605 :	10101000;
	30604 :	10010010;
	30603 :	00100110;
	30602 :	01111010;
	30601 :	11000001;
	30600 :	01000000;
	30599 :	11000001;
	30598 :	00100000;
	30597 :	11000001;
	30596 :	00100000;
	30595 :	00000010;
	30594 :	00011001;
	30593 :	00000010;
	30592 :	00011001;
	30591 :	00000010;
	30590 :	00011001;
	30589 :	00000010;
	30588 :	00011001;
	30587 :	11000001;
	30586 :	00100000;
	30585 :	00000010;
	30584 :	00011001;
	30583 :	11000001;
	30582 :	00100000;
	30581 :	00000010;
	30580 :	00011001;
	30579 :	00000010;
	30578 :	00011001;
	30577 :	00100010;
	30576 :	00101001;
	30575 :	11000001;
	30574 :	00100000;
	30573 :	00000010;
	30572 :	00011001;
	30571 :	00100010;
	30570 :	00101001;
	30569 :	00000010;
	30568 :	00011001;
	30567 :	11000001;
	30566 :	00100000;
	30565 :	11000001;
	30564 :	00100000;
	30563 :	11000001;
	30562 :	00100000;
	30561 :	11000001;
	30560 :	00100000;
	30559 :	11000001;
	30558 :	00100000;
	30557 :	11000001;
	30556 :	00100000;
	30555 :	00100010;
	30554 :	00101001;
	30553 :	00000010;
	30552 :	00011001;
	30551 :	10100000;
	30550 :	00011000;
	30549 :	00010011;
	30548 :	10110101;
	30547 :	01100100;
	30546 :	00110001;
	30545 :	01001001;
	30544 :	10000011;
	30543 :	00000010;
	30542 :	00011001;
	30541 :	00000010;
	30540 :	00011001;
	30539 :	00000010;
	30538 :	00011001;
	30537 :	10000011;
	30536 :	01000001;
	30535 :	00100010;
	30534 :	00101001;
	30533 :	00100010;
	30532 :	00101001;
	30531 :	00100010;
	30530 :	00101001;
	30529 :	00100010;
	30528 :	00101001;
	30527 :	11000001;
	30526 :	00100000;
	30525 :	00100010;
	30524 :	00101001;
	30523 :	00100010;
	30522 :	00101001;
	30521 :	11000001;
	30520 :	00100000;
	30519 :	00100010;
	30518 :	00101001;
	30517 :	00000010;
	30516 :	00011001;
	30515 :	00100010;
	30514 :	00101001;
	30513 :	00000010;
	30512 :	00011001;
	30511 :	00100010;
	30510 :	00101001;
	30509 :	00100010;
	30508 :	00101001;
	30507 :	11000001;
	30506 :	00100000;
	30505 :	11000001;
	30504 :	00100000;
	30503 :	10100000;
	30502 :	00011000;
	30501 :	11000001;
	30500 :	00100000;
	30499 :	10100000;
	30498 :	00011000;
	30497 :	11000001;
	30496 :	00100000;
	30495 :	11000001;
	30494 :	00100000;
	30493 :	11000001;
	30492 :	00100000;
	30491 :	11000001;
	30490 :	01000000;
	30489 :	11000001;
	30488 :	00100000;
	30487 :	11000001;
	30486 :	00100000;
	30485 :	00100010;
	30484 :	00101001;
	30483 :	00100010;
	30482 :	00101001;
	30481 :	10000101;
	30480 :	01001001;
	30479 :	11001000;
	30478 :	01101001;
	30477 :	01010110;
	30476 :	11000101;
	30475 :	00110101;
	30474 :	10110101;
	30473 :	11110101;
	30472 :	10110100;
	30471 :	00010101;
	30470 :	10101101;
	30469 :	11110110;
	30468 :	10110100;
	30467 :	00010101;
	30466 :	10101101;
	30465 :	00110111;
	30464 :	10101101;
	30463 :	10110111;
	30462 :	11000101;
	30461 :	10010101;
	30460 :	11000101;
	30459 :	10000101;
	30458 :	01001001;
	30457 :	01000011;
	30456 :	01000001;
	30455 :	11100100;
	30454 :	00101000;
	30453 :	11000001;
	30452 :	00100000;
	30451 :	00000010;
	30450 :	00011001;
	30449 :	01100100;
	30448 :	00110001;
	30447 :	01100100;
	30446 :	00110001;
	30445 :	01101001;
	30444 :	00111001;
	30443 :	01100100;
	30442 :	00110001;
	30441 :	01100100;
	30440 :	00110001;
	30439 :	00000010;
	30438 :	00011001;
	30437 :	01100100;
	30436 :	00110001;
	30435 :	01100100;
	30434 :	00110001;
	30433 :	01100100;
	30432 :	00110001;
	30431 :	01100100;
	30430 :	00110001;
	30429 :	01100100;
	30428 :	00110001;
	30427 :	01101001;
	30426 :	00111001;
	30425 :	00000010;
	30424 :	00011001;
	30423 :	01101001;
	30422 :	00111001;
	30421 :	00000010;
	30420 :	00011001;
	30419 :	01101001;
	30418 :	00111001;
	30417 :	01100100;
	30416 :	00110001;
	30415 :	01100100;
	30414 :	00110001;
	30413 :	01100100;
	30412 :	00110001;
	30411 :	01100100;
	30410 :	00110001;
	30409 :	01100100;
	30408 :	00110001;
	30407 :	01100100;
	30406 :	00110001;
	30405 :	01100100;
	30404 :	00110001;
	30403 :	01100100;
	30402 :	00110001;
	30401 :	01101001;
	30400 :	00111001;
	30399 :	01100100;
	30398 :	00110001;
	30397 :	01100100;
	30396 :	00110001;
	30395 :	01100100;
	30394 :	00110001;
	30393 :	11100100;
	30392 :	00101000;
	30391 :	01100100;
	30390 :	00110001;
	30389 :	01100100;
	30388 :	00110001;
	30387 :	11100100;
	30386 :	00101000;
	30385 :	01000011;
	30384 :	01000001;
	30383 :	01100101;
	30382 :	01100001;
	30381 :	10101000;
	30380 :	10010010;
	30379 :	10001101;
	30378 :	10110011;
	30377 :	11010000;
	30376 :	10101011;
	30375 :	11010000;
	30374 :	10101011;
	30373 :	11010000;
	30372 :	10101011;
	30371 :	10001101;
	30370 :	10110011;
	30369 :	11010000;
	30368 :	10101011;
	30367 :	11010000;
	30366 :	10101011;
	30365 :	11101010;
	30364 :	11001010;
	30363 :	10001101;
	30362 :	10110011;
	30361 :	10001101;
	30360 :	10110011;
	30359 :	10001101;
	30358 :	10110011;
	30357 :	10001101;
	30356 :	10110011;
	30355 :	01001011;
	30354 :	10110011;
	30353 :	01001011;
	30352 :	10110011;
	30351 :	00101010;
	30350 :	10010011;
	30349 :	00001001;
	30348 :	10011011;
	30347 :	00001001;
	30346 :	10011011;
	30345 :	00000101;
	30344 :	01101010;
	30343 :	11000001;
	30342 :	00100000;
	30341 :	11000001;
	30340 :	00100000;
	30339 :	00000010;
	30338 :	00011001;
	30337 :	00100010;
	30336 :	00101001;
	30335 :	00000010;
	30334 :	00011001;
	30333 :	11000001;
	30332 :	00100000;
	30331 :	00000010;
	30330 :	00011001;
	30329 :	00000010;
	30328 :	00011001;
	30327 :	10100000;
	30326 :	00011000;
	30325 :	00100010;
	30324 :	00101001;
	30323 :	00000010;
	30322 :	00011001;
	30321 :	00100010;
	30320 :	00101001;
	30319 :	00100010;
	30318 :	00101001;
	30317 :	11000001;
	30316 :	00100000;
	30315 :	00100010;
	30314 :	00101001;
	30313 :	00100010;
	30312 :	00101001;
	30311 :	00100010;
	30310 :	00101001;
	30309 :	00000010;
	30308 :	00011001;
	30307 :	00100111;
	30306 :	01010010;
	30305 :	00101111;
	30304 :	10010100;
	30303 :	00101111;
	30302 :	10010100;
	30301 :	00101111;
	30300 :	10010100;
	30299 :	00101111;
	30298 :	10010100;
	30297 :	00101111;
	30296 :	10010100;
	30295 :	00101111;
	30294 :	10010100;
	30293 :	00101111;
	30292 :	10010100;
	30291 :	01100100;
	30290 :	00110001;
	30289 :	10101101;
	30288 :	10001011;
	30287 :	00000010;
	30286 :	00011001;
	30285 :	00000010;
	30284 :	00011001;
	30283 :	00000010;
	30282 :	00011001;
	30281 :	00000010;
	30280 :	00011001;
	30279 :	00100010;
	30278 :	00101001;
	30277 :	00100010;
	30276 :	00101001;
	30275 :	00100010;
	30274 :	00101001;
	30273 :	00100010;
	30272 :	00101001;
	30271 :	00100010;
	30270 :	00101001;
	30269 :	11000001;
	30268 :	00100000;
	30267 :	00100010;
	30266 :	00101001;
	30265 :	11000001;
	30264 :	00100000;
	30263 :	11000001;
	30262 :	00100000;
	30261 :	11000001;
	30260 :	00100000;
	30259 :	00100010;
	30258 :	00101001;
	30257 :	00100010;
	30256 :	00101001;
	30255 :	00100010;
	30254 :	00101001;
	30253 :	00100010;
	30252 :	00101001;
	30251 :	11000001;
	30250 :	00100000;
	30249 :	11000001;
	30248 :	00100000;
	30247 :	10100000;
	30246 :	00011000;
	30245 :	11000001;
	30244 :	00100000;
	30243 :	11000001;
	30242 :	00100000;
	30241 :	11000001;
	30240 :	00100000;
	30239 :	11000001;
	30238 :	00100000;
	30237 :	00100010;
	30236 :	00101001;
	30235 :	11000001;
	30234 :	00100000;
	30233 :	11000001;
	30232 :	00100000;
	30231 :	00100010;
	30230 :	00101001;
	30229 :	00100010;
	30228 :	00101001;
	30227 :	11000001;
	30226 :	01000000;
	30225 :	01000011;
	30224 :	01010001;
	30223 :	11101101;
	30222 :	10000010;
	30221 :	10110111;
	30220 :	11010101;
	30219 :	00110111;
	30218 :	10110101;
	30217 :	11110101;
	30216 :	10110100;
	30215 :	11110101;
	30214 :	10110100;
	30213 :	11110101;
	30212 :	10110100;
	30211 :	11110110;
	30210 :	10110100;
	30209 :	00110111;
	30208 :	10110101;
	30207 :	10010111;
	30206 :	10111101;
	30205 :	00110101;
	30204 :	10110101;
	30203 :	00100111;
	30202 :	01010010;
	30201 :	10000101;
	30200 :	01001001;
	30199 :	01100100;
	30198 :	00110001;
	30197 :	11000001;
	30196 :	00100000;
	30195 :	11000001;
	30194 :	00100000;
	30193 :	11100100;
	30192 :	00101000;
	30191 :	01100100;
	30190 :	00110001;
	30189 :	01100100;
	30188 :	00110001;
	30187 :	01100100;
	30186 :	00110001;
	30185 :	01100100;
	30184 :	00110001;
	30183 :	01100100;
	30182 :	00110001;
	30181 :	00000010;
	30180 :	00011001;
	30179 :	01100100;
	30178 :	00110001;
	30177 :	01100100;
	30176 :	00110001;
	30175 :	01100100;
	30174 :	00110001;
	30173 :	00000010;
	30172 :	00011001;
	30171 :	01100100;
	30170 :	00110001;
	30169 :	01100100;
	30168 :	00110001;
	30167 :	01100100;
	30166 :	00110001;
	30165 :	01100100;
	30164 :	00110001;
	30163 :	01100100;
	30162 :	00110001;
	30161 :	01100100;
	30160 :	00110001;
	30159 :	01100100;
	30158 :	00110001;
	30157 :	01100100;
	30156 :	00110001;
	30155 :	01100100;
	30154 :	00110001;
	30153 :	01100100;
	30152 :	00110001;
	30151 :	01100100;
	30150 :	00110001;
	30149 :	01100100;
	30148 :	00110001;
	30147 :	01100100;
	30146 :	00110001;
	30145 :	01100100;
	30144 :	00110001;
	30143 :	01100100;
	30142 :	00110001;
	30141 :	01100100;
	30140 :	00110001;
	30139 :	01100100;
	30138 :	00110001;
	30137 :	01100100;
	30136 :	00110001;
	30135 :	01100100;
	30134 :	00110001;
	30133 :	01100100;
	30132 :	00110001;
	30131 :	01100100;
	30130 :	00110001;
	30129 :	11100100;
	30128 :	00101000;
	30127 :	11000001;
	30126 :	01000000;
	30125 :	10101000;
	30124 :	10010010;
	30123 :	11010000;
	30122 :	10101011;
	30121 :	10001101;
	30120 :	10110011;
	30119 :	10001101;
	30118 :	10110011;
	30117 :	11010000;
	30116 :	10101011;
	30115 :	11010000;
	30114 :	10101011;
	30113 :	11010000;
	30112 :	10101011;
	30111 :	11101010;
	30110 :	11001010;
	30109 :	11010000;
	30108 :	10101011;
	30107 :	10001101;
	30106 :	10110011;
	30105 :	11001101;
	30104 :	11000011;
	30103 :	10001101;
	30102 :	10110011;
	30101 :	10001101;
	30100 :	10110011;
	30099 :	11010000;
	30098 :	10101011;
	30097 :	10001101;
	30096 :	10110011;
	30095 :	01001011;
	30094 :	10110011;
	30093 :	11001001;
	30092 :	10100010;
	30091 :	10101000;
	30090 :	10010010;
	30089 :	01000110;
	30088 :	10001010;
	30087 :	10000011;
	30086 :	01000001;
	30085 :	11000001;
	30084 :	00100000;
	30083 :	00100010;
	30082 :	00101001;
	30081 :	11000001;
	30080 :	00100000;
	30079 :	00000010;
	30078 :	00011001;
	30077 :	00100010;
	30076 :	00101001;
	30075 :	00000010;
	30074 :	00011001;
	30073 :	00100010;
	30072 :	00101001;
	30071 :	00100010;
	30070 :	00101001;
	30069 :	11000001;
	30068 :	00100000;
	30067 :	00100010;
	30066 :	00101001;
	30065 :	11000001;
	30064 :	00100000;
	30063 :	00000010;
	30062 :	00011001;
	30061 :	00100010;
	30060 :	00101001;
	30059 :	11000001;
	30058 :	00100000;
	30057 :	00000010;
	30056 :	00011001;
	30055 :	00100010;
	30054 :	00101001;
	30053 :	00100010;
	30052 :	00101001;
	30051 :	01000011;
	30050 :	01000001;
	30049 :	00101111;
	30048 :	10010100;
	30047 :	00101111;
	30046 :	10010100;
	30045 :	10101101;
	30044 :	10001011;
	30043 :	00101111;
	30042 :	10010100;
	30041 :	10010010;
	30040 :	10101100;
	30039 :	00101111;
	30038 :	10010100;
	30037 :	00101111;
	30036 :	10010100;
	30035 :	00100111;
	30034 :	01010010;
	30033 :	00101111;
	30032 :	10010100;
	30031 :	00101111;
	30030 :	10010100;
	30029 :	00101111;
	30028 :	10010100;
	30027 :	01101100;
	30026 :	01111011;
	30025 :	00100111;
	30024 :	01010010;
	30023 :	00100010;
	30022 :	00101001;
	30021 :	00100010;
	30020 :	00101001;
	30019 :	00000010;
	30018 :	00011001;
	30017 :	00100010;
	30016 :	00101001;
	30015 :	11000001;
	30014 :	00100000;
	30013 :	00100010;
	30012 :	00101001;
	30011 :	11000001;
	30010 :	00100000;
	30009 :	00100010;
	30008 :	00101001;
	30007 :	11000001;
	30006 :	00100000;
	30005 :	00100010;
	30004 :	00101001;
	30003 :	11000001;
	30002 :	00100000;
	30001 :	00100010;
	30000 :	00101001;
	29999 :	00100010;
	29998 :	00101001;
	29997 :	11000001;
	29996 :	00100000;
	29995 :	00100010;
	29994 :	00101001;
	29993 :	11000001;
	29992 :	00100000;
	29991 :	11000001;
	29990 :	00100000;
	29989 :	11000001;
	29988 :	00100000;
	29987 :	10100000;
	29986 :	00011000;
	29985 :	11000001;
	29984 :	00100000;
	29983 :	11000001;
	29982 :	00100000;
	29981 :	00100010;
	29980 :	00101001;
	29979 :	11000001;
	29978 :	01000000;
	29977 :	00100010;
	29976 :	00101001;
	29975 :	00000001;
	29974 :	01001001;
	29973 :	00100010;
	29972 :	00101001;
	29971 :	01000011;
	29970 :	01000001;
	29969 :	01000011;
	29968 :	01010001;
	29967 :	11010000;
	29966 :	10101011;
	29965 :	10110111;
	29964 :	11000101;
	29963 :	11110101;
	29962 :	10110100;
	29961 :	11010100;
	29960 :	10100100;
	29959 :	11110101;
	29958 :	10110100;
	29957 :	11110110;
	29956 :	10110100;
	29955 :	00110101;
	29954 :	10110101;
	29953 :	00110111;
	29952 :	10101101;
	29951 :	10110111;
	29950 :	11000101;
	29949 :	11110101;
	29948 :	10110100;
	29947 :	00100111;
	29946 :	01010010;
	29945 :	10000101;
	29944 :	01001001;
	29943 :	01100100;
	29942 :	00110001;
	29941 :	01100100;
	29940 :	00110001;
	29939 :	00000010;
	29938 :	00011001;
	29937 :	00000010;
	29936 :	00011001;
	29935 :	01100100;
	29934 :	00110001;
	29933 :	01100100;
	29932 :	00110001;
	29931 :	01100100;
	29930 :	00110001;
	29929 :	01100100;
	29928 :	00110001;
	29927 :	01100100;
	29926 :	00110001;
	29925 :	00000010;
	29924 :	00011001;
	29923 :	01100100;
	29922 :	00110001;
	29921 :	00000010;
	29920 :	00011001;
	29919 :	01100100;
	29918 :	00110001;
	29917 :	01100100;
	29916 :	00110001;
	29915 :	01100100;
	29914 :	00110001;
	29913 :	01100100;
	29912 :	00110001;
	29911 :	00000010;
	29910 :	00011001;
	29909 :	01100100;
	29908 :	00110001;
	29907 :	00000010;
	29906 :	00011001;
	29905 :	01100100;
	29904 :	00110001;
	29903 :	01100100;
	29902 :	00110001;
	29901 :	01100100;
	29900 :	00110001;
	29899 :	01100100;
	29898 :	00110001;
	29897 :	01100100;
	29896 :	00110001;
	29895 :	01100100;
	29894 :	00110001;
	29893 :	01100100;
	29892 :	00110001;
	29891 :	01100100;
	29890 :	00110001;
	29889 :	01100100;
	29888 :	00110001;
	29887 :	00000010;
	29886 :	00011001;
	29885 :	01100100;
	29884 :	00110001;
	29883 :	00000010;
	29882 :	00011001;
	29881 :	01100100;
	29880 :	00110001;
	29879 :	01100100;
	29878 :	00110001;
	29877 :	01100100;
	29876 :	00110001;
	29875 :	01100100;
	29874 :	00110001;
	29873 :	11100100;
	29872 :	00101000;
	29871 :	01000011;
	29870 :	01010001;
	29869 :	01000110;
	29868 :	10001010;
	29867 :	11010000;
	29866 :	10101011;
	29865 :	11010000;
	29864 :	10101011;
	29863 :	11010000;
	29862 :	10101011;
	29861 :	11010000;
	29860 :	10101011;
	29859 :	11101010;
	29858 :	11001010;
	29857 :	11010000;
	29856 :	10101011;
	29855 :	10001101;
	29854 :	10110011;
	29853 :	00101010;
	29852 :	10101011;
	29851 :	10001101;
	29850 :	10110011;
	29849 :	10001101;
	29848 :	10110011;
	29847 :	11010000;
	29846 :	10101011;
	29845 :	11110000;
	29844 :	11001011;
	29843 :	11001101;
	29842 :	11000011;
	29841 :	10001101;
	29840 :	10110011;
	29839 :	10101000;
	29838 :	10010010;
	29837 :	11100101;
	29836 :	10000001;
	29835 :	01100100;
	29834 :	01110001;
	29833 :	01000111;
	29832 :	10010010;
	29831 :	01001001;
	29830 :	10000011;
	29829 :	00100010;
	29828 :	00101001;
	29827 :	10100000;
	29826 :	00011000;
	29825 :	00100010;
	29824 :	00101001;
	29823 :	10100000;
	29822 :	00011000;
	29821 :	00100010;
	29820 :	00101001;
	29819 :	11000001;
	29818 :	00100000;
	29817 :	00000010;
	29816 :	00011001;
	29815 :	11000001;
	29814 :	00100000;
	29813 :	00000010;
	29812 :	00011001;
	29811 :	11000001;
	29810 :	00100000;
	29809 :	00000010;
	29808 :	00011001;
	29807 :	00100010;
	29806 :	00101001;
	29805 :	11000001;
	29804 :	00100000;
	29803 :	00100010;
	29802 :	00101001;
	29801 :	00100010;
	29800 :	00101001;
	29799 :	00000010;
	29798 :	00011001;
	29797 :	11000001;
	29796 :	00100000;
	29795 :	11000001;
	29794 :	00100000;
	29793 :	11000001;
	29792 :	00100000;
	29791 :	10100000;
	29790 :	00011000;
	29789 :	11000001;
	29788 :	00100000;
	29787 :	11000001;
	29786 :	00100000;
	29785 :	00000010;
	29784 :	00011001;
	29783 :	00100010;
	29782 :	00101001;
	29781 :	00101111;
	29780 :	10010100;
	29779 :	01100100;
	29778 :	00110001;
	29777 :	00101111;
	29776 :	10010100;
	29775 :	00101111;
	29774 :	10010100;
	29773 :	00101111;
	29772 :	10010100;
	29771 :	00101111;
	29770 :	10010100;
	29769 :	00100111;
	29768 :	01010010;
	29767 :	00100010;
	29766 :	00101001;
	29765 :	00100010;
	29764 :	00101001;
	29763 :	00100010;
	29762 :	00101001;
	29761 :	00100010;
	29760 :	00101001;
	29759 :	11000001;
	29758 :	00100000;
	29757 :	00100010;
	29756 :	00101001;
	29755 :	00100010;
	29754 :	00101001;
	29753 :	11000001;
	29752 :	00100000;
	29751 :	00100010;
	29750 :	00101001;
	29749 :	00100010;
	29748 :	00101001;
	29747 :	00100010;
	29746 :	00101001;
	29745 :	00100010;
	29744 :	00101001;
	29743 :	00100010;
	29742 :	00101001;
	29741 :	00100010;
	29740 :	00101001;
	29739 :	00100010;
	29738 :	00101001;
	29737 :	11000001;
	29736 :	00100000;
	29735 :	11000001;
	29734 :	00100000;
	29733 :	10100000;
	29732 :	00011000;
	29731 :	11000001;
	29730 :	00100000;
	29729 :	11000001;
	29728 :	00100000;
	29727 :	00100010;
	29726 :	00101001;
	29725 :	11000001;
	29724 :	00100000;
	29723 :	11000001;
	29722 :	00100000;
	29721 :	00100010;
	29720 :	00101001;
	29719 :	00000001;
	29718 :	01001001;
	29717 :	00100010;
	29716 :	00101001;
	29715 :	01000011;
	29714 :	01000001;
	29713 :	01000011;
	29712 :	01010001;
	29711 :	11010100;
	29710 :	11000100;
	29709 :	01010110;
	29708 :	11000101;
	29707 :	11110110;
	29706 :	10110100;
	29705 :	11110101;
	29704 :	10110100;
	29703 :	11110110;
	29702 :	10110100;
	29701 :	00110101;
	29700 :	10110101;
	29699 :	00110111;
	29698 :	10110101;
	29697 :	00110111;
	29696 :	10110101;
	29695 :	10110111;
	29694 :	11000101;
	29693 :	11110101;
	29692 :	10110100;
	29691 :	11001000;
	29690 :	01001001;
	29689 :	10000101;
	29688 :	01001001;
	29687 :	10000101;
	29686 :	01001001;
	29685 :	10000011;
	29684 :	01000001;
	29683 :	11100100;
	29682 :	00101000;
	29681 :	11000001;
	29680 :	00100000;
	29679 :	11000001;
	29678 :	00100000;
	29677 :	00100010;
	29676 :	00101001;
	29675 :	01100100;
	29674 :	00110001;
	29673 :	01100100;
	29672 :	00110001;
	29671 :	01100100;
	29670 :	00110001;
	29669 :	00000010;
	29668 :	00011001;
	29667 :	00000010;
	29666 :	00011001;
	29665 :	01100100;
	29664 :	00110001;
	29663 :	01100100;
	29662 :	00110001;
	29661 :	01100100;
	29660 :	00110001;
	29659 :	00000010;
	29658 :	00011001;
	29657 :	01100100;
	29656 :	00110001;
	29655 :	10100000;
	29654 :	00011000;
	29653 :	00000010;
	29652 :	00011001;
	29651 :	00000010;
	29650 :	00011001;
	29649 :	00100010;
	29648 :	00101001;
	29647 :	00000010;
	29646 :	00011001;
	29645 :	01100100;
	29644 :	00110001;
	29643 :	00000010;
	29642 :	00011001;
	29641 :	00000010;
	29640 :	00011001;
	29639 :	01100100;
	29638 :	00110001;
	29637 :	00000010;
	29636 :	00011001;
	29635 :	01100100;
	29634 :	00110001;
	29633 :	01100100;
	29632 :	00110001;
	29631 :	01100100;
	29630 :	00110001;
	29629 :	01100100;
	29628 :	00110001;
	29627 :	01100100;
	29626 :	00110001;
	29625 :	01100100;
	29624 :	00110001;
	29623 :	01100100;
	29622 :	00110001;
	29621 :	01100100;
	29620 :	00110001;
	29619 :	01100100;
	29618 :	00110001;
	29617 :	11100100;
	29616 :	00101000;
	29615 :	10000101;
	29614 :	01001001;
	29613 :	01100110;
	29612 :	01101001;
	29611 :	10001101;
	29610 :	10110011;
	29609 :	10001101;
	29608 :	10110011;
	29607 :	10001101;
	29606 :	10110011;
	29605 :	11010000;
	29604 :	10101011;
	29603 :	11010000;
	29602 :	10101011;
	29601 :	10001101;
	29600 :	10110011;
	29599 :	10001101;
	29598 :	10110011;
	29597 :	11001001;
	29596 :	10100010;
	29595 :	11001001;
	29594 :	10100010;
	29593 :	10101000;
	29592 :	10010010;
	29591 :	10101000;
	29590 :	10010010;
	29589 :	10101000;
	29588 :	10010010;
	29587 :	01000111;
	29586 :	10010010;
	29585 :	11100101;
	29584 :	10000001;
	29583 :	11100110;
	29582 :	01110001;
	29581 :	01000110;
	29580 :	10001010;
	29579 :	10101000;
	29578 :	10010010;
	29577 :	01000111;
	29576 :	10010010;
	29575 :	00101010;
	29574 :	10010011;
	29573 :	00000001;
	29572 :	01001001;
	29571 :	11000001;
	29570 :	00100000;
	29569 :	00000010;
	29568 :	00011001;
	29567 :	00100010;
	29566 :	00101001;
	29565 :	00000010;
	29564 :	00011001;
	29563 :	00000010;
	29562 :	00011001;
	29561 :	00100010;
	29560 :	00101001;
	29559 :	00000010;
	29558 :	00011001;
	29557 :	00100010;
	29556 :	00101001;
	29555 :	00000010;
	29554 :	00011001;
	29553 :	00100010;
	29552 :	00101001;
	29551 :	00000010;
	29550 :	00011001;
	29549 :	00100010;
	29548 :	00101001;
	29547 :	00000010;
	29546 :	00011001;
	29545 :	00100010;
	29544 :	00101001;
	29543 :	00100010;
	29542 :	00101001;
	29541 :	11000001;
	29540 :	00100000;
	29539 :	10100000;
	29538 :	00011000;
	29537 :	00100010;
	29536 :	00101001;
	29535 :	00100010;
	29534 :	00101001;
	29533 :	00100010;
	29532 :	00101001;
	29531 :	00100010;
	29530 :	00101001;
	29529 :	00000010;
	29528 :	00011001;
	29527 :	00000010;
	29526 :	00011001;
	29525 :	00101111;
	29524 :	10010100;
	29523 :	00000010;
	29522 :	00011001;
	29521 :	00101011;
	29520 :	01110011;
	29519 :	00000010;
	29518 :	00011001;
	29517 :	00000010;
	29516 :	00011001;
	29515 :	00000010;
	29514 :	00011001;
	29513 :	00000010;
	29512 :	00011001;
	29511 :	00100010;
	29510 :	00101001;
	29509 :	00100010;
	29508 :	00101001;
	29507 :	00100010;
	29506 :	00101001;
	29505 :	00100010;
	29504 :	00101001;
	29503 :	00100010;
	29502 :	00101001;
	29501 :	11000001;
	29500 :	00100000;
	29499 :	00100010;
	29498 :	00101001;
	29497 :	00100010;
	29496 :	00101001;
	29495 :	00100010;
	29494 :	00101001;
	29493 :	00100010;
	29492 :	00101001;
	29491 :	00100010;
	29490 :	00101001;
	29489 :	00100010;
	29488 :	00101001;
	29487 :	00100010;
	29486 :	00101001;
	29485 :	00100010;
	29484 :	00101001;
	29483 :	00000001;
	29482 :	01001001;
	29481 :	00100010;
	29480 :	00101001;
	29479 :	10100000;
	29478 :	00011000;
	29477 :	11000001;
	29476 :	00100000;
	29475 :	11000001;
	29474 :	00100000;
	29473 :	11000001;
	29472 :	00100000;
	29471 :	11000001;
	29470 :	00100000;
	29469 :	00100010;
	29468 :	00101001;
	29467 :	00100010;
	29466 :	00101001;
	29465 :	00100010;
	29464 :	00101001;
	29463 :	00000001;
	29462 :	01001001;
	29461 :	00100010;
	29460 :	00101001;
	29459 :	10000011;
	29458 :	01000001;
	29457 :	01100101;
	29456 :	01100001;
	29455 :	01010110;
	29454 :	11000101;
	29453 :	10110111;
	29452 :	11000101;
	29451 :	11110110;
	29450 :	10110100;
	29449 :	11110110;
	29448 :	10110100;
	29447 :	00110101;
	29446 :	10110101;
	29445 :	00110111;
	29444 :	10110101;
	29443 :	00010101;
	29442 :	10101101;
	29441 :	00110111;
	29440 :	10110101;
	29439 :	01111000;
	29438 :	11000101;
	29437 :	10010100;
	29436 :	10111101;
	29435 :	10000101;
	29434 :	01001001;
	29433 :	00100111;
	29432 :	01010010;
	29431 :	01100100;
	29430 :	00110001;
	29429 :	10000101;
	29428 :	01001001;
	29427 :	01100100;
	29426 :	00110001;
	29425 :	00100010;
	29424 :	00101001;
	29423 :	00000010;
	29422 :	00011001;
	29421 :	00000010;
	29420 :	00011001;
	29419 :	00000010;
	29418 :	00011001;
	29417 :	00100010;
	29416 :	00101001;
	29415 :	00100010;
	29414 :	00101001;
	29413 :	01100100;
	29412 :	00110001;
	29411 :	00000010;
	29410 :	00011001;
	29409 :	00100010;
	29408 :	00101001;
	29407 :	00000010;
	29406 :	00011001;
	29405 :	01100100;
	29404 :	00110001;
	29403 :	00000010;
	29402 :	00011001;
	29401 :	01100100;
	29400 :	00110001;
	29399 :	10100000;
	29398 :	00011000;
	29397 :	00000010;
	29396 :	00011001;
	29395 :	10100000;
	29394 :	00011000;
	29393 :	00100010;
	29392 :	00101001;
	29391 :	00000010;
	29390 :	00011001;
	29389 :	00100010;
	29388 :	00101001;
	29387 :	01100100;
	29386 :	00110001;
	29385 :	01100100;
	29384 :	00110001;
	29383 :	00000010;
	29382 :	00011001;
	29381 :	01100100;
	29380 :	00110001;
	29379 :	00000010;
	29378 :	00011001;
	29377 :	00100010;
	29376 :	00101001;
	29375 :	00000010;
	29374 :	00011001;
	29373 :	01100100;
	29372 :	00110001;
	29371 :	00000010;
	29370 :	00011001;
	29369 :	01100100;
	29368 :	00110001;
	29367 :	01100100;
	29366 :	00110001;
	29365 :	01100100;
	29364 :	00110001;
	29363 :	01100100;
	29362 :	00110001;
	29361 :	11100100;
	29360 :	00101000;
	29359 :	10000101;
	29358 :	01001001;
	29357 :	10000101;
	29356 :	01001001;
	29355 :	10001101;
	29354 :	10110011;
	29353 :	11001101;
	29352 :	11000011;
	29351 :	11010000;
	29350 :	10101011;
	29349 :	10001101;
	29348 :	10110011;
	29347 :	10001101;
	29346 :	10110011;
	29345 :	11010000;
	29344 :	10101011;
	29343 :	10001101;
	29342 :	10110011;
	29341 :	10001101;
	29340 :	10110011;
	29339 :	10001101;
	29338 :	10110011;
	29337 :	10001101;
	29336 :	10110011;
	29335 :	11101010;
	29334 :	11001010;
	29333 :	10001101;
	29332 :	10110011;
	29331 :	10001101;
	29330 :	10110011;
	29329 :	10001101;
	29328 :	10110011;
	29327 :	10001101;
	29326 :	10110011;
	29325 :	00101010;
	29324 :	10101011;
	29323 :	11001001;
	29322 :	10100010;
	29321 :	01000111;
	29320 :	10010010;
	29319 :	10101000;
	29318 :	10010010;
	29317 :	00100110;
	29316 :	01101010;
	29315 :	00100010;
	29314 :	00101001;
	29313 :	00000010;
	29312 :	00011001;
	29311 :	00100010;
	29310 :	00101001;
	29309 :	00000010;
	29308 :	00011001;
	29307 :	00000010;
	29306 :	00011001;
	29305 :	00100010;
	29304 :	00101001;
	29303 :	00000010;
	29302 :	00011001;
	29301 :	00100010;
	29300 :	00101001;
	29299 :	00000010;
	29298 :	00011001;
	29297 :	00100010;
	29296 :	00101001;
	29295 :	00100010;
	29294 :	00101001;
	29293 :	00000010;
	29292 :	00011001;
	29291 :	00100010;
	29290 :	00101001;
	29289 :	00100010;
	29288 :	00101001;
	29287 :	00100010;
	29286 :	00101001;
	29285 :	11000001;
	29284 :	00100000;
	29283 :	00101111;
	29282 :	10010100;
	29281 :	00101111;
	29280 :	10010100;
	29279 :	00101111;
	29278 :	10010100;
	29277 :	10010010;
	29276 :	10101100;
	29275 :	00101111;
	29274 :	10010100;
	29273 :	00101111;
	29272 :	10010100;
	29271 :	10101101;
	29270 :	10001011;
	29269 :	00101111;
	29268 :	10010100;
	29267 :	01100100;
	29266 :	00110001;
	29265 :	00101011;
	29264 :	01110011;
	29263 :	00000010;
	29262 :	00011001;
	29261 :	00000010;
	29260 :	00011001;
	29259 :	00000010;
	29258 :	00011001;
	29257 :	00000010;
	29256 :	00011001;
	29255 :	00100010;
	29254 :	00101001;
	29253 :	00100010;
	29252 :	00101001;
	29251 :	00100010;
	29250 :	00101001;
	29249 :	00000010;
	29248 :	00011001;
	29247 :	00100010;
	29246 :	00101001;
	29245 :	00100010;
	29244 :	00101001;
	29243 :	11000001;
	29242 :	00100000;
	29241 :	00100010;
	29240 :	00101001;
	29239 :	11000001;
	29238 :	00100000;
	29237 :	11000001;
	29236 :	00100000;
	29235 :	00100010;
	29234 :	00101001;
	29233 :	00100010;
	29232 :	00101001;
	29231 :	00100010;
	29230 :	00101001;
	29229 :	00100010;
	29228 :	00101001;
	29227 :	00100010;
	29226 :	00101001;
	29225 :	00100010;
	29224 :	00101001;
	29223 :	11000001;
	29222 :	00100000;
	29221 :	11000001;
	29220 :	00100000;
	29219 :	11000001;
	29218 :	00100000;
	29217 :	11000001;
	29216 :	00100000;
	29215 :	11000001;
	29214 :	00100000;
	29213 :	11000001;
	29212 :	00100000;
	29211 :	11000001;
	29210 :	00100000;
	29209 :	00000001;
	29208 :	01001001;
	29207 :	00100010;
	29206 :	00101001;
	29205 :	01000011;
	29204 :	01000001;
	29203 :	10000011;
	29202 :	01000001;
	29201 :	01100101;
	29200 :	01100001;
	29199 :	11010100;
	29198 :	11000100;
	29197 :	11011000;
	29196 :	11010101;
	29195 :	00110101;
	29194 :	10110101;
	29193 :	11110110;
	29192 :	10100100;
	29191 :	00110101;
	29190 :	10110101;
	29189 :	00010101;
	29188 :	10101101;
	29187 :	00110111;
	29186 :	10110101;
	29185 :	00110111;
	29184 :	10110101;
	29183 :	10010111;
	29182 :	10111101;
	29181 :	10010100;
	29180 :	10111101;
	29179 :	01100100;
	29178 :	00110001;
	29177 :	00100111;
	29176 :	01010010;
	29175 :	01100100;
	29174 :	00110001;
	29173 :	10000011;
	29172 :	01000001;
	29171 :	01100100;
	29170 :	00110001;
	29169 :	00100010;
	29168 :	00101001;
	29167 :	00100010;
	29166 :	00101001;
	29165 :	11100100;
	29164 :	00101000;
	29163 :	00000010;
	29162 :	00011001;
	29161 :	00000010;
	29160 :	00011001;
	29159 :	00100010;
	29158 :	00101001;
	29157 :	00100010;
	29156 :	00101001;
	29155 :	00000010;
	29154 :	00011001;
	29153 :	01100100;
	29152 :	00110001;
	29151 :	00000010;
	29150 :	00011001;
	29149 :	01100100;
	29148 :	00110001;
	29147 :	01100100;
	29146 :	00110001;
	29145 :	01100100;
	29144 :	00110001;
	29143 :	01100100;
	29142 :	00110001;
	29141 :	10100000;
	29140 :	00011000;
	29139 :	00000010;
	29138 :	00011001;
	29137 :	10100000;
	29136 :	00011000;
	29135 :	00000010;
	29134 :	00011001;
	29133 :	00000010;
	29132 :	00011001;
	29131 :	00100010;
	29130 :	00101001;
	29129 :	00100010;
	29128 :	00101001;
	29127 :	00000010;
	29126 :	00011001;
	29125 :	00100010;
	29124 :	00101001;
	29123 :	11000001;
	29122 :	00100000;
	29121 :	00100010;
	29120 :	00101001;
	29119 :	11000001;
	29118 :	00100000;
	29117 :	00000010;
	29116 :	00011001;
	29115 :	00100010;
	29114 :	00101001;
	29113 :	00100010;
	29112 :	00101001;
	29111 :	00100010;
	29110 :	00101001;
	29109 :	00100010;
	29108 :	00101001;
	29107 :	01100100;
	29106 :	00110001;
	29105 :	01100100;
	29104 :	00110001;
	29103 :	11100100;
	29102 :	00101000;
	29101 :	10000101;
	29100 :	01001001;
	29099 :	10101000;
	29098 :	10010010;
	29097 :	10001101;
	29096 :	10110011;
	29095 :	11010000;
	29094 :	10101011;
	29093 :	11110000;
	29092 :	11001011;
	29091 :	10001101;
	29090 :	10110011;
	29089 :	10001101;
	29088 :	10110011;
	29087 :	11010000;
	29086 :	10101011;
	29085 :	10001101;
	29084 :	10110011;
	29083 :	10001101;
	29082 :	10110011;
	29081 :	11010000;
	29080 :	10101011;
	29079 :	10001101;
	29078 :	10110011;
	29077 :	10001101;
	29076 :	10110011;
	29075 :	10001101;
	29074 :	10110011;
	29073 :	10001101;
	29072 :	10110011;
	29071 :	10001101;
	29070 :	10110011;
	29069 :	10001101;
	29068 :	10110011;
	29067 :	00101010;
	29066 :	10101011;
	29065 :	10101000;
	29064 :	10010010;
	29063 :	10101000;
	29062 :	10010010;
	29061 :	10000111;
	29060 :	10001010;
	29059 :	00100010;
	29058 :	00101001;
	29057 :	10100000;
	29056 :	00011000;
	29055 :	00100010;
	29054 :	00101001;
	29053 :	00100010;
	29052 :	00101001;
	29051 :	00000010;
	29050 :	00011001;
	29049 :	00100010;
	29048 :	00101001;
	29047 :	00000010;
	29046 :	00011001;
	29045 :	00100010;
	29044 :	00101001;
	29043 :	00000010;
	29042 :	00011001;
	29041 :	00100010;
	29040 :	00101001;
	29039 :	00000010;
	29038 :	00011001;
	29037 :	00100010;
	29036 :	00101001;
	29035 :	00100010;
	29034 :	00101001;
	29033 :	00000010;
	29032 :	00011001;
	29031 :	00100010;
	29030 :	00101001;
	29029 :	00000010;
	29028 :	00011001;
	29027 :	10101101;
	29026 :	10001011;
	29025 :	00101111;
	29024 :	10010100;
	29023 :	00101111;
	29022 :	10010100;
	29021 :	00101111;
	29020 :	10010100;
	29019 :	00101111;
	29018 :	10010100;
	29017 :	10010010;
	29016 :	10101100;
	29015 :	00101111;
	29014 :	10010100;
	29013 :	00101111;
	29012 :	10010100;
	29011 :	00100010;
	29010 :	00101001;
	29009 :	00101111;
	29008 :	10010100;
	29007 :	00101111;
	29006 :	10010100;
	29005 :	00010011;
	29004 :	10110101;
	29003 :	00101111;
	29002 :	10010100;
	29001 :	00100111;
	29000 :	01010010;
	28999 :	00100010;
	28998 :	00101001;
	28997 :	00000010;
	28996 :	00011001;
	28995 :	00100010;
	28994 :	00101001;
	28993 :	00100010;
	28992 :	00101001;
	28991 :	00000010;
	28990 :	00011001;
	28989 :	00100010;
	28988 :	00101001;
	28987 :	00100010;
	28986 :	00101001;
	28985 :	00000010;
	28984 :	00011001;
	28983 :	00100010;
	28982 :	00101001;
	28981 :	00100010;
	28980 :	00101001;
	28979 :	00100010;
	28978 :	00101001;
	28977 :	00100010;
	28976 :	00101001;
	28975 :	00100010;
	28974 :	00101001;
	28973 :	00100010;
	28972 :	00101001;
	28971 :	00100010;
	28970 :	00101001;
	28969 :	00100010;
	28968 :	00101001;
	28967 :	11000001;
	28966 :	00100000;
	28965 :	11000001;
	28964 :	00100000;
	28963 :	11000001;
	28962 :	00100000;
	28961 :	11000001;
	28960 :	00100000;
	28959 :	11000001;
	28958 :	00100000;
	28957 :	00100010;
	28956 :	00101001;
	28955 :	11000001;
	28954 :	00100000;
	28953 :	00000001;
	28952 :	01001001;
	28951 :	00100010;
	28950 :	00101001;
	28949 :	01000011;
	28948 :	01000001;
	28947 :	01000011;
	28946 :	01000001;
	28945 :	01100110;
	28944 :	01101001;
	28943 :	01010110;
	28942 :	11000101;
	28941 :	11011000;
	28940 :	11010101;
	28939 :	11110110;
	28938 :	10110100;
	28937 :	01010110;
	28936 :	11000101;
	28935 :	00110111;
	28934 :	10101101;
	28933 :	00110101;
	28932 :	10110101;
	28931 :	00110111;
	28930 :	10101101;
	28929 :	00110111;
	28928 :	10110101;
	28927 :	01111000;
	28926 :	10110101;
	28925 :	11110101;
	28924 :	10110100;
	28923 :	10000101;
	28922 :	01001001;
	28921 :	10000101;
	28920 :	01001001;
	28919 :	10000101;
	28918 :	01001001;
	28917 :	01100100;
	28916 :	00110001;
	28915 :	01100100;
	28914 :	00110001;
	28913 :	11100100;
	28912 :	00101000;
	28911 :	00100010;
	28910 :	00101001;
	28909 :	11000001;
	28908 :	01000000;
	28907 :	00000010;
	28906 :	00011001;
	28905 :	11100100;
	28904 :	00101000;
	28903 :	00000010;
	28902 :	00011001;
	28901 :	01100100;
	28900 :	00110001;
	28899 :	00000010;
	28898 :	00011001;
	28897 :	00100010;
	28896 :	00101001;
	28895 :	00000010;
	28894 :	00011001;
	28893 :	00000010;
	28892 :	00011001;
	28891 :	01100100;
	28890 :	00110001;
	28889 :	00000010;
	28888 :	00011001;
	28887 :	00100010;
	28886 :	00101001;
	28885 :	00100010;
	28884 :	00101001;
	28883 :	00000010;
	28882 :	00011001;
	28881 :	10100000;
	28880 :	00011000;
	28879 :	10100000;
	28878 :	00011000;
	28877 :	10100000;
	28876 :	00011000;
	28875 :	00000010;
	28874 :	00011001;
	28873 :	00100010;
	28872 :	00101001;
	28871 :	11000001;
	28870 :	00100000;
	28869 :	00000010;
	28868 :	00011001;
	28867 :	10100000;
	28866 :	00011000;
	28865 :	10100000;
	28864 :	00011000;
	28863 :	10100000;
	28862 :	00011000;
	28861 :	10100000;
	28860 :	00011000;
	28859 :	10100000;
	28858 :	00011000;
	28857 :	10100000;
	28856 :	00011000;
	28855 :	00000010;
	28854 :	00011001;
	28853 :	01100100;
	28852 :	00110001;
	28851 :	01100100;
	28850 :	00110001;
	28849 :	01100100;
	28848 :	00110001;
	28847 :	11100100;
	28846 :	00101000;
	28845 :	01000011;
	28844 :	01000001;
	28843 :	01100110;
	28842 :	01101001;
	28841 :	10001101;
	28840 :	10110011;
	28839 :	11001101;
	28838 :	11000011;
	28837 :	11010000;
	28836 :	10101011;
	28835 :	11010000;
	28834 :	10101011;
	28833 :	11010000;
	28832 :	10101011;
	28831 :	10001101;
	28830 :	10110011;
	28829 :	10001101;
	28828 :	10110011;
	28827 :	11010000;
	28826 :	10101011;
	28825 :	11010000;
	28824 :	10101011;
	28823 :	11010000;
	28822 :	10101011;
	28821 :	11010000;
	28820 :	10101011;
	28819 :	11010000;
	28818 :	10101011;
	28817 :	10001101;
	28816 :	10110011;
	28815 :	11010000;
	28814 :	10101011;
	28813 :	10001101;
	28812 :	10110011;
	28811 :	11001001;
	28810 :	10100010;
	28809 :	10101000;
	28808 :	10010010;
	28807 :	10101000;
	28806 :	10010010;
	28805 :	10101000;
	28804 :	10010010;
	28803 :	10000011;
	28802 :	01011001;
	28801 :	00100010;
	28800 :	00101001;
	28799 :	00000010;
	28798 :	00011001;
	28797 :	00100010;
	28796 :	00101001;
	28795 :	00100010;
	28794 :	00101001;
	28793 :	00000010;
	28792 :	00011001;
	28791 :	00100010;
	28790 :	00101001;
	28789 :	00100010;
	28788 :	00101001;
	28787 :	00000010;
	28786 :	00011001;
	28785 :	00100010;
	28784 :	00101001;
	28783 :	00000010;
	28782 :	00011001;
	28781 :	00000010;
	28780 :	00011001;
	28779 :	00100010;
	28778 :	00101001;
	28777 :	00100010;
	28776 :	00101001;
	28775 :	00100010;
	28774 :	00101001;
	28773 :	10100000;
	28772 :	00011000;
	28771 :	11000001;
	28770 :	00100000;
	28769 :	11000001;
	28768 :	00100000;
	28767 :	10100000;
	28766 :	00011000;
	28765 :	11000001;
	28764 :	00100000;
	28763 :	11000001;
	28762 :	00100000;
	28761 :	00000010;
	28760 :	00011001;
	28759 :	00000010;
	28758 :	00011001;
	28757 :	00101111;
	28756 :	10010100;
	28755 :	00000010;
	28754 :	00011001;
	28753 :	00010011;
	28752 :	10110101;
	28751 :	00101111;
	28750 :	10010100;
	28749 :	00010011;
	28748 :	10110101;
	28747 :	00101111;
	28746 :	10010100;
	28745 :	01101001;
	28744 :	01011010;
	28743 :	00100010;
	28742 :	00101001;
	28741 :	10000011;
	28740 :	01000001;
	28739 :	00000010;
	28738 :	00011001;
	28737 :	00100010;
	28736 :	00101001;
	28735 :	00100010;
	28734 :	00101001;
	28733 :	00100010;
	28732 :	00101001;
	28731 :	00100010;
	28730 :	00101001;
	28729 :	00100010;
	28728 :	00101001;
	28727 :	00100010;
	28726 :	00101001;
	28725 :	00100010;
	28724 :	00101001;
	28723 :	00100010;
	28722 :	00101001;
	28721 :	00100010;
	28720 :	00101001;
	28719 :	00100010;
	28718 :	00101001;
	28717 :	00100010;
	28716 :	00101001;
	28715 :	00100010;
	28714 :	00101001;
	28713 :	00100010;
	28712 :	00101001;
	28711 :	00100010;
	28710 :	00101001;
	28709 :	11000001;
	28708 :	00100000;
	28707 :	11000001;
	28706 :	00100000;
	28705 :	11000001;
	28704 :	00100000;
	28703 :	00100010;
	28702 :	00101001;
	28701 :	11000001;
	28700 :	00100000;
	28699 :	11000001;
	28698 :	00100000;
	28697 :	01000011;
	28696 :	01000001;
	28695 :	00100010;
	28694 :	00101001;
	28693 :	01000011;
	28692 :	01000001;
	28691 :	01000011;
	28690 :	01000001;
	28689 :	01100110;
	28688 :	01101001;
	28687 :	11010100;
	28686 :	11000100;
	28685 :	11011000;
	28684 :	11010101;
	28683 :	11110110;
	28682 :	10110100;
	28681 :	00110111;
	28680 :	10110101;
	28679 :	00110111;
	28678 :	10110101;
	28677 :	00110111;
	28676 :	10110101;
	28675 :	00110111;
	28674 :	10110101;
	28673 :	00110111;
	28672 :	10110101;
	28671 :	01111000;
	28670 :	11000101;
	28669 :	10010100;
	28668 :	10111101;
	28667 :	11001000;
	28666 :	01001001;
	28665 :	10000101;
	28664 :	01001001;
	28663 :	01100100;
	28662 :	00110001;
	28661 :	10000101;
	28660 :	01001001;
	28659 :	00100010;
	28658 :	00101001;
	28657 :	00100010;
	28656 :	00101001;
	28655 :	00000010;
	28654 :	00011001;
	28653 :	00000010;
	28652 :	00011001;
	28651 :	11000001;
	28650 :	00100000;
	28649 :	00100010;
	28648 :	00101001;
	28647 :	00000010;
	28646 :	00011001;
	28645 :	00000010;
	28644 :	00011001;
	28643 :	00100010;
	28642 :	00101001;
	28641 :	00000010;
	28640 :	00011001;
	28639 :	00100010;
	28638 :	00101001;
	28637 :	00000010;
	28636 :	00011001;
	28635 :	00000010;
	28634 :	00011001;
	28633 :	00100010;
	28632 :	00101001;
	28631 :	00000010;
	28630 :	00011001;
	28629 :	10100000;
	28628 :	00011000;
	28627 :	00100010;
	28626 :	00101001;
	28625 :	00100010;
	28624 :	00101001;
	28623 :	00100010;
	28622 :	00101001;
	28621 :	00000010;
	28620 :	00011001;
	28619 :	00000010;
	28618 :	00011001;
	28617 :	11000001;
	28616 :	00100000;
	28615 :	10100000;
	28614 :	00011000;
	28613 :	10100000;
	28612 :	00011000;
	28611 :	00100010;
	28610 :	00101001;
	28609 :	11000001;
	28608 :	00100000;
	28607 :	10100000;
	28606 :	00011000;
	28605 :	11000001;
	28604 :	00100000;
	28603 :	10100000;
	28602 :	00011000;
	28601 :	10100000;
	28600 :	00011000;
	28599 :	10100000;
	28598 :	00011000;
	28597 :	00100010;
	28596 :	00101001;
	28595 :	01100100;
	28594 :	00110001;
	28593 :	00100010;
	28592 :	00101001;
	28591 :	00100010;
	28590 :	00101001;
	28589 :	01100100;
	28588 :	00110001;
	28587 :	01000011;
	28586 :	01000001;
	28585 :	11001000;
	28584 :	01101001;
	28583 :	10001101;
	28582 :	10110011;
	28581 :	11010000;
	28580 :	10101011;
	28579 :	11001101;
	28578 :	11000011;
	28577 :	11010000;
	28576 :	10101011;
	28575 :	10001101;
	28574 :	10110011;
	28573 :	00101010;
	28572 :	10101011;
	28571 :	00101010;
	28570 :	10101011;
	28569 :	00101010;
	28568 :	10101011;
	28567 :	00101010;
	28566 :	10101011;
	28565 :	00101010;
	28564 :	10101011;
	28563 :	00101010;
	28562 :	10101011;
	28561 :	00101010;
	28560 :	10101011;
	28559 :	00101010;
	28558 :	10101011;
	28557 :	00101010;
	28556 :	10010011;
	28555 :	11001001;
	28554 :	10100010;
	28553 :	11001001;
	28552 :	10100010;
	28551 :	01100111;
	28550 :	10100010;
	28549 :	00001001;
	28548 :	10100011;
	28547 :	00000011;
	28546 :	01111010;
	28545 :	00001001;
	28544 :	10011011;
	28543 :	00100010;
	28542 :	00101001;
	28541 :	00000010;
	28540 :	00011001;
	28539 :	00100010;
	28538 :	00101001;
	28537 :	00100010;
	28536 :	00101001;
	28535 :	00100010;
	28534 :	00101001;
	28533 :	00000010;
	28532 :	00011001;
	28531 :	00100010;
	28530 :	00101001;
	28529 :	00100010;
	28528 :	00101001;
	28527 :	00100010;
	28526 :	00101001;
	28525 :	00100010;
	28524 :	00101001;
	28523 :	00100010;
	28522 :	00101001;
	28521 :	00100010;
	28520 :	00101001;
	28519 :	00100010;
	28518 :	00101001;
	28517 :	01100100;
	28516 :	00110001;
	28515 :	00101111;
	28514 :	10010100;
	28513 :	00101111;
	28512 :	10010100;
	28511 :	10101101;
	28510 :	10001011;
	28509 :	00100111;
	28508 :	01010010;
	28507 :	00100010;
	28506 :	00101001;
	28505 :	10100000;
	28504 :	00011000;
	28503 :	00000010;
	28502 :	00011001;
	28501 :	00010011;
	28500 :	10110101;
	28499 :	01100100;
	28498 :	00110001;
	28497 :	01101100;
	28496 :	01111011;
	28495 :	00000010;
	28494 :	00011001;
	28493 :	00000010;
	28492 :	00011001;
	28491 :	00000010;
	28490 :	00011001;
	28489 :	00000010;
	28488 :	00011001;
	28487 :	00100010;
	28486 :	00101001;
	28485 :	00100010;
	28484 :	00101001;
	28483 :	00100010;
	28482 :	00101001;
	28481 :	00100010;
	28480 :	00101001;
	28479 :	00100010;
	28478 :	00101001;
	28477 :	00100010;
	28476 :	00101001;
	28475 :	00000010;
	28474 :	00011001;
	28473 :	00100010;
	28472 :	00101001;
	28471 :	00100010;
	28470 :	00101001;
	28469 :	11000001;
	28468 :	00100000;
	28467 :	00100010;
	28466 :	00101001;
	28465 :	00100010;
	28464 :	00101001;
	28463 :	00100010;
	28462 :	00101001;
	28461 :	00100010;
	28460 :	00101001;
	28459 :	00100010;
	28458 :	00101001;
	28457 :	00100010;
	28456 :	00101001;
	28455 :	00100010;
	28454 :	00101001;
	28453 :	11000001;
	28452 :	00100000;
	28451 :	11000001;
	28450 :	00100000;
	28449 :	11000001;
	28448 :	00100000;
	28447 :	11000001;
	28446 :	00100000;
	28445 :	00100010;
	28444 :	00101001;
	28443 :	11000001;
	28442 :	00100000;
	28441 :	11000001;
	28440 :	01000000;
	28439 :	00100010;
	28438 :	00101001;
	28437 :	01000011;
	28436 :	01000001;
	28435 :	01000011;
	28434 :	01000001;
	28433 :	01100101;
	28432 :	01100001;
	28431 :	10010010;
	28430 :	10101100;
	28429 :	01010110;
	28428 :	11000101;
	28427 :	11110110;
	28426 :	10110100;
	28425 :	01010110;
	28424 :	11000101;
	28423 :	00110111;
	28422 :	10101101;
	28421 :	01010110;
	28420 :	11000101;
	28419 :	00110111;
	28418 :	10110101;
	28417 :	01111000;
	28416 :	10110101;
	28415 :	01111000;
	28414 :	10110101;
	28413 :	10010111;
	28412 :	10111101;
	28411 :	01101100;
	28410 :	01111011;
	28409 :	11001000;
	28408 :	01001001;
	28407 :	01100100;
	28406 :	00110001;
	28405 :	10000101;
	28404 :	01001001;
	28403 :	01100100;
	28402 :	00110001;
	28401 :	00100010;
	28400 :	00101001;
	28399 :	11000001;
	28398 :	00100000;
	28397 :	11100100;
	28396 :	00101000;
	28395 :	00000010;
	28394 :	00011001;
	28393 :	00000010;
	28392 :	00011001;
	28391 :	11100100;
	28390 :	00101000;
	28389 :	00100010;
	28388 :	00101001;
	28387 :	00100010;
	28386 :	00101001;
	28385 :	00000010;
	28384 :	00011001;
	28383 :	00100010;
	28382 :	00101001;
	28381 :	00000010;
	28380 :	00011001;
	28379 :	00100010;
	28378 :	00101001;
	28377 :	00000010;
	28376 :	00011001;
	28375 :	00100010;
	28374 :	00101001;
	28373 :	11000001;
	28372 :	00100000;
	28371 :	00100010;
	28370 :	00101001;
	28369 :	00000010;
	28368 :	00011001;
	28367 :	00100010;
	28366 :	00101001;
	28365 :	11000001;
	28364 :	00100000;
	28363 :	11000001;
	28362 :	00100000;
	28361 :	10100000;
	28360 :	00011000;
	28359 :	10100000;
	28358 :	00011000;
	28357 :	00000010;
	28356 :	00011001;
	28355 :	00100010;
	28354 :	00101001;
	28353 :	11000001;
	28352 :	00100000;
	28351 :	11000001;
	28350 :	00100000;
	28349 :	10100000;
	28348 :	00011000;
	28347 :	10100000;
	28346 :	00011000;
	28345 :	10100000;
	28344 :	00011000;
	28343 :	10100000;
	28342 :	00011000;
	28341 :	00100010;
	28340 :	00101001;
	28339 :	00100010;
	28338 :	00101001;
	28337 :	01100100;
	28336 :	00110001;
	28335 :	01100100;
	28334 :	00110001;
	28333 :	01100100;
	28332 :	00110001;
	28331 :	11100100;
	28330 :	00101000;
	28329 :	10000101;
	28328 :	01001001;
	28327 :	00101010;
	28326 :	10101011;
	28325 :	11010000;
	28324 :	10101011;
	28323 :	10001101;
	28322 :	10110011;
	28321 :	10001101;
	28320 :	10110011;
	28319 :	10001101;
	28318 :	10110011;
	28317 :	01001011;
	28316 :	10110011;
	28315 :	11001101;
	28314 :	11000011;
	28313 :	10001101;
	28312 :	10110011;
	28311 :	10001101;
	28310 :	10110011;
	28309 :	11001101;
	28308 :	11000011;
	28307 :	10001101;
	28306 :	10110011;
	28305 :	10001101;
	28304 :	10110011;
	28303 :	10001101;
	28302 :	10110011;
	28301 :	10001101;
	28300 :	10110011;
	28299 :	01001011;
	28298 :	10110011;
	28297 :	00101010;
	28296 :	10101011;
	28295 :	11001001;
	28294 :	10100010;
	28293 :	01000111;
	28292 :	10010010;
	28291 :	11000010;
	28290 :	10000001;
	28289 :	10100111;
	28288 :	10100010;
	28287 :	10100101;
	28286 :	01100001;
	28285 :	01100100;
	28284 :	00110001;
	28283 :	00000010;
	28282 :	00011001;
	28281 :	00100010;
	28280 :	00101001;
	28279 :	00100010;
	28278 :	00101001;
	28277 :	00100010;
	28276 :	00101001;
	28275 :	00100010;
	28274 :	00101001;
	28273 :	00100010;
	28272 :	00101001;
	28271 :	00100010;
	28270 :	00101001;
	28269 :	01100100;
	28268 :	00110001;
	28267 :	00100010;
	28266 :	00101001;
	28265 :	01100100;
	28264 :	00110001;
	28263 :	00100010;
	28262 :	00101001;
	28261 :	10000101;
	28260 :	01001001;
	28259 :	00101111;
	28258 :	10010100;
	28257 :	00101111;
	28256 :	10010100;
	28255 :	00101111;
	28254 :	10010100;
	28253 :	10010010;
	28252 :	10101100;
	28251 :	00010011;
	28250 :	10110101;
	28249 :	00010011;
	28248 :	10110101;
	28247 :	01110010;
	28246 :	10010100;
	28245 :	00101111;
	28244 :	10010100;
	28243 :	00100111;
	28242 :	01010010;
	28241 :	00101111;
	28240 :	10010100;
	28239 :	00101111;
	28238 :	10010100;
	28237 :	01101001;
	28236 :	01011010;
	28235 :	01100100;
	28234 :	00110001;
	28233 :	01100100;
	28232 :	00110001;
	28231 :	00100010;
	28230 :	00101001;
	28229 :	00100010;
	28228 :	00101001;
	28227 :	00100010;
	28226 :	00101001;
	28225 :	00100010;
	28224 :	00101001;
	28223 :	00100010;
	28222 :	00101001;
	28221 :	00000010;
	28220 :	00011001;
	28219 :	00100010;
	28218 :	00101001;
	28217 :	00100010;
	28216 :	00101001;
	28215 :	00000010;
	28214 :	00011001;
	28213 :	00100010;
	28212 :	00101001;
	28211 :	00100010;
	28210 :	00101001;
	28209 :	00100010;
	28208 :	00101001;
	28207 :	00100010;
	28206 :	00101001;
	28205 :	00100010;
	28204 :	00101001;
	28203 :	00100010;
	28202 :	00101001;
	28201 :	00100010;
	28200 :	00101001;
	28199 :	00100010;
	28198 :	00101001;
	28197 :	11000001;
	28196 :	00100000;
	28195 :	11000001;
	28194 :	00100000;
	28193 :	11000001;
	28192 :	00100000;
	28191 :	11000001;
	28190 :	00100000;
	28189 :	00100010;
	28188 :	00101001;
	28187 :	11000001;
	28186 :	00100000;
	28185 :	00100010;
	28184 :	00101001;
	28183 :	11000001;
	28182 :	01000000;
	28181 :	01000011;
	28180 :	01000001;
	28179 :	01000011;
	28178 :	01000001;
	28177 :	01000011;
	28176 :	01010001;
	28175 :	11010000;
	28174 :	10101011;
	28173 :	01010110;
	28172 :	11000101;
	28171 :	11110101;
	28170 :	10110100;
	28169 :	00110111;
	28168 :	10110101;
	28167 :	01010110;
	28166 :	11000101;
	28165 :	00110111;
	28164 :	10110101;
	28163 :	00110111;
	28162 :	10110101;
	28161 :	01111000;
	28160 :	10110101;
	28159 :	01010110;
	28158 :	11000101;
	28157 :	00110111;
	28156 :	10110101;
	28155 :	11110101;
	28154 :	10110100;
	28153 :	10101101;
	28152 :	10001011;
	28151 :	00100111;
	28150 :	01010010;
	28149 :	01100100;
	28148 :	00110001;
	28147 :	01100100;
	28146 :	00110001;
	28145 :	01100100;
	28144 :	00110001;
	28143 :	00100010;
	28142 :	00101001;
	28141 :	00100010;
	28140 :	00101001;
	28139 :	00100010;
	28138 :	00101001;
	28137 :	00100010;
	28136 :	00101001;
	28135 :	00000010;
	28134 :	00011001;
	28133 :	00100010;
	28132 :	00101001;
	28131 :	00000010;
	28130 :	00011001;
	28129 :	00100010;
	28128 :	00101001;
	28127 :	00000010;
	28126 :	00011001;
	28125 :	00100010;
	28124 :	00101001;
	28123 :	11000001;
	28122 :	00100000;
	28121 :	00000010;
	28120 :	00011001;
	28119 :	00000010;
	28118 :	00011001;
	28117 :	00100010;
	28116 :	00101001;
	28115 :	00000010;
	28114 :	00011001;
	28113 :	00100010;
	28112 :	00101001;
	28111 :	00000010;
	28110 :	00011001;
	28109 :	11000001;
	28108 :	00100000;
	28107 :	00000010;
	28106 :	00011001;
	28105 :	11000001;
	28104 :	00100000;
	28103 :	10100000;
	28102 :	00011000;
	28101 :	00000010;
	28100 :	00011001;
	28099 :	00100010;
	28098 :	00101001;
	28097 :	10100000;
	28096 :	00011000;
	28095 :	00000010;
	28094 :	00011001;
	28093 :	11000001;
	28092 :	00100000;
	28091 :	10100000;
	28090 :	00011000;
	28089 :	10100000;
	28088 :	00011000;
	28087 :	10100000;
	28086 :	00011000;
	28085 :	00000010;
	28084 :	00011001;
	28083 :	00100010;
	28082 :	00101001;
	28081 :	00100010;
	28080 :	00101001;
	28079 :	01100100;
	28078 :	00110001;
	28077 :	01100100;
	28076 :	00110001;
	28075 :	11100100;
	28074 :	00101000;
	28073 :	01100100;
	28072 :	00110001;
	28071 :	11000001;
	28070 :	01000000;
	28069 :	00101010;
	28068 :	10101011;
	28067 :	10001101;
	28066 :	10110011;
	28065 :	11110000;
	28064 :	11001011;
	28063 :	10001101;
	28062 :	10110011;
	28061 :	10001101;
	28060 :	10110011;
	28059 :	11010000;
	28058 :	10101011;
	28057 :	10001101;
	28056 :	10110011;
	28055 :	11010000;
	28054 :	10101011;
	28053 :	10001101;
	28052 :	10110011;
	28051 :	11010000;
	28050 :	10101011;
	28049 :	10001101;
	28048 :	10110011;
	28047 :	10001101;
	28046 :	10110011;
	28045 :	10001101;
	28044 :	10110011;
	28043 :	10001101;
	28042 :	10110011;
	28041 :	10001101;
	28040 :	10110011;
	28039 :	10101000;
	28038 :	10010010;
	28037 :	01000111;
	28036 :	10010010;
	28035 :	00100100;
	28034 :	10010010;
	28033 :	00100110;
	28032 :	10110011;
	28031 :	00000001;
	28030 :	01001001;
	28029 :	00100010;
	28028 :	00101001;
	28027 :	00100010;
	28026 :	00101001;
	28025 :	01100100;
	28024 :	00110001;
	28023 :	00100010;
	28022 :	00101001;
	28021 :	00100010;
	28020 :	00101001;
	28019 :	00100010;
	28018 :	00101001;
	28017 :	00100010;
	28016 :	00101001;
	28015 :	01100100;
	28014 :	00110001;
	28013 :	00100010;
	28012 :	00101001;
	28011 :	01100100;
	28010 :	00110001;
	28009 :	00100010;
	28008 :	00101001;
	28007 :	00100010;
	28006 :	00101001;
	28005 :	11000001;
	28004 :	00100000;
	28003 :	10100000;
	28002 :	00011000;
	28001 :	10000011;
	28000 :	01000001;
	27999 :	01101001;
	27998 :	01011010;
	27997 :	00101011;
	27996 :	01110011;
	27995 :	00101111;
	27994 :	10010100;
	27993 :	00101111;
	27992 :	10010100;
	27991 :	00101111;
	27990 :	10010100;
	27989 :	00101111;
	27988 :	10010100;
	27987 :	00100111;
	27986 :	01010010;
	27985 :	00101111;
	27984 :	10010100;
	27983 :	00010011;
	27982 :	10110101;
	27981 :	00010011;
	27980 :	10110101;
	27979 :	00101111;
	27978 :	10010100;
	27977 :	00101011;
	27976 :	01110011;
	27975 :	00100010;
	27974 :	00101001;
	27973 :	00100010;
	27972 :	00101001;
	27971 :	00100010;
	27970 :	00101001;
	27969 :	00100010;
	27968 :	00101001;
	27967 :	00100010;
	27966 :	00101001;
	27965 :	00100010;
	27964 :	00101001;
	27963 :	00000010;
	27962 :	00011001;
	27961 :	00100010;
	27960 :	00101001;
	27959 :	00100010;
	27958 :	00101001;
	27957 :	00100010;
	27956 :	00101001;
	27955 :	00100010;
	27954 :	00101001;
	27953 :	00100010;
	27952 :	00101001;
	27951 :	00100010;
	27950 :	00101001;
	27949 :	00000001;
	27948 :	01001001;
	27947 :	00100010;
	27946 :	00101001;
	27945 :	00100010;
	27944 :	00101001;
	27943 :	00000001;
	27942 :	01001001;
	27941 :	11000001;
	27940 :	00100000;
	27939 :	11000001;
	27938 :	00100000;
	27937 :	00100010;
	27936 :	00101001;
	27935 :	11000001;
	27934 :	00100000;
	27933 :	00100010;
	27932 :	00101001;
	27931 :	00100010;
	27930 :	00101001;
	27929 :	00100010;
	27928 :	00101001;
	27927 :	01000011;
	27926 :	01000001;
	27925 :	01000011;
	27924 :	01000001;
	27923 :	01000011;
	27922 :	01000001;
	27921 :	01000011;
	27920 :	01010001;
	27919 :	11101101;
	27918 :	10000010;
	27917 :	00110101;
	27916 :	11000101;
	27915 :	00110111;
	27914 :	10110101;
	27913 :	01010110;
	27912 :	11000101;
	27911 :	10010100;
	27910 :	10111101;
	27909 :	01111000;
	27908 :	10110101;
	27907 :	00110111;
	27906 :	10110101;
	27905 :	00110111;
	27904 :	10110101;
	27903 :	01111000;
	27902 :	10110101;
	27901 :	01111000;
	27900 :	11000101;
	27899 :	10010101;
	27898 :	11000101;
	27897 :	00110101;
	27896 :	10110101;
	27895 :	01101100;
	27894 :	01111011;
	27893 :	10000101;
	27892 :	01001001;
	27891 :	01000011;
	27890 :	01000001;
	27889 :	01100100;
	27888 :	00110001;
	27887 :	00100010;
	27886 :	00101001;
	27885 :	00100010;
	27884 :	00101001;
	27883 :	00100010;
	27882 :	00101001;
	27881 :	11100100;
	27880 :	00101000;
	27879 :	00000010;
	27878 :	00011001;
	27877 :	00100010;
	27876 :	00101001;
	27875 :	00000010;
	27874 :	00011001;
	27873 :	00100010;
	27872 :	00101001;
	27871 :	00100010;
	27870 :	00101001;
	27869 :	00000010;
	27868 :	00011001;
	27867 :	00100010;
	27866 :	00101001;
	27865 :	00100010;
	27864 :	00101001;
	27863 :	00100010;
	27862 :	00101001;
	27861 :	00000010;
	27860 :	00011001;
	27859 :	00000010;
	27858 :	00011001;
	27857 :	00100010;
	27856 :	00101001;
	27855 :	11000001;
	27854 :	00100000;
	27853 :	11000001;
	27852 :	00100000;
	27851 :	11000001;
	27850 :	00100000;
	27849 :	10100000;
	27848 :	00011000;
	27847 :	10100000;
	27846 :	00011000;
	27845 :	00100010;
	27844 :	00101001;
	27843 :	00100010;
	27842 :	00101001;
	27841 :	11000001;
	27840 :	00100000;
	27839 :	10100000;
	27838 :	00011000;
	27837 :	10100000;
	27836 :	00011000;
	27835 :	11000001;
	27834 :	00100000;
	27833 :	10100000;
	27832 :	00011000;
	27831 :	10100000;
	27830 :	00011000;
	27829 :	00000010;
	27828 :	00011001;
	27827 :	01100100;
	27826 :	00110001;
	27825 :	00100010;
	27824 :	00101001;
	27823 :	01100100;
	27822 :	00110001;
	27821 :	01100100;
	27820 :	00110001;
	27819 :	00100010;
	27818 :	00101001;
	27817 :	01000011;
	27816 :	01000001;
	27815 :	01000011;
	27814 :	01000001;
	27813 :	10101000;
	27812 :	10010010;
	27811 :	10001101;
	27810 :	10110011;
	27809 :	11001101;
	27808 :	11000011;
	27807 :	10001101;
	27806 :	10110011;
	27805 :	01001011;
	27804 :	10110011;
	27803 :	00101010;
	27802 :	10101011;
	27801 :	10001101;
	27800 :	10110011;
	27799 :	10001101;
	27798 :	10110011;
	27797 :	10001101;
	27796 :	10110011;
	27795 :	10001101;
	27794 :	10110011;
	27793 :	10001101;
	27792 :	10110011;
	27791 :	01001011;
	27790 :	10110011;
	27789 :	10001101;
	27788 :	10110011;
	27787 :	00101010;
	27786 :	10101011;
	27785 :	11001001;
	27784 :	10100010;
	27783 :	01100111;
	27782 :	10100010;
	27781 :	01100111;
	27780 :	10100010;
	27779 :	00101001;
	27778 :	10110011;
	27777 :	00101001;
	27776 :	10110011;
	27775 :	00100010;
	27774 :	00101001;
	27773 :	01100100;
	27772 :	00110001;
	27771 :	00100010;
	27770 :	00101001;
	27769 :	00100010;
	27768 :	00101001;
	27767 :	00100010;
	27766 :	00101001;
	27765 :	01100100;
	27764 :	00110001;
	27763 :	00100010;
	27762 :	00101001;
	27761 :	01100100;
	27760 :	00110001;
	27759 :	00100010;
	27758 :	00101001;
	27757 :	00100010;
	27756 :	00101001;
	27755 :	00100010;
	27754 :	00101001;
	27753 :	00100010;
	27752 :	00101001;
	27751 :	00100010;
	27750 :	00101001;
	27749 :	11000001;
	27748 :	00100000;
	27747 :	00100010;
	27746 :	00101001;
	27745 :	11000001;
	27744 :	00100000;
	27743 :	11000001;
	27742 :	00100000;
	27741 :	11000001;
	27740 :	00100000;
	27739 :	11000001;
	27738 :	00100000;
	27737 :	00100010;
	27736 :	00101001;
	27735 :	00000010;
	27734 :	00011001;
	27733 :	00101111;
	27732 :	10010100;
	27731 :	00100111;
	27730 :	01010010;
	27729 :	00101011;
	27728 :	01110011;
	27727 :	00000010;
	27726 :	00011001;
	27725 :	00100111;
	27724 :	01010010;
	27723 :	00100111;
	27722 :	01010010;
	27721 :	00100111;
	27720 :	01010010;
	27719 :	10000011;
	27718 :	01000001;
	27717 :	00100010;
	27716 :	00101001;
	27715 :	00100010;
	27714 :	00101001;
	27713 :	00100010;
	27712 :	00101001;
	27711 :	00100010;
	27710 :	00101001;
	27709 :	00100010;
	27708 :	00101001;
	27707 :	00100010;
	27706 :	00101001;
	27705 :	00100010;
	27704 :	00101001;
	27703 :	00100010;
	27702 :	00101001;
	27701 :	00100010;
	27700 :	00101001;
	27699 :	00100010;
	27698 :	00101001;
	27697 :	00100010;
	27696 :	00101001;
	27695 :	00100010;
	27694 :	00101001;
	27693 :	00100010;
	27692 :	00101001;
	27691 :	00100010;
	27690 :	00101001;
	27689 :	10000011;
	27688 :	01000001;
	27687 :	00100010;
	27686 :	00101001;
	27685 :	00100010;
	27684 :	00101001;
	27683 :	11000001;
	27682 :	00100000;
	27681 :	11000001;
	27680 :	00100000;
	27679 :	11000001;
	27678 :	00100000;
	27677 :	11000001;
	27676 :	00100000;
	27675 :	11000001;
	27674 :	00100000;
	27673 :	00100010;
	27672 :	00101001;
	27671 :	00000001;
	27670 :	01001001;
	27669 :	00100010;
	27668 :	00101001;
	27667 :	01000011;
	27666 :	01000001;
	27665 :	01000011;
	27664 :	01010001;
	27663 :	11001000;
	27662 :	01101001;
	27661 :	11110101;
	27660 :	10110100;
	27659 :	01010110;
	27658 :	11000101;
	27657 :	00110101;
	27656 :	10110101;
	27655 :	00110111;
	27654 :	10110101;
	27653 :	10010111;
	27652 :	10111101;
	27651 :	01111000;
	27650 :	10110101;
	27649 :	01111000;
	27648 :	11000101;
	27647 :	01111000;
	27646 :	11000101;
	27645 :	01111000;
	27644 :	10110101;
	27643 :	01111000;
	27642 :	10110101;
	27641 :	11011000;
	27640 :	11010101;
	27639 :	10010101;
	27638 :	11000101;
	27637 :	10101101;
	27636 :	10001011;
	27635 :	11001000;
	27634 :	01001001;
	27633 :	01100100;
	27632 :	00110001;
	27631 :	01100100;
	27630 :	00110001;
	27629 :	11100100;
	27628 :	00101000;
	27627 :	00100010;
	27626 :	00101001;
	27625 :	00100010;
	27624 :	00101001;
	27623 :	00100010;
	27622 :	00101001;
	27621 :	01100100;
	27620 :	00110001;
	27619 :	01100100;
	27618 :	00110001;
	27617 :	01100100;
	27616 :	00110001;
	27615 :	01100100;
	27614 :	00110001;
	27613 :	01100100;
	27612 :	00110001;
	27611 :	00100010;
	27610 :	00101001;
	27609 :	11000001;
	27608 :	00100000;
	27607 :	00100010;
	27606 :	00101001;
	27605 :	00100010;
	27604 :	00101001;
	27603 :	00100010;
	27602 :	00101001;
	27601 :	11000001;
	27600 :	00100000;
	27599 :	11000001;
	27598 :	00100000;
	27597 :	00000010;
	27596 :	00011001;
	27595 :	11000001;
	27594 :	00100000;
	27593 :	10100000;
	27592 :	00011000;
	27591 :	10100000;
	27590 :	00011000;
	27589 :	00100010;
	27588 :	00101001;
	27587 :	00000010;
	27586 :	00011001;
	27585 :	11000001;
	27584 :	00100000;
	27583 :	10100000;
	27582 :	00011000;
	27581 :	11000001;
	27580 :	00100000;
	27579 :	10100000;
	27578 :	00011000;
	27577 :	00000010;
	27576 :	00011001;
	27575 :	10100000;
	27574 :	00011000;
	27573 :	10100000;
	27572 :	00011000;
	27571 :	01100100;
	27570 :	00110001;
	27569 :	01100100;
	27568 :	00110001;
	27567 :	00100010;
	27566 :	00101001;
	27565 :	00100010;
	27564 :	00101001;
	27563 :	01100100;
	27562 :	00110001;
	27561 :	01100100;
	27560 :	00110001;
	27559 :	01000011;
	27558 :	01000001;
	27557 :	11000001;
	27556 :	01000000;
	27555 :	10001101;
	27554 :	10110011;
	27553 :	10001101;
	27552 :	10110011;
	27551 :	10001101;
	27550 :	10110011;
	27549 :	10001101;
	27548 :	10110011;
	27547 :	01001011;
	27546 :	10110011;
	27545 :	00101010;
	27544 :	10101011;
	27543 :	00101010;
	27542 :	10101011;
	27541 :	00101010;
	27540 :	10101011;
	27539 :	11001001;
	27538 :	10100010;
	27537 :	00101010;
	27536 :	10010011;
	27535 :	00101010;
	27534 :	10010011;
	27533 :	11001001;
	27532 :	10100010;
	27531 :	11001001;
	27530 :	10100010;
	27529 :	01100111;
	27528 :	10100010;
	27527 :	11001001;
	27526 :	10100010;
	27525 :	00001001;
	27524 :	11000011;
	27523 :	00101100;
	27522 :	11010100;
	27521 :	00001111;
	27520 :	11100100;
	27519 :	00100010;
	27518 :	00101001;
	27517 :	00100010;
	27516 :	00101001;
	27515 :	00100010;
	27514 :	00101001;
	27513 :	00100010;
	27512 :	00101001;
	27511 :	00100010;
	27510 :	00101001;
	27509 :	00100010;
	27508 :	00101001;
	27507 :	00100010;
	27506 :	00101001;
	27505 :	00100010;
	27504 :	00101001;
	27503 :	00100010;
	27502 :	00101001;
	27501 :	00100010;
	27500 :	00101001;
	27499 :	00100010;
	27498 :	00101001;
	27497 :	01100100;
	27496 :	00110001;
	27495 :	00100010;
	27494 :	00101001;
	27493 :	00101111;
	27492 :	10010100;
	27491 :	00101111;
	27490 :	10010100;
	27489 :	00101110;
	27488 :	10110100;
	27487 :	00101111;
	27486 :	10010100;
	27485 :	00101111;
	27484 :	10010100;
	27483 :	00100111;
	27482 :	01010010;
	27481 :	00100010;
	27480 :	00101001;
	27479 :	10100000;
	27478 :	00011000;
	27477 :	00101111;
	27476 :	10010100;
	27475 :	00100111;
	27474 :	01010010;
	27473 :	00101011;
	27472 :	01110011;
	27471 :	00100010;
	27470 :	00101001;
	27469 :	00100010;
	27468 :	00101001;
	27467 :	00000010;
	27466 :	00011001;
	27465 :	00100010;
	27464 :	00101001;
	27463 :	10000011;
	27462 :	01000001;
	27461 :	00100010;
	27460 :	00101001;
	27459 :	00100010;
	27458 :	00101001;
	27457 :	00100010;
	27456 :	00101001;
	27455 :	00100010;
	27454 :	00101001;
	27453 :	00100010;
	27452 :	00101001;
	27451 :	00100010;
	27450 :	00101001;
	27449 :	00100010;
	27448 :	00101001;
	27447 :	00100010;
	27446 :	00101001;
	27445 :	00100010;
	27444 :	00101001;
	27443 :	00100010;
	27442 :	00101001;
	27441 :	00100010;
	27440 :	00101001;
	27439 :	00100010;
	27438 :	00101001;
	27437 :	00100010;
	27436 :	00101001;
	27435 :	00100010;
	27434 :	00101001;
	27433 :	00100010;
	27432 :	00101001;
	27431 :	00100010;
	27430 :	00101001;
	27429 :	00100010;
	27428 :	00101001;
	27427 :	11000001;
	27426 :	00100000;
	27425 :	00100010;
	27424 :	00101001;
	27423 :	11000001;
	27422 :	00100000;
	27421 :	00100010;
	27420 :	00101001;
	27419 :	11000001;
	27418 :	00100000;
	27417 :	00000001;
	27416 :	01001001;
	27415 :	00100010;
	27414 :	00101001;
	27413 :	01000011;
	27412 :	01000001;
	27411 :	01000011;
	27410 :	01000001;
	27409 :	10000101;
	27408 :	01001001;
	27407 :	01100110;
	27406 :	01101001;
	27405 :	11010100;
	27404 :	11000100;
	27403 :	00110111;
	27402 :	10110101;
	27401 :	00110101;
	27400 :	10110101;
	27399 :	00110111;
	27398 :	10110101;
	27397 :	00110111;
	27396 :	10110101;
	27395 :	10010111;
	27394 :	10111101;
	27393 :	10010111;
	27392 :	10111101;
	27391 :	01111000;
	27390 :	10110101;
	27389 :	01111000;
	27388 :	11000101;
	27387 :	10010111;
	27386 :	10111101;
	27385 :	00011001;
	27384 :	11001110;
	27383 :	00111001;
	27382 :	11011110;
	27381 :	10010101;
	27380 :	11000101;
	27379 :	10010100;
	27378 :	10111101;
	27377 :	00101011;
	27376 :	01110011;
	27375 :	10000101;
	27374 :	01001001;
	27373 :	10000011;
	27372 :	01000001;
	27371 :	01100100;
	27370 :	00110001;
	27369 :	01000011;
	27368 :	01000001;
	27367 :	01100100;
	27366 :	00110001;
	27365 :	01100100;
	27364 :	00110001;
	27363 :	00100010;
	27362 :	00101001;
	27361 :	01100100;
	27360 :	00110001;
	27359 :	00100010;
	27358 :	00101001;
	27357 :	00100010;
	27356 :	00101001;
	27355 :	00100010;
	27354 :	00101001;
	27353 :	00100010;
	27352 :	00101001;
	27351 :	11000001;
	27350 :	00100000;
	27349 :	00100010;
	27348 :	00101001;
	27347 :	11000001;
	27346 :	00100000;
	27345 :	00000010;
	27344 :	00011001;
	27343 :	11000001;
	27342 :	00100000;
	27341 :	00000010;
	27340 :	00011001;
	27339 :	11000001;
	27338 :	00100000;
	27337 :	00000010;
	27336 :	00011001;
	27335 :	00000010;
	27334 :	00011001;
	27333 :	00100010;
	27332 :	00101001;
	27331 :	11000001;
	27330 :	00100000;
	27329 :	10100000;
	27328 :	00011000;
	27327 :	00000010;
	27326 :	00011001;
	27325 :	11000001;
	27324 :	00100000;
	27323 :	11000001;
	27322 :	00100000;
	27321 :	10100000;
	27320 :	00011000;
	27319 :	10100000;
	27318 :	00011000;
	27317 :	10100000;
	27316 :	00011000;
	27315 :	00100010;
	27314 :	00101001;
	27313 :	01100100;
	27312 :	00110001;
	27311 :	00100010;
	27310 :	00101001;
	27309 :	01100100;
	27308 :	00110001;
	27307 :	00100010;
	27306 :	00101001;
	27305 :	01100100;
	27304 :	00110001;
	27303 :	01100100;
	27302 :	00110001;
	27301 :	00100010;
	27300 :	00101001;
	27299 :	11100110;
	27298 :	01110001;
	27297 :	10001101;
	27296 :	10110011;
	27295 :	11001101;
	27294 :	11000011;
	27293 :	00101111;
	27292 :	11000100;
	27291 :	11001101;
	27290 :	11000011;
	27289 :	10001101;
	27288 :	10110011;
	27287 :	00101111;
	27286 :	11000100;
	27285 :	10001101;
	27284 :	10110011;
	27283 :	00101111;
	27282 :	11000100;
	27281 :	11001101;
	27280 :	11000011;
	27279 :	11001101;
	27278 :	11000011;
	27277 :	11001101;
	27276 :	11000011;
	27275 :	01001010;
	27274 :	11000011;
	27273 :	00001001;
	27272 :	11000011;
	27271 :	00001001;
	27270 :	11000011;
	27269 :	11001001;
	27268 :	10100010;
	27267 :	00100100;
	27266 :	10010010;
	27265 :	11100101;
	27264 :	10000001;
	27263 :	00100010;
	27262 :	00101001;
	27261 :	01100100;
	27260 :	00110001;
	27259 :	01100100;
	27258 :	00110001;
	27257 :	01100100;
	27256 :	00110001;
	27255 :	01100100;
	27254 :	00110001;
	27253 :	01100100;
	27252 :	00110001;
	27251 :	00100010;
	27250 :	00101001;
	27249 :	01100100;
	27248 :	00110001;
	27247 :	01100100;
	27246 :	00110001;
	27245 :	01100100;
	27244 :	00110001;
	27243 :	01100100;
	27242 :	00110001;
	27241 :	00100010;
	27240 :	00101001;
	27239 :	00100010;
	27238 :	00101001;
	27237 :	00101111;
	27236 :	10010100;
	27235 :	00101111;
	27234 :	10010100;
	27233 :	00101111;
	27232 :	10010100;
	27231 :	00101111;
	27230 :	10010100;
	27229 :	00101111;
	27228 :	10010100;
	27227 :	10010010;
	27226 :	10101100;
	27225 :	00010011;
	27224 :	10110101;
	27223 :	00101111;
	27222 :	10010100;
	27221 :	00101111;
	27220 :	10010100;
	27219 :	00100111;
	27218 :	01010010;
	27217 :	00010011;
	27216 :	10110101;
	27215 :	00010011;
	27214 :	10110101;
	27213 :	00101111;
	27212 :	10010100;
	27211 :	00101011;
	27210 :	01110011;
	27209 :	01101001;
	27208 :	01011010;
	27207 :	00100010;
	27206 :	00101001;
	27205 :	00100010;
	27204 :	00101001;
	27203 :	00100010;
	27202 :	00101001;
	27201 :	00100010;
	27200 :	00101001;
	27199 :	00100010;
	27198 :	00101001;
	27197 :	00100010;
	27196 :	00101001;
	27195 :	00100010;
	27194 :	00101001;
	27193 :	00100010;
	27192 :	00101001;
	27191 :	00100010;
	27190 :	00101001;
	27189 :	00100010;
	27188 :	00101001;
	27187 :	00100010;
	27186 :	00101001;
	27185 :	00100010;
	27184 :	00101001;
	27183 :	00100010;
	27182 :	00101001;
	27181 :	00100010;
	27180 :	00101001;
	27179 :	00000001;
	27178 :	01001001;
	27177 :	10000011;
	27176 :	01000001;
	27175 :	00100010;
	27174 :	00101001;
	27173 :	00100010;
	27172 :	00101001;
	27171 :	11000001;
	27170 :	00100000;
	27169 :	11000001;
	27168 :	00100000;
	27167 :	11000001;
	27166 :	00100000;
	27165 :	00100010;
	27164 :	00101001;
	27163 :	00100010;
	27162 :	00101001;
	27161 :	01000011;
	27160 :	01000001;
	27159 :	00100010;
	27158 :	00101001;
	27157 :	01000011;
	27156 :	01000001;
	27155 :	10000101;
	27154 :	01001001;
	27153 :	01000011;
	27152 :	01010001;
	27151 :	10000101;
	27150 :	01001001;
	27149 :	11010100;
	27148 :	11000100;
	27147 :	00110111;
	27146 :	10110101;
	27145 :	00110101;
	27144 :	10110101;
	27143 :	00110111;
	27142 :	10110101;
	27141 :	10010111;
	27140 :	10111101;
	27139 :	00110111;
	27138 :	10110101;
	27137 :	01111000;
	27136 :	11000101;
	27135 :	01111000;
	27134 :	11000101;
	27133 :	10010111;
	27132 :	10111101;
	27131 :	00110111;
	27130 :	10110101;
	27129 :	00111001;
	27128 :	11011110;
	27127 :	01111100;
	27126 :	11100110;
	27125 :	00111001;
	27124 :	11011110;
	27123 :	00111001;
	27122 :	11011110;
	27121 :	00111001;
	27120 :	11011110;
	27119 :	10101101;
	27118 :	10001011;
	27117 :	00100111;
	27116 :	01010010;
	27115 :	01100100;
	27114 :	00110001;
	27113 :	01100100;
	27112 :	00110001;
	27111 :	01100100;
	27110 :	00110001;
	27109 :	01100100;
	27108 :	00110001;
	27107 :	00100010;
	27106 :	00101001;
	27105 :	00100010;
	27104 :	00101001;
	27103 :	00100010;
	27102 :	00101001;
	27101 :	00100010;
	27100 :	00101001;
	27099 :	10100000;
	27098 :	00011000;
	27097 :	00000010;
	27096 :	00011001;
	27095 :	00100010;
	27094 :	00101001;
	27093 :	00000010;
	27092 :	00011001;
	27091 :	00100010;
	27090 :	00101001;
	27089 :	00000010;
	27088 :	00011001;
	27087 :	00000010;
	27086 :	00011001;
	27085 :	11000001;
	27084 :	00100000;
	27083 :	10100000;
	27082 :	00011000;
	27081 :	10100000;
	27080 :	00011000;
	27079 :	00100010;
	27078 :	00101001;
	27077 :	11000001;
	27076 :	00100000;
	27075 :	00000010;
	27074 :	00011001;
	27073 :	11000001;
	27072 :	00100000;
	27071 :	10100000;
	27070 :	00011000;
	27069 :	10100000;
	27068 :	00011000;
	27067 :	00000010;
	27066 :	00011001;
	27065 :	11000001;
	27064 :	00100000;
	27063 :	10100000;
	27062 :	00011000;
	27061 :	10100000;
	27060 :	00011000;
	27059 :	00100010;
	27058 :	00101001;
	27057 :	00100010;
	27056 :	00101001;
	27055 :	01100100;
	27054 :	00110001;
	27053 :	00100010;
	27052 :	00101001;
	27051 :	01100100;
	27050 :	00110001;
	27049 :	00100010;
	27048 :	00101001;
	27047 :	00100010;
	27046 :	00101001;
	27045 :	01000011;
	27044 :	01000001;
	27043 :	00000001;
	27042 :	01001001;
	27041 :	00101010;
	27040 :	10010011;
	27039 :	11001101;
	27038 :	11000011;
	27037 :	10001101;
	27036 :	10110011;
	27035 :	11001101;
	27034 :	11000011;
	27033 :	11001101;
	27032 :	11000011;
	27031 :	10001101;
	27030 :	10110011;
	27029 :	10001101;
	27028 :	10110011;
	27027 :	00101111;
	27026 :	11000100;
	27025 :	11001101;
	27024 :	11000011;
	27023 :	11001101;
	27022 :	11000011;
	27021 :	11001101;
	27020 :	11000011;
	27019 :	00101100;
	27018 :	11010100;
	27017 :	11001101;
	27016 :	11000011;
	27015 :	00101100;
	27014 :	11010100;
	27013 :	01001011;
	27012 :	10110011;
	27011 :	11000110;
	27010 :	10110010;
	27009 :	00001001;
	27008 :	10100011;
	27007 :	10000011;
	27006 :	01000001;
	27005 :	01100100;
	27004 :	00110001;
	27003 :	01100100;
	27002 :	00110001;
	27001 :	01100100;
	27000 :	00110001;
	26999 :	01100100;
	26998 :	00110001;
	26997 :	00100010;
	26996 :	00101001;
	26995 :	01100100;
	26994 :	00110001;
	26993 :	01100100;
	26992 :	00110001;
	26991 :	00100010;
	26990 :	00101001;
	26989 :	00100010;
	26988 :	00101001;
	26987 :	00100010;
	26986 :	00101001;
	26985 :	00100010;
	26984 :	00101001;
	26983 :	00100010;
	26982 :	00101001;
	26981 :	10100000;
	26980 :	00011000;
	26979 :	11000001;
	26978 :	00100000;
	26977 :	00100111;
	26976 :	01010010;
	26975 :	00101011;
	26974 :	01110011;
	26973 :	10101101;
	26972 :	10001011;
	26971 :	10010010;
	26970 :	10101100;
	26969 :	00101111;
	26968 :	10010100;
	26967 :	00101111;
	26966 :	10010100;
	26965 :	00101111;
	26964 :	10010100;
	26963 :	00100111;
	26962 :	01010010;
	26961 :	00101111;
	26960 :	10010100;
	26959 :	00010011;
	26958 :	10110101;
	26957 :	00101111;
	26956 :	10010100;
	26955 :	00010011;
	26954 :	10110101;
	26953 :	00101111;
	26952 :	10010100;
	26951 :	00100010;
	26950 :	00101001;
	26949 :	00100010;
	26948 :	00101001;
	26947 :	00100010;
	26946 :	00101001;
	26945 :	00100010;
	26944 :	00101001;
	26943 :	00100010;
	26942 :	00101001;
	26941 :	00100010;
	26940 :	00101001;
	26939 :	00100010;
	26938 :	00101001;
	26937 :	00100010;
	26936 :	00101001;
	26935 :	00100010;
	26934 :	00101001;
	26933 :	00100010;
	26932 :	00101001;
	26931 :	00100010;
	26930 :	00101001;
	26929 :	00100010;
	26928 :	00101001;
	26927 :	00100010;
	26926 :	00101001;
	26925 :	00100010;
	26924 :	00101001;
	26923 :	00100010;
	26922 :	00101001;
	26921 :	00100010;
	26920 :	00101001;
	26919 :	00100010;
	26918 :	00101001;
	26917 :	00000001;
	26916 :	01001001;
	26915 :	00100010;
	26914 :	00101001;
	26913 :	11000001;
	26912 :	00100000;
	26911 :	00100010;
	26910 :	00101001;
	26909 :	00100010;
	26908 :	00101001;
	26907 :	00000001;
	26906 :	01001001;
	26905 :	01000011;
	26904 :	01000001;
	26903 :	01100100;
	26902 :	00110001;
	26901 :	01000011;
	26900 :	01000001;
	26899 :	01000011;
	26898 :	01000001;
	26897 :	10000101;
	26896 :	01001001;
	26895 :	01100110;
	26894 :	01101001;
	26893 :	11110101;
	26892 :	10110100;
	26891 :	11110110;
	26890 :	10110100;
	26889 :	10010101;
	26888 :	11000101;
	26887 :	00110111;
	26886 :	10110101;
	26885 :	10010111;
	26884 :	10111101;
	26883 :	01111000;
	26882 :	11000101;
	26881 :	10010111;
	26880 :	10111101;
	26879 :	01111000;
	26878 :	10110101;
	26877 :	00110111;
	26876 :	10110101;
	26875 :	01111000;
	26874 :	11000101;
	26873 :	11011000;
	26872 :	11010101;
	26871 :	10011001;
	26870 :	11011110;
	26869 :	01111100;
	26868 :	11100110;
	26867 :	10011011;
	26866 :	11010110;
	26865 :	00111001;
	26864 :	11011110;
	26863 :	00011001;
	26862 :	11001110;
	26861 :	10010101;
	26860 :	11000101;
	26859 :	00101011;
	26858 :	01110011;
	26857 :	10000101;
	26856 :	01001001;
	26855 :	01100100;
	26854 :	00110001;
	26853 :	01100100;
	26852 :	00110001;
	26851 :	00100010;
	26850 :	00101001;
	26849 :	11000001;
	26848 :	00100000;
	26847 :	00100010;
	26846 :	00101001;
	26845 :	00100010;
	26844 :	00101001;
	26843 :	00100010;
	26842 :	00101001;
	26841 :	00100010;
	26840 :	00101001;
	26839 :	00100010;
	26838 :	00101001;
	26837 :	00100010;
	26836 :	00101001;
	26835 :	00100010;
	26834 :	00101001;
	26833 :	00000010;
	26832 :	00011001;
	26831 :	10100000;
	26830 :	00011000;
	26829 :	10100000;
	26828 :	00011000;
	26827 :	00000010;
	26826 :	00011001;
	26825 :	00000010;
	26824 :	00011001;
	26823 :	11000001;
	26822 :	00100000;
	26821 :	00100010;
	26820 :	00101001;
	26819 :	00000010;
	26818 :	00011001;
	26817 :	10100000;
	26816 :	00011000;
	26815 :	11000001;
	26814 :	00100000;
	26813 :	00000010;
	26812 :	00011001;
	26811 :	11000001;
	26810 :	00100000;
	26809 :	10100000;
	26808 :	00011000;
	26807 :	10100000;
	26806 :	00011000;
	26805 :	00000010;
	26804 :	00011001;
	26803 :	00000010;
	26802 :	00011001;
	26801 :	01100100;
	26800 :	00110001;
	26799 :	01100100;
	26798 :	00110001;
	26797 :	01100100;
	26796 :	00110001;
	26795 :	01100100;
	26794 :	00110001;
	26793 :	01100100;
	26792 :	00110001;
	26791 :	10000011;
	26790 :	01000001;
	26789 :	01100100;
	26788 :	00110001;
	26787 :	00100010;
	26786 :	00101001;
	26785 :	11000001;
	26784 :	01000000;
	26783 :	10001101;
	26782 :	10110011;
	26781 :	10001101;
	26780 :	10110011;
	26779 :	10001101;
	26778 :	10110011;
	26777 :	10001101;
	26776 :	10110011;
	26775 :	10001101;
	26774 :	10110011;
	26773 :	10001101;
	26772 :	10110011;
	26771 :	10001101;
	26770 :	10110011;
	26769 :	00001101;
	26768 :	11000100;
	26767 :	00101111;
	26766 :	11010100;
	26765 :	00101111;
	26764 :	11010100;
	26763 :	00110000;
	26762 :	11110101;
	26761 :	10110100;
	26760 :	11110101;
	26759 :	00110000;
	26758 :	11110101;
	26757 :	01001010;
	26756 :	11000011;
	26755 :	00001001;
	26754 :	11000011;
	26753 :	01001010;
	26752 :	11000011;
	26751 :	01000011;
	26750 :	01000001;
	26749 :	00100010;
	26748 :	00101001;
	26747 :	00100010;
	26746 :	00101001;
	26745 :	00100010;
	26744 :	00101001;
	26743 :	10000011;
	26742 :	01000001;
	26741 :	01100100;
	26740 :	00110001;
	26739 :	00100010;
	26738 :	00101001;
	26737 :	00100010;
	26736 :	00101001;
	26735 :	01100100;
	26734 :	00110001;
	26733 :	10000011;
	26732 :	01000001;
	26731 :	01100100;
	26730 :	00110001;
	26729 :	01100100;
	26728 :	00110001;
	26727 :	11000001;
	26726 :	00100000;
	26725 :	00100010;
	26724 :	00101001;
	26723 :	00100010;
	26722 :	00101001;
	26721 :	11000001;
	26720 :	00100000;
	26719 :	11000001;
	26718 :	00100000;
	26717 :	00100010;
	26716 :	00101001;
	26715 :	10100000;
	26714 :	00011000;
	26713 :	11000001;
	26712 :	00100000;
	26711 :	00000010;
	26710 :	00011001;
	26709 :	00101111;
	26708 :	10010100;
	26707 :	00100111;
	26706 :	01010010;
	26705 :	01101001;
	26704 :	01011010;
	26703 :	00100111;
	26702 :	01010010;
	26701 :	00100111;
	26700 :	01010010;
	26699 :	01101001;
	26698 :	01011010;
	26697 :	00101011;
	26696 :	01110011;
	26695 :	00100010;
	26694 :	00101001;
	26693 :	00100010;
	26692 :	00101001;
	26691 :	00100010;
	26690 :	00101001;
	26689 :	00100010;
	26688 :	00101001;
	26687 :	00100010;
	26686 :	00101001;
	26685 :	00100010;
	26684 :	00101001;
	26683 :	00100010;
	26682 :	00101001;
	26681 :	00100010;
	26680 :	00101001;
	26679 :	00100010;
	26678 :	00101001;
	26677 :	00100010;
	26676 :	00101001;
	26675 :	00100010;
	26674 :	00101001;
	26673 :	00100010;
	26672 :	00101001;
	26671 :	00100010;
	26670 :	00101001;
	26669 :	00100010;
	26668 :	00101001;
	26667 :	00100010;
	26666 :	00101001;
	26665 :	00100010;
	26664 :	00101001;
	26663 :	00100010;
	26662 :	00101001;
	26661 :	00100010;
	26660 :	00101001;
	26659 :	00100010;
	26658 :	00101001;
	26657 :	11000001;
	26656 :	00100000;
	26655 :	00100010;
	26654 :	00101001;
	26653 :	00100010;
	26652 :	00101001;
	26651 :	00100010;
	26650 :	00101001;
	26649 :	00100010;
	26648 :	00101001;
	26647 :	00100010;
	26646 :	00101001;
	26645 :	01000011;
	26644 :	01000001;
	26643 :	01000011;
	26642 :	01000001;
	26641 :	01100101;
	26640 :	01100001;
	26639 :	10000101;
	26638 :	01001001;
	26637 :	11010100;
	26636 :	11000100;
	26635 :	00110111;
	26634 :	10110101;
	26633 :	00110111;
	26632 :	10110101;
	26631 :	00110111;
	26630 :	10110101;
	26629 :	00110111;
	26628 :	10110101;
	26627 :	00110111;
	26626 :	10110101;
	26625 :	10010111;
	26624 :	10111101;
	26623 :	01111000;
	26622 :	10110101;
	26621 :	01111000;
	26620 :	11000101;
	26619 :	00110111;
	26618 :	10110101;
	26617 :	01111000;
	26616 :	10110101;
	26615 :	00011001;
	26614 :	10111110;
	26613 :	10011011;
	26612 :	11010110;
	26611 :	00111011;
	26610 :	11010110;
	26609 :	00111001;
	26608 :	11011110;
	26607 :	10110111;
	26606 :	11000101;
	26605 :	01010110;
	26604 :	11000101;
	26603 :	01010110;
	26602 :	11000101;
	26601 :	01101100;
	26600 :	01111011;
	26599 :	00100111;
	26598 :	01010010;
	26597 :	01100100;
	26596 :	00110001;
	26595 :	10000101;
	26594 :	01001001;
	26593 :	01100100;
	26592 :	00110001;
	26591 :	01100100;
	26590 :	00110001;
	26589 :	00100010;
	26588 :	00101001;
	26587 :	01100100;
	26586 :	00110001;
	26585 :	01100100;
	26584 :	00110001;
	26583 :	01100100;
	26582 :	00110001;
	26581 :	01100100;
	26580 :	00110001;
	26579 :	01100100;
	26578 :	00110001;
	26577 :	00100010;
	26576 :	00101001;
	26575 :	00100010;
	26574 :	00101001;
	26573 :	00100010;
	26572 :	00101001;
	26571 :	00000010;
	26570 :	00011001;
	26569 :	00100010;
	26568 :	00101001;
	26567 :	11000001;
	26566 :	00100000;
	26565 :	00000010;
	26564 :	00011001;
	26563 :	00100010;
	26562 :	00101001;
	26561 :	11000001;
	26560 :	00100000;
	26559 :	10100000;
	26558 :	00011000;
	26557 :	00000010;
	26556 :	00011001;
	26555 :	11000001;
	26554 :	00100000;
	26553 :	10100000;
	26552 :	00011000;
	26551 :	10100000;
	26550 :	00011000;
	26549 :	10100000;
	26548 :	00011000;
	26547 :	00000010;
	26546 :	00011001;
	26545 :	00000010;
	26544 :	00011001;
	26543 :	01100100;
	26542 :	00110001;
	26541 :	00100010;
	26540 :	00101001;
	26539 :	00100010;
	26538 :	00101001;
	26537 :	01100100;
	26536 :	00110001;
	26535 :	00100010;
	26534 :	00101001;
	26533 :	01100100;
	26532 :	00110001;
	26531 :	00100010;
	26530 :	00101001;
	26529 :	00100010;
	26528 :	00101001;
	26527 :	11000001;
	26526 :	00100000;
	26525 :	11000001;
	26524 :	01000000;
	26523 :	10100000;
	26522 :	00011000;
	26521 :	11000001;
	26520 :	01000000;
	26519 :	11000001;
	26518 :	00100000;
	26517 :	11000001;
	26516 :	01000000;
	26515 :	11100100;
	26514 :	00101000;
	26513 :	11000001;
	26512 :	01000000;
	26511 :	01000011;
	26510 :	01010001;
	26509 :	10000101;
	26508 :	01001001;
	26507 :	10000101;
	26506 :	01001001;
	26505 :	10000101;
	26504 :	01001001;
	26503 :	00000011;
	26502 :	01111010;
	26501 :	01010001;
	26500 :	11100101;
	26499 :	11110000;
	26498 :	11101100;
	26497 :	00010001;
	26496 :	11010101;
	26495 :	10000011;
	26494 :	01000001;
	26493 :	01100100;
	26492 :	00110001;
	26491 :	00100010;
	26490 :	00101001;
	26489 :	01100100;
	26488 :	00110001;
	26487 :	01100100;
	26486 :	00110001;
	26485 :	00100010;
	26484 :	00101001;
	26483 :	01100100;
	26482 :	00110001;
	26481 :	01100100;
	26480 :	00110001;
	26479 :	00100010;
	26478 :	00101001;
	26477 :	01100100;
	26476 :	00110001;
	26475 :	01100100;
	26474 :	00110001;
	26473 :	01100100;
	26472 :	00110001;
	26471 :	00101111;
	26470 :	10010100;
	26469 :	10010010;
	26468 :	10101100;
	26467 :	10010010;
	26466 :	10101100;
	26465 :	10010010;
	26464 :	10101100;
	26463 :	10010010;
	26462 :	10101100;
	26461 :	00101110;
	26460 :	10110100;
	26459 :	10010010;
	26458 :	10101100;
	26457 :	00010011;
	26456 :	10110101;
	26455 :	00101111;
	26454 :	10010100;
	26453 :	10101101;
	26452 :	10001011;
	26451 :	10000011;
	26450 :	01000001;
	26449 :	00101011;
	26448 :	01110011;
	26447 :	00000010;
	26446 :	00011001;
	26445 :	00000010;
	26444 :	00011001;
	26443 :	00100010;
	26442 :	00101001;
	26441 :	00000010;
	26440 :	00011001;
	26439 :	10000011;
	26438 :	01000001;
	26437 :	10000011;
	26436 :	01000001;
	26435 :	00100010;
	26434 :	00101001;
	26433 :	00100010;
	26432 :	00101001;
	26431 :	00100010;
	26430 :	00101001;
	26429 :	00100010;
	26428 :	00101001;
	26427 :	00100010;
	26426 :	00101001;
	26425 :	00100010;
	26424 :	00101001;
	26423 :	00100010;
	26422 :	00101001;
	26421 :	00100010;
	26420 :	00101001;
	26419 :	00100010;
	26418 :	00101001;
	26417 :	00100010;
	26416 :	00101001;
	26415 :	10000011;
	26414 :	01000001;
	26413 :	00100010;
	26412 :	00101001;
	26411 :	00100010;
	26410 :	00101001;
	26409 :	10000011;
	26408 :	01000001;
	26407 :	00100010;
	26406 :	00101001;
	26405 :	00100010;
	26404 :	00101001;
	26403 :	00000001;
	26402 :	01001001;
	26401 :	00100010;
	26400 :	00101001;
	26399 :	00000001;
	26398 :	01001001;
	26397 :	00100010;
	26396 :	00101001;
	26395 :	00100010;
	26394 :	00101001;
	26393 :	00000001;
	26392 :	01001001;
	26391 :	01000011;
	26390 :	01000001;
	26389 :	00100010;
	26388 :	00101001;
	26387 :	01000011;
	26386 :	01000001;
	26385 :	01000011;
	26384 :	01010001;
	26383 :	01100110;
	26382 :	01101001;
	26381 :	11110101;
	26380 :	10110100;
	26379 :	00110101;
	26378 :	10110101;
	26377 :	00110111;
	26376 :	10110101;
	26375 :	00110101;
	26374 :	10110101;
	26373 :	00110111;
	26372 :	10110101;
	26371 :	01111000;
	26370 :	11000101;
	26369 :	10010111;
	26368 :	10111101;
	26367 :	01111000;
	26366 :	11000101;
	26365 :	01111000;
	26364 :	11000101;
	26363 :	01011000;
	26362 :	10101101;
	26361 :	01111000;
	26360 :	11000101;
	26359 :	00110111;
	26358 :	10110101;
	26357 :	00111001;
	26356 :	11011110;
	26355 :	00111011;
	26354 :	11010110;
	26353 :	00011011;
	26352 :	11000110;
	26351 :	10110111;
	26350 :	11000101;
	26349 :	00110111;
	26348 :	10110101;
	26347 :	10010100;
	26346 :	10111101;
	26345 :	00110101;
	26344 :	10110101;
	26343 :	01101100;
	26342 :	01111011;
	26341 :	10000101;
	26340 :	01001001;
	26339 :	01100100;
	26338 :	00110001;
	26337 :	10000101;
	26336 :	01001001;
	26335 :	01100100;
	26334 :	00110001;
	26333 :	01100100;
	26332 :	00110001;
	26331 :	01100100;
	26330 :	00110001;
	26329 :	01100100;
	26328 :	00110001;
	26327 :	01100100;
	26326 :	00110001;
	26325 :	00100010;
	26324 :	00101001;
	26323 :	01100100;
	26322 :	00110001;
	26321 :	01100100;
	26320 :	00110001;
	26319 :	01100100;
	26318 :	00110001;
	26317 :	00100010;
	26316 :	00101001;
	26315 :	00000010;
	26314 :	00011001;
	26313 :	00100010;
	26312 :	00101001;
	26311 :	00000010;
	26310 :	00011001;
	26309 :	00100010;
	26308 :	00101001;
	26307 :	11000001;
	26306 :	00100000;
	26305 :	11000001;
	26304 :	00100000;
	26303 :	00000010;
	26302 :	00011001;
	26301 :	11000001;
	26300 :	00100000;
	26299 :	10100000;
	26298 :	00011000;
	26297 :	11000001;
	26296 :	00100000;
	26295 :	00000010;
	26294 :	00011001;
	26293 :	10100000;
	26292 :	00011000;
	26291 :	00000010;
	26290 :	00011001;
	26289 :	01100100;
	26288 :	00110001;
	26287 :	01100100;
	26286 :	00110001;
	26285 :	01100100;
	26284 :	00110001;
	26283 :	01100100;
	26282 :	00110001;
	26281 :	00100010;
	26280 :	00101001;
	26279 :	01100100;
	26278 :	00110001;
	26277 :	00100010;
	26276 :	00101001;
	26275 :	00100010;
	26274 :	00101001;
	26273 :	00100010;
	26272 :	00101001;
	26271 :	00100010;
	26270 :	00101001;
	26269 :	11000001;
	26268 :	00100000;
	26267 :	00100010;
	26266 :	00101001;
	26265 :	00000010;
	26264 :	00011001;
	26263 :	11000001;
	26262 :	00100000;
	26261 :	11100100;
	26260 :	00101000;
	26259 :	00100010;
	26258 :	00101001;
	26257 :	00100010;
	26256 :	00101001;
	26255 :	01100100;
	26254 :	00110001;
	26253 :	00100010;
	26252 :	00101001;
	26251 :	01100100;
	26250 :	00110001;
	26249 :	10000011;
	26248 :	01000001;
	26247 :	01100100;
	26246 :	00110001;
	26245 :	00100010;
	26244 :	00101001;
	26243 :	00100010;
	26242 :	00101001;
	26241 :	00100010;
	26240 :	00101001;
	26239 :	01100100;
	26238 :	00110001;
	26237 :	01100100;
	26236 :	00110001;
	26235 :	00100010;
	26234 :	00101001;
	26233 :	00100010;
	26232 :	00101001;
	26231 :	01100100;
	26230 :	00110001;
	26229 :	01100100;
	26228 :	00110001;
	26227 :	00100010;
	26226 :	00101001;
	26225 :	01100100;
	26224 :	00110001;
	26223 :	01100100;
	26222 :	00110001;
	26221 :	00100010;
	26220 :	00101001;
	26219 :	01100100;
	26218 :	00110001;
	26217 :	00100010;
	26216 :	00101001;
	26215 :	10101001;
	26214 :	01101010;
	26213 :	10010010;
	26212 :	10101100;
	26211 :	00101111;
	26210 :	10010100;
	26209 :	11010000;
	26208 :	10101011;
	26207 :	10010010;
	26206 :	10101100;
	26205 :	00101111;
	26204 :	10010100;
	26203 :	10010010;
	26202 :	10101100;
	26201 :	00101111;
	26200 :	10010100;
	26199 :	00010011;
	26198 :	10110101;
	26197 :	00101111;
	26196 :	10010100;
	26195 :	00100111;
	26194 :	01010010;
	26193 :	00010011;
	26192 :	10110101;
	26191 :	10010100;
	26190 :	10111101;
	26189 :	00101111;
	26188 :	10010100;
	26187 :	00010011;
	26186 :	10110101;
	26185 :	00101111;
	26184 :	10010100;
	26183 :	00000010;
	26182 :	00011001;
	26181 :	00100010;
	26180 :	00101001;
	26179 :	00100010;
	26178 :	00101001;
	26177 :	00100010;
	26176 :	00101001;
	26175 :	00100010;
	26174 :	00101001;
	26173 :	00100010;
	26172 :	00101001;
	26171 :	00100010;
	26170 :	00101001;
	26169 :	00100010;
	26168 :	00101001;
	26167 :	00100010;
	26166 :	00101001;
	26165 :	10000011;
	26164 :	01000001;
	26163 :	00100010;
	26162 :	00101001;
	26161 :	00100010;
	26160 :	00101001;
	26159 :	00100010;
	26158 :	00101001;
	26157 :	00100010;
	26156 :	00101001;
	26155 :	00100010;
	26154 :	00101001;
	26153 :	00100010;
	26152 :	00101001;
	26151 :	00100010;
	26150 :	00101001;
	26149 :	00100010;
	26148 :	00101001;
	26147 :	00100010;
	26146 :	00101001;
	26145 :	00100010;
	26144 :	00101001;
	26143 :	00100010;
	26142 :	00101001;
	26141 :	00100010;
	26140 :	00101001;
	26139 :	00100010;
	26138 :	00101001;
	26137 :	01000011;
	26136 :	01000001;
	26135 :	01000011;
	26134 :	01000001;
	26133 :	01000011;
	26132 :	01000001;
	26131 :	01000011;
	26130 :	01000001;
	26129 :	10000101;
	26128 :	01001001;
	26127 :	01100110;
	26126 :	01101001;
	26125 :	11110101;
	26124 :	10110100;
	26123 :	00110101;
	26122 :	10110101;
	26121 :	11110110;
	26120 :	10110100;
	26119 :	01010110;
	26118 :	11000101;
	26117 :	01111000;
	26116 :	10110101;
	26115 :	10010111;
	26114 :	10111101;
	26113 :	10010111;
	26112 :	10111101;
	26111 :	10111001;
	26110 :	11000101;
	26109 :	01111000;
	26108 :	11000101;
	26107 :	01111000;
	26106 :	11000101;
	26105 :	01011000;
	26104 :	10101101;
	26103 :	00110111;
	26102 :	10110101;
	26101 :	00011011;
	26100 :	11000110;
	26099 :	00111011;
	26098 :	11010110;
	26097 :	00111011;
	26096 :	11010110;
	26095 :	00011001;
	26094 :	11001110;
	26093 :	10010111;
	26092 :	10111101;
	26091 :	00110111;
	26090 :	10110101;
	26089 :	10010111;
	26088 :	10111101;
	26087 :	10010100;
	26086 :	10111101;
	26085 :	01101100;
	26084 :	01111011;
	26083 :	00100111;
	26082 :	01010010;
	26081 :	01100100;
	26080 :	00110001;
	26079 :	01100100;
	26078 :	00110001;
	26077 :	01100100;
	26076 :	00110001;
	26075 :	01100100;
	26074 :	00110001;
	26073 :	01100100;
	26072 :	00110001;
	26071 :	01100100;
	26070 :	00110001;
	26069 :	01100100;
	26068 :	00110001;
	26067 :	01100100;
	26066 :	00110001;
	26065 :	00100010;
	26064 :	00101001;
	26063 :	01100100;
	26062 :	00110001;
	26061 :	01100100;
	26060 :	00110001;
	26059 :	01100100;
	26058 :	00110001;
	26057 :	00100010;
	26056 :	00101001;
	26055 :	00100010;
	26054 :	00101001;
	26053 :	00100010;
	26052 :	00101001;
	26051 :	11000001;
	26050 :	00100000;
	26049 :	00000010;
	26048 :	00011001;
	26047 :	11000001;
	26046 :	00100000;
	26045 :	00000010;
	26044 :	00011001;
	26043 :	11000001;
	26042 :	00100000;
	26041 :	10100000;
	26040 :	00011000;
	26039 :	11000001;
	26038 :	00100000;
	26037 :	00000010;
	26036 :	00011001;
	26035 :	00000010;
	26034 :	00011001;
	26033 :	00100010;
	26032 :	00101001;
	26031 :	01100100;
	26030 :	00110001;
	26029 :	01100100;
	26028 :	00110001;
	26027 :	00100010;
	26026 :	00101001;
	26025 :	01100100;
	26024 :	00110001;
	26023 :	00100010;
	26022 :	00101001;
	26021 :	00100010;
	26020 :	00101001;
	26019 :	00000010;
	26018 :	00011001;
	26017 :	00100010;
	26016 :	00101001;
	26015 :	00100010;
	26014 :	00101001;
	26013 :	00100010;
	26012 :	00101001;
	26011 :	00000010;
	26010 :	00011001;
	26009 :	11000001;
	26008 :	00100000;
	26007 :	00100010;
	26006 :	00101001;
	26005 :	01100100;
	26004 :	00110001;
	26003 :	00000010;
	26002 :	00011001;
	26001 :	00100010;
	26000 :	00101001;
	25999 :	00100010;
	25998 :	00101001;
	25997 :	00100010;
	25996 :	00101001;
	25995 :	00100010;
	25994 :	00101001;
	25993 :	01100100;
	25992 :	00110001;
	25991 :	01100100;
	25990 :	00110001;
	25989 :	01100100;
	25988 :	00110001;
	25987 :	00100010;
	25986 :	00101001;
	25985 :	01100100;
	25984 :	00110001;
	25983 :	01100100;
	25982 :	00110001;
	25981 :	00100010;
	25980 :	00101001;
	25979 :	01100100;
	25978 :	00110001;
	25977 :	01100100;
	25976 :	00110001;
	25975 :	00100010;
	25974 :	00101001;
	25973 :	01100100;
	25972 :	00110001;
	25971 :	01100100;
	25970 :	00110001;
	25969 :	01100100;
	25968 :	00110001;
	25967 :	01100100;
	25966 :	00110001;
	25965 :	01000011;
	25964 :	01000001;
	25963 :	01100100;
	25962 :	00110001;
	25961 :	11000001;
	25960 :	00100000;
	25959 :	11000001;
	25958 :	00100000;
	25957 :	11000001;
	25956 :	00100000;
	25955 :	11000001;
	25954 :	00100000;
	25953 :	11000001;
	25952 :	00100000;
	25951 :	11000001;
	25950 :	00100000;
	25949 :	00100010;
	25948 :	00101001;
	25947 :	00100111;
	25946 :	01010010;
	25945 :	10000101;
	25944 :	01001001;
	25943 :	10010010;
	25942 :	10101100;
	25941 :	10010100;
	25940 :	10111101;
	25939 :	01101100;
	25938 :	01111011;
	25937 :	00010011;
	25936 :	10110101;
	25935 :	00101111;
	25934 :	10010100;
	25933 :	00010011;
	25932 :	10110101;
	25931 :	00010011;
	25930 :	10110101;
	25929 :	00101111;
	25928 :	10010100;
	25927 :	00100111;
	25926 :	01010010;
	25925 :	00100010;
	25924 :	00101001;
	25923 :	00100010;
	25922 :	00101001;
	25921 :	00100010;
	25920 :	00101001;
	25919 :	00100010;
	25918 :	00101001;
	25917 :	00100010;
	25916 :	00101001;
	25915 :	00100010;
	25914 :	00101001;
	25913 :	00100010;
	25912 :	00101001;
	25911 :	00100010;
	25910 :	00101001;
	25909 :	00100010;
	25908 :	00101001;
	25907 :	00100010;
	25906 :	00101001;
	25905 :	00100010;
	25904 :	00101001;
	25903 :	00100010;
	25902 :	00101001;
	25901 :	00100010;
	25900 :	00101001;
	25899 :	00100010;
	25898 :	00101001;
	25897 :	00100010;
	25896 :	00101001;
	25895 :	00100010;
	25894 :	00101001;
	25893 :	00100010;
	25892 :	00101001;
	25891 :	00100010;
	25890 :	00101001;
	25889 :	00000001;
	25888 :	01001001;
	25887 :	00100010;
	25886 :	00101001;
	25885 :	00100010;
	25884 :	00101001;
	25883 :	00100010;
	25882 :	00101001;
	25881 :	01000011;
	25880 :	01000001;
	25879 :	01000011;
	25878 :	01000001;
	25877 :	00100010;
	25876 :	00101001;
	25875 :	01000011;
	25874 :	01000001;
	25873 :	01100101;
	25872 :	01100001;
	25871 :	10000101;
	25870 :	01001001;
	25869 :	11010100;
	25868 :	11000100;
	25867 :	00110111;
	25866 :	10110101;
	25865 :	11110110;
	25864 :	10110100;
	25863 :	10010100;
	25862 :	10111101;
	25861 :	00110111;
	25860 :	10110101;
	25859 :	01111000;
	25858 :	10110101;
	25857 :	10010111;
	25856 :	10111101;
	25855 :	10011001;
	25854 :	10110101;
	25853 :	01111000;
	25852 :	11000101;
	25851 :	10011001;
	25850 :	10110101;
	25849 :	00110111;
	25848 :	10110101;
	25847 :	00110111;
	25846 :	10110101;
	25845 :	10111001;
	25844 :	11000101;
	25843 :	01111100;
	25842 :	11010110;
	25841 :	00111011;
	25840 :	11010110;
	25839 :	10111001;
	25838 :	11000101;
	25837 :	10010111;
	25836 :	10111101;
	25835 :	00110111;
	25834 :	10110101;
	25833 :	10010111;
	25832 :	10111101;
	25831 :	00110111;
	25830 :	10110101;
	25829 :	10010100;
	25828 :	10111101;
	25827 :	10010010;
	25826 :	10101100;
	25825 :	01101100;
	25824 :	01111011;
	25823 :	10000101;
	25822 :	01001001;
	25821 :	10000101;
	25820 :	01001001;
	25819 :	01100100;
	25818 :	00110001;
	25817 :	01100100;
	25816 :	00110001;
	25815 :	01100100;
	25814 :	00110001;
	25813 :	00100010;
	25812 :	00101001;
	25811 :	01100100;
	25810 :	00110001;
	25809 :	01100100;
	25808 :	00110001;
	25807 :	01100100;
	25806 :	00110001;
	25805 :	00000010;
	25804 :	00011001;
	25803 :	01100100;
	25802 :	00110001;
	25801 :	00100010;
	25800 :	00101001;
	25799 :	00100010;
	25798 :	00101001;
	25797 :	11000001;
	25796 :	00100000;
	25795 :	00000010;
	25794 :	00011001;
	25793 :	11000001;
	25792 :	00100000;
	25791 :	10100000;
	25790 :	00011000;
	25789 :	11000001;
	25788 :	00100000;
	25787 :	10100000;
	25786 :	00011000;
	25785 :	00000010;
	25784 :	00011001;
	25783 :	00000010;
	25782 :	00011001;
	25781 :	00000010;
	25780 :	00011001;
	25779 :	00000010;
	25778 :	00011001;
	25777 :	01100100;
	25776 :	00110001;
	25775 :	01100100;
	25774 :	00110001;
	25773 :	01100100;
	25772 :	00110001;
	25771 :	00100010;
	25770 :	00101001;
	25769 :	01100100;
	25768 :	00110001;
	25767 :	00100010;
	25766 :	00101001;
	25765 :	00100010;
	25764 :	00101001;
	25763 :	00100010;
	25762 :	00101001;
	25761 :	00000010;
	25760 :	00011001;
	25759 :	00100010;
	25758 :	00101001;
	25757 :	10100000;
	25756 :	00011000;
	25755 :	00100010;
	25754 :	00101001;
	25753 :	00000010;
	25752 :	00011001;
	25751 :	00000010;
	25750 :	00011001;
	25749 :	00000010;
	25748 :	00011001;
	25747 :	00100010;
	25746 :	00101001;
	25745 :	00100010;
	25744 :	00101001;
	25743 :	00100010;
	25742 :	00101001;
	25741 :	00100010;
	25740 :	00101001;
	25739 :	01100100;
	25738 :	00110001;
	25737 :	01100100;
	25736 :	00110001;
	25735 :	01100100;
	25734 :	00110001;
	25733 :	10000011;
	25732 :	01000001;
	25731 :	01100100;
	25730 :	00110001;
	25729 :	00100010;
	25728 :	00101001;
	25727 :	01100100;
	25726 :	00110001;
	25725 :	01100100;
	25724 :	00110001;
	25723 :	00100010;
	25722 :	00101001;
	25721 :	01100100;
	25720 :	00110001;
	25719 :	01100100;
	25718 :	00110001;
	25717 :	01100100;
	25716 :	00110001;
	25715 :	01100100;
	25714 :	00110001;
	25713 :	00100010;
	25712 :	00101001;
	25711 :	01000011;
	25710 :	01000001;
	25709 :	01100100;
	25708 :	00110001;
	25707 :	01100100;
	25706 :	00110001;
	25705 :	01100100;
	25704 :	00110001;
	25703 :	00101011;
	25702 :	01110011;
	25701 :	01101001;
	25700 :	01011010;
	25699 :	10000011;
	25698 :	01000001;
	25697 :	00000001;
	25696 :	01001001;
	25695 :	00100010;
	25694 :	00101001;
	25693 :	01000011;
	25692 :	01000001;
	25691 :	10000011;
	25690 :	01000001;
	25689 :	01100100;
	25688 :	00110001;
	25687 :	00010011;
	25686 :	10110101;
	25685 :	10010100;
	25684 :	10111101;
	25683 :	00101111;
	25682 :	10010100;
	25681 :	10010100;
	25680 :	10111101;
	25679 :	01100100;
	25678 :	00110001;
	25677 :	01100100;
	25676 :	00110001;
	25675 :	00100010;
	25674 :	00101001;
	25673 :	00100010;
	25672 :	00101001;
	25671 :	00000010;
	25670 :	00011001;
	25669 :	10000011;
	25668 :	01000001;
	25667 :	00100010;
	25666 :	00101001;
	25665 :	00100010;
	25664 :	00101001;
	25663 :	10000011;
	25662 :	01000001;
	25661 :	00100010;
	25660 :	00101001;
	25659 :	00100010;
	25658 :	00101001;
	25657 :	00100010;
	25656 :	00101001;
	25655 :	00100010;
	25654 :	00101001;
	25653 :	00100010;
	25652 :	00101001;
	25651 :	10000011;
	25650 :	01000001;
	25649 :	00100010;
	25648 :	00101001;
	25647 :	10000011;
	25646 :	01000001;
	25645 :	00100010;
	25644 :	00101001;
	25643 :	00100010;
	25642 :	00101001;
	25641 :	00100010;
	25640 :	00101001;
	25639 :	00100010;
	25638 :	00101001;
	25637 :	00100010;
	25636 :	00101001;
	25635 :	00100010;
	25634 :	00101001;
	25633 :	00100010;
	25632 :	00101001;
	25631 :	00100010;
	25630 :	00101001;
	25629 :	00100010;
	25628 :	00101001;
	25627 :	00000001;
	25626 :	01001001;
	25625 :	01000011;
	25624 :	01000001;
	25623 :	00100010;
	25622 :	00101001;
	25621 :	01000011;
	25620 :	01000001;
	25619 :	01000011;
	25618 :	01000001;
	25617 :	01100101;
	25616 :	01100001;
	25615 :	01100110;
	25614 :	01101001;
	25613 :	11110101;
	25612 :	10110100;
	25611 :	11110110;
	25610 :	10110100;
	25609 :	00110101;
	25608 :	10110101;
	25607 :	00110111;
	25606 :	10110101;
	25605 :	00110111;
	25604 :	10110101;
	25603 :	01111000;
	25602 :	10110101;
	25601 :	10010111;
	25600 :	10111101;
	25599 :	11111010;
	25598 :	11000101;
	25597 :	10010111;
	25596 :	10111101;
	25595 :	01111000;
	25594 :	10110101;
	25593 :	00110111;
	25592 :	10110101;
	25591 :	00110111;
	25590 :	10110101;
	25589 :	10110111;
	25588 :	11000101;
	25587 :	00111011;
	25586 :	11010110;
	25585 :	00111011;
	25584 :	11010110;
	25583 :	11111010;
	25582 :	11000101;
	25581 :	10010111;
	25580 :	10111101;
	25579 :	01111000;
	25578 :	10110101;
	25577 :	10010111;
	25576 :	10111101;
	25575 :	10010111;
	25574 :	10111101;
	25573 :	01010110;
	25572 :	11000101;
	25571 :	01010110;
	25570 :	11000101;
	25569 :	01010110;
	25568 :	11000101;
	25567 :	10010010;
	25566 :	10101100;
	25565 :	01101100;
	25564 :	01111011;
	25563 :	01100100;
	25562 :	00110001;
	25561 :	01100100;
	25560 :	00110001;
	25559 :	01100100;
	25558 :	00110001;
	25557 :	00100010;
	25556 :	00101001;
	25555 :	00100010;
	25554 :	00101001;
	25553 :	00100010;
	25552 :	00101001;
	25551 :	01100100;
	25550 :	00110001;
	25549 :	01100100;
	25548 :	00110001;
	25547 :	00100010;
	25546 :	00101001;
	25545 :	00100010;
	25544 :	00101001;
	25543 :	00100010;
	25542 :	00101001;
	25541 :	00100010;
	25540 :	00101001;
	25539 :	00000010;
	25538 :	00011001;
	25537 :	11000001;
	25536 :	00100000;
	25535 :	10100000;
	25534 :	00011000;
	25533 :	11000001;
	25532 :	00100000;
	25531 :	00000010;
	25530 :	00011001;
	25529 :	11000001;
	25528 :	00100000;
	25527 :	11000001;
	25526 :	00100000;
	25525 :	00000010;
	25524 :	00011001;
	25523 :	00000010;
	25522 :	00011001;
	25521 :	00100010;
	25520 :	00101001;
	25519 :	01100100;
	25518 :	00110001;
	25517 :	00100010;
	25516 :	00101001;
	25515 :	01100100;
	25514 :	00110001;
	25513 :	00100010;
	25512 :	00101001;
	25511 :	00100010;
	25510 :	00101001;
	25509 :	00000010;
	25508 :	00011001;
	25507 :	00100010;
	25506 :	00101001;
	25505 :	11000001;
	25504 :	00100000;
	25503 :	00100010;
	25502 :	00101001;
	25501 :	00100010;
	25500 :	00101001;
	25499 :	10100000;
	25498 :	00011000;
	25497 :	00100010;
	25496 :	00101001;
	25495 :	00000010;
	25494 :	00011001;
	25493 :	00100010;
	25492 :	00101001;
	25491 :	00100010;
	25490 :	00101001;
	25489 :	00000010;
	25488 :	00011001;
	25487 :	00100010;
	25486 :	00101001;
	25485 :	01100100;
	25484 :	00110001;
	25483 :	01100100;
	25482 :	00110001;
	25481 :	01100100;
	25480 :	00110001;
	25479 :	01100100;
	25478 :	00110001;
	25477 :	01100100;
	25476 :	00110001;
	25475 :	01100100;
	25474 :	00110001;
	25473 :	01100100;
	25472 :	00110001;
	25471 :	01100100;
	25470 :	00110001;
	25469 :	01100100;
	25468 :	00110001;
	25467 :	01100100;
	25466 :	00110001;
	25465 :	00100010;
	25464 :	00101001;
	25463 :	01100100;
	25462 :	00110001;
	25461 :	01100100;
	25460 :	00110001;
	25459 :	00100010;
	25458 :	00101001;
	25457 :	01100100;
	25456 :	00110001;
	25455 :	01100100;
	25454 :	00110001;
	25453 :	01100100;
	25452 :	00110001;
	25451 :	00100010;
	25450 :	00101001;
	25449 :	10101001;
	25448 :	01101010;
	25447 :	10010010;
	25446 :	10101100;
	25445 :	10101111;
	25444 :	11000100;
	25443 :	10010010;
	25442 :	10101100;
	25441 :	10010010;
	25440 :	10101100;
	25439 :	10010010;
	25438 :	10101100;
	25437 :	00010011;
	25436 :	10110101;
	25435 :	00101111;
	25434 :	10010100;
	25433 :	00101011;
	25432 :	01110011;
	25431 :	10010100;
	25430 :	10111101;
	25429 :	10010100;
	25428 :	10111101;
	25427 :	00010011;
	25426 :	10110101;
	25425 :	00011001;
	25424 :	10111110;
	25423 :	01100100;
	25422 :	00110001;
	25421 :	00100010;
	25420 :	00101001;
	25419 :	00000010;
	25418 :	00011001;
	25417 :	00000010;
	25416 :	00011001;
	25415 :	00000010;
	25414 :	00011001;
	25413 :	10000011;
	25412 :	01000001;
	25411 :	00100010;
	25410 :	00101001;
	25409 :	00100010;
	25408 :	00101001;
	25407 :	00100010;
	25406 :	00101001;
	25405 :	00100010;
	25404 :	00101001;
	25403 :	00100010;
	25402 :	00101001;
	25401 :	10000011;
	25400 :	01000001;
	25399 :	00100010;
	25398 :	00101001;
	25397 :	00100010;
	25396 :	00101001;
	25395 :	00100010;
	25394 :	00101001;
	25393 :	00100010;
	25392 :	00101001;
	25391 :	00100010;
	25390 :	00101001;
	25389 :	00100010;
	25388 :	00101001;
	25387 :	00100010;
	25386 :	00101001;
	25385 :	00000001;
	25384 :	01001001;
	25383 :	10000011;
	25382 :	01000001;
	25381 :	00100010;
	25380 :	00101001;
	25379 :	00100010;
	25378 :	00101001;
	25377 :	00000001;
	25376 :	01001001;
	25375 :	10000011;
	25374 :	01000001;
	25373 :	00100010;
	25372 :	00101001;
	25371 :	00100010;
	25370 :	00101001;
	25369 :	01000011;
	25368 :	01000001;
	25367 :	01000011;
	25366 :	01000001;
	25365 :	01000011;
	25364 :	01000001;
	25363 :	01000011;
	25362 :	01000001;
	25361 :	01000011;
	25360 :	01010001;
	25359 :	01100110;
	25358 :	01101001;
	25357 :	11110101;
	25356 :	10110100;
	25355 :	11110110;
	25354 :	10110100;
	25353 :	00110111;
	25352 :	10110101;
	25351 :	00110111;
	25350 :	10110101;
	25349 :	10010111;
	25348 :	10111101;
	25347 :	00110111;
	25346 :	10110101;
	25345 :	10010111;
	25344 :	10111101;
	25343 :	00111100;
	25342 :	11000110;
	25341 :	10010111;
	25340 :	10111101;
	25339 :	00110111;
	25338 :	10110101;
	25337 :	00110111;
	25336 :	10110101;
	25335 :	00110111;
	25334 :	10110101;
	25333 :	00110111;
	25332 :	10110101;
	25331 :	00011001;
	25330 :	10111110;
	25329 :	00011011;
	25328 :	11000110;
	25327 :	10110111;
	25326 :	11000101;
	25325 :	10010111;
	25324 :	10111101;
	25323 :	01111000;
	25322 :	10110101;
	25321 :	10010111;
	25320 :	10111101;
	25319 :	00110111;
	25318 :	10110101;
	25317 :	01111000;
	25316 :	11000101;
	25315 :	00011001;
	25314 :	11001110;
	25313 :	10110111;
	25312 :	11000101;
	25311 :	10110111;
	25310 :	11000101;
	25309 :	00010011;
	25308 :	10110101;
	25307 :	10010010;
	25306 :	10101100;
	25305 :	10000101;
	25304 :	01001001;
	25303 :	00100010;
	25302 :	00101001;
	25301 :	01100100;
	25300 :	00110001;
	25299 :	01100100;
	25298 :	00110001;
	25297 :	01100100;
	25296 :	00110001;
	25295 :	00100010;
	25294 :	00101001;
	25293 :	01100100;
	25292 :	00110001;
	25291 :	00100010;
	25290 :	00101001;
	25289 :	00100010;
	25288 :	00101001;
	25287 :	00100010;
	25286 :	00101001;
	25285 :	11000001;
	25284 :	00100000;
	25283 :	11000001;
	25282 :	00100000;
	25281 :	00000010;
	25280 :	00011001;
	25279 :	00000010;
	25278 :	00011001;
	25277 :	10100000;
	25276 :	00011000;
	25275 :	11000001;
	25274 :	00100000;
	25273 :	11000001;
	25272 :	00100000;
	25271 :	11000001;
	25270 :	00100000;
	25269 :	00000010;
	25268 :	00011001;
	25267 :	00000010;
	25266 :	00011001;
	25265 :	01100100;
	25264 :	00110001;
	25263 :	01100100;
	25262 :	00110001;
	25261 :	01100100;
	25260 :	00110001;
	25259 :	00100010;
	25258 :	00101001;
	25257 :	01100100;
	25256 :	00110001;
	25255 :	00100010;
	25254 :	00101001;
	25253 :	00100010;
	25252 :	00101001;
	25251 :	00100010;
	25250 :	00101001;
	25249 :	00100010;
	25248 :	00101001;
	25247 :	11000001;
	25246 :	00100000;
	25245 :	00000010;
	25244 :	00011001;
	25243 :	00100010;
	25242 :	00101001;
	25241 :	10100000;
	25240 :	00011000;
	25239 :	00100010;
	25238 :	00101001;
	25237 :	00100010;
	25236 :	00101001;
	25235 :	00100010;
	25234 :	00101001;
	25233 :	00100010;
	25232 :	00101001;
	25231 :	01100100;
	25230 :	00110001;
	25229 :	01100100;
	25228 :	00110001;
	25227 :	10000011;
	25226 :	01000001;
	25225 :	01100100;
	25224 :	00110001;
	25223 :	01100100;
	25222 :	00110001;
	25221 :	01100100;
	25220 :	00110001;
	25219 :	01100100;
	25218 :	00110001;
	25217 :	10000011;
	25216 :	01000001;
	25215 :	00100010;
	25214 :	00101001;
	25213 :	01100100;
	25212 :	00110001;
	25211 :	00100010;
	25210 :	00101001;
	25209 :	01100100;
	25208 :	00110001;
	25207 :	01100100;
	25206 :	00110001;
	25205 :	00100010;
	25204 :	00101001;
	25203 :	01000011;
	25202 :	01000001;
	25201 :	01100100;
	25200 :	00110001;
	25199 :	01100100;
	25198 :	00110001;
	25197 :	01100100;
	25196 :	00110001;
	25195 :	11100100;
	25194 :	00101000;
	25193 :	10000011;
	25192 :	01000001;
	25191 :	00101111;
	25190 :	10010100;
	25189 :	00010011;
	25188 :	10110101;
	25187 :	10010010;
	25186 :	10101100;
	25185 :	00101111;
	25184 :	10010100;
	25183 :	10010010;
	25182 :	10101100;
	25181 :	00010011;
	25180 :	10110101;
	25179 :	10010010;
	25178 :	10101100;
	25177 :	01101001;
	25176 :	01011010;
	25175 :	10010100;
	25174 :	10111101;
	25173 :	10010111;
	25172 :	10111101;
	25171 :	10010100;
	25170 :	10111101;
	25169 :	10010100;
	25168 :	10111101;
	25167 :	10010100;
	25166 :	10111101;
	25165 :	10010100;
	25164 :	10111101;
	25163 :	00010011;
	25162 :	10110101;
	25161 :	00010011;
	25160 :	10110101;
	25159 :	10101101;
	25158 :	10001011;
	25157 :	00100010;
	25156 :	00101001;
	25155 :	00100010;
	25154 :	00101001;
	25153 :	10000011;
	25152 :	01000001;
	25151 :	00100010;
	25150 :	00101001;
	25149 :	00100010;
	25148 :	00101001;
	25147 :	00100010;
	25146 :	00101001;
	25145 :	00100010;
	25144 :	00101001;
	25143 :	00100010;
	25142 :	00101001;
	25141 :	00100010;
	25140 :	00101001;
	25139 :	00100010;
	25138 :	00101001;
	25137 :	00100010;
	25136 :	00101001;
	25135 :	00100010;
	25134 :	00101001;
	25133 :	00100010;
	25132 :	00101001;
	25131 :	00100010;
	25130 :	00101001;
	25129 :	00100010;
	25128 :	00101001;
	25127 :	00100010;
	25126 :	00101001;
	25125 :	00100010;
	25124 :	00101001;
	25123 :	10000011;
	25122 :	01000001;
	25121 :	00100010;
	25120 :	00101001;
	25119 :	00100010;
	25118 :	00101001;
	25117 :	00100010;
	25116 :	00101001;
	25115 :	00100010;
	25114 :	00101001;
	25113 :	01000011;
	25112 :	01000001;
	25111 :	01000011;
	25110 :	01000001;
	25109 :	01000011;
	25108 :	01000001;
	25107 :	01000011;
	25106 :	01000001;
	25105 :	01100101;
	25104 :	01100001;
	25103 :	11001000;
	25102 :	01101001;
	25101 :	01010110;
	25100 :	11000101;
	25099 :	00110111;
	25098 :	10110101;
	25097 :	00110111;
	25096 :	10110101;
	25095 :	00110111;
	25094 :	10110101;
	25093 :	00110111;
	25092 :	10110101;
	25091 :	10010111;
	25090 :	10111101;
	25089 :	00110111;
	25088 :	10110101;
	25087 :	00011011;
	25086 :	11000110;
	25085 :	00110111;
	25084 :	10110101;
	25083 :	00110111;
	25082 :	10110101;
	25081 :	00110111;
	25080 :	10110101;
	25079 :	00110111;
	25078 :	10101101;
	25077 :	00110111;
	25076 :	10110101;
	25075 :	01111000;
	25074 :	10110101;
	25073 :	10110111;
	25072 :	11000101;
	25071 :	00110111;
	25070 :	10110101;
	25069 :	00110111;
	25068 :	10110101;
	25067 :	00110111;
	25066 :	10110101;
	25065 :	01111000;
	25064 :	10110101;
	25063 :	01111000;
	25062 :	11000101;
	25061 :	10110111;
	25060 :	11000101;
	25059 :	01010110;
	25058 :	11000101;
	25057 :	00011001;
	25056 :	11001110;
	25055 :	10110111;
	25054 :	11000101;
	25053 :	10110111;
	25052 :	11010101;
	25051 :	10110111;
	25050 :	11000101;
	25049 :	10000101;
	25048 :	01001001;
	25047 :	10000101;
	25046 :	01001001;
	25045 :	00100010;
	25044 :	00101001;
	25043 :	01100100;
	25042 :	00110001;
	25041 :	01100100;
	25040 :	00110001;
	25039 :	00100010;
	25038 :	00101001;
	25037 :	01100100;
	25036 :	00110001;
	25035 :	00100010;
	25034 :	00101001;
	25033 :	00100010;
	25032 :	00101001;
	25031 :	00100010;
	25030 :	00101001;
	25029 :	11000001;
	25028 :	00100000;
	25027 :	11000001;
	25026 :	00100000;
	25025 :	10100000;
	25024 :	00011000;
	25023 :	11000001;
	25022 :	00100000;
	25021 :	11000001;
	25020 :	00100000;
	25019 :	11000001;
	25018 :	00100000;
	25017 :	00000010;
	25016 :	00011001;
	25015 :	00100010;
	25014 :	00101001;
	25013 :	00100010;
	25012 :	00101001;
	25011 :	00000010;
	25010 :	00011001;
	25009 :	01100100;
	25008 :	00110001;
	25007 :	01100100;
	25006 :	00110001;
	25005 :	01100100;
	25004 :	00110001;
	25003 :	01100100;
	25002 :	00110001;
	25001 :	00100010;
	25000 :	00101001;
	24999 :	00100010;
	24998 :	00101001;
	24997 :	00000010;
	24996 :	00011001;
	24995 :	00100010;
	24994 :	00101001;
	24993 :	00000010;
	24992 :	00011001;
	24991 :	00100010;
	24990 :	00101001;
	24989 :	11000001;
	24988 :	00100000;
	24987 :	11000001;
	24986 :	00100000;
	24985 :	00000010;
	24984 :	00011001;
	24983 :	01100100;
	24982 :	00110001;
	24981 :	00100010;
	24980 :	00101001;
	24979 :	00000010;
	24978 :	00011001;
	24977 :	00100010;
	24976 :	00101001;
	24975 :	00100010;
	24974 :	00101001;
	24973 :	01100100;
	24972 :	00110001;
	24971 :	01100100;
	24970 :	00110001;
	24969 :	01100100;
	24968 :	00110001;
	24967 :	01100100;
	24966 :	00110001;
	24965 :	01100100;
	24964 :	00110001;
	24963 :	01100100;
	24962 :	00110001;
	24961 :	00100010;
	24960 :	00101001;
	24959 :	01100100;
	24958 :	00110001;
	24957 :	01100100;
	24956 :	00110001;
	24955 :	00100010;
	24954 :	00101001;
	24953 :	01100100;
	24952 :	00110001;
	24951 :	01100100;
	24950 :	00110001;
	24949 :	00100010;
	24948 :	00101001;
	24947 :	01100100;
	24946 :	00110001;
	24945 :	01100100;
	24944 :	00110001;
	24943 :	01100100;
	24942 :	00110001;
	24941 :	11100100;
	24940 :	00101000;
	24939 :	11000001;
	24938 :	00100000;
	24937 :	00100010;
	24936 :	00101001;
	24935 :	00100010;
	24934 :	00101001;
	24933 :	00100010;
	24932 :	00101001;
	24931 :	11000001;
	24930 :	00100000;
	24929 :	10100000;
	24928 :	00011000;
	24927 :	11000001;
	24926 :	00100000;
	24925 :	00100010;
	24924 :	00101001;
	24923 :	10000011;
	24922 :	01000001;
	24921 :	01100100;
	24920 :	00110001;
	24919 :	10010100;
	24918 :	10111101;
	24917 :	10010100;
	24916 :	10111101;
	24915 :	00010110;
	24914 :	10011101;
	24913 :	10010100;
	24912 :	10111101;
	24911 :	00010011;
	24910 :	10110101;
	24909 :	00010011;
	24908 :	10110101;
	24907 :	00010011;
	24906 :	10110101;
	24905 :	00010011;
	24904 :	10110101;
	24903 :	10101101;
	24902 :	10001011;
	24901 :	00100010;
	24900 :	00101001;
	24899 :	00100010;
	24898 :	00101001;
	24897 :	00100010;
	24896 :	00101001;
	24895 :	00100010;
	24894 :	00101001;
	24893 :	00100010;
	24892 :	00101001;
	24891 :	00100010;
	24890 :	00101001;
	24889 :	10000011;
	24888 :	01000001;
	24887 :	00100010;
	24886 :	00101001;
	24885 :	00100010;
	24884 :	00101001;
	24883 :	00100010;
	24882 :	00101001;
	24881 :	00000001;
	24880 :	01001001;
	24879 :	00100010;
	24878 :	00101001;
	24877 :	00100010;
	24876 :	00101001;
	24875 :	10000011;
	24874 :	01000001;
	24873 :	00100010;
	24872 :	00101001;
	24871 :	00100010;
	24870 :	00101001;
	24869 :	00100010;
	24868 :	00101001;
	24867 :	00100010;
	24866 :	00101001;
	24865 :	00100010;
	24864 :	00101001;
	24863 :	00100010;
	24862 :	00101001;
	24861 :	00100010;
	24860 :	00101001;
	24859 :	00000001;
	24858 :	01001001;
	24857 :	01000011;
	24856 :	01000001;
	24855 :	00100010;
	24854 :	00101001;
	24853 :	01000011;
	24852 :	01000001;
	24851 :	10000101;
	24850 :	01001001;
	24849 :	01100110;
	24848 :	01101001;
	24847 :	10101001;
	24846 :	01101010;
	24845 :	11110101;
	24844 :	10110100;
	24843 :	11110110;
	24842 :	10110100;
	24841 :	00110101;
	24840 :	10110101;
	24839 :	00110101;
	24838 :	10110101;
	24837 :	00110111;
	24836 :	10110101;
	24835 :	00110111;
	24834 :	10110101;
	24833 :	10010111;
	24832 :	10111101;
	24831 :	00011101;
	24830 :	11011111;
	24829 :	10110111;
	24828 :	11000101;
	24827 :	00110111;
	24826 :	10101101;
	24825 :	00110111;
	24824 :	10110101;
	24823 :	00110111;
	24822 :	10110101;
	24821 :	00010101;
	24820 :	10101101;
	24819 :	01111000;
	24818 :	11000101;
	24817 :	10110111;
	24816 :	11000101;
	24815 :	11110110;
	24814 :	10100100;
	24813 :	00110111;
	24812 :	10110101;
	24811 :	00110111;
	24810 :	10110101;
	24809 :	00110111;
	24808 :	10110101;
	24807 :	01111000;
	24806 :	11000101;
	24805 :	01010110;
	24804 :	11000101;
	24803 :	10010111;
	24802 :	10111101;
	24801 :	10110111;
	24800 :	11000101;
	24799 :	11011000;
	24798 :	11010101;
	24797 :	10110111;
	24796 :	11000101;
	24795 :	01010110;
	24794 :	11000101;
	24793 :	00100111;
	24792 :	01010010;
	24791 :	10000011;
	24790 :	01000001;
	24789 :	01100100;
	24788 :	00110001;
	24787 :	00100010;
	24786 :	00101001;
	24785 :	00100010;
	24784 :	00101001;
	24783 :	00100010;
	24782 :	00101001;
	24781 :	01100100;
	24780 :	00110001;
	24779 :	01100100;
	24778 :	00110001;
	24777 :	01100100;
	24776 :	00110001;
	24775 :	00000010;
	24774 :	00011001;
	24773 :	10100000;
	24772 :	00011000;
	24771 :	11000001;
	24770 :	00100000;
	24769 :	11000001;
	24768 :	00100000;
	24767 :	11000001;
	24766 :	00100000;
	24765 :	11000001;
	24764 :	00100000;
	24763 :	00000010;
	24762 :	00011001;
	24761 :	00100010;
	24760 :	00101001;
	24759 :	00100010;
	24758 :	00101001;
	24757 :	00000010;
	24756 :	00011001;
	24755 :	00100010;
	24754 :	00101001;
	24753 :	01100100;
	24752 :	00110001;
	24751 :	01100100;
	24750 :	00110001;
	24749 :	01100100;
	24748 :	00110001;
	24747 :	00100010;
	24746 :	00101001;
	24745 :	00100010;
	24744 :	00101001;
	24743 :	00100010;
	24742 :	00101001;
	24741 :	00100010;
	24740 :	00101001;
	24739 :	00100010;
	24738 :	00101001;
	24737 :	11000001;
	24736 :	00100000;
	24735 :	00100010;
	24734 :	00101001;
	24733 :	00000010;
	24732 :	00011001;
	24731 :	00100010;
	24730 :	00101001;
	24729 :	00000010;
	24728 :	00011001;
	24727 :	00100010;
	24726 :	00101001;
	24725 :	00100010;
	24724 :	00101001;
	24723 :	00100010;
	24722 :	00101001;
	24721 :	00100010;
	24720 :	00101001;
	24719 :	01100100;
	24718 :	00110001;
	24717 :	01100100;
	24716 :	00110001;
	24715 :	01100100;
	24714 :	00110001;
	24713 :	10000011;
	24712 :	01000001;
	24711 :	01100100;
	24710 :	00110001;
	24709 :	01100100;
	24708 :	00110001;
	24707 :	01100100;
	24706 :	00110001;
	24705 :	01100100;
	24704 :	00110001;
	24703 :	01100100;
	24702 :	00110001;
	24701 :	01100100;
	24700 :	00110001;
	24699 :	01100100;
	24698 :	00110001;
	24697 :	00100010;
	24696 :	00101001;
	24695 :	01100100;
	24694 :	00110001;
	24693 :	10000011;
	24692 :	01000001;
	24691 :	01100100;
	24690 :	00110001;
	24689 :	01100100;
	24688 :	00110001;
	24687 :	01100100;
	24686 :	00110001;
	24685 :	10000011;
	24684 :	01000001;
	24683 :	00100010;
	24682 :	00101001;
	24681 :	00101111;
	24680 :	10010100;
	24679 :	10101101;
	24678 :	10001011;
	24677 :	00101011;
	24676 :	01110011;
	24675 :	00100111;
	24674 :	01010010;
	24673 :	10000101;
	24672 :	01001001;
	24671 :	00100010;
	24670 :	00101001;
	24669 :	00100010;
	24668 :	00101001;
	24667 :	00100010;
	24666 :	00101001;
	24665 :	01100100;
	24664 :	00110001;
	24663 :	00010110;
	24662 :	10011101;
	24661 :	10010100;
	24660 :	10111101;
	24659 :	01110010;
	24658 :	10010100;
	24657 :	10010100;
	24656 :	10111101;
	24655 :	00100010;
	24654 :	00101001;
	24653 :	00100010;
	24652 :	00101001;
	24651 :	00100010;
	24650 :	00101001;
	24649 :	00000010;
	24648 :	00011001;
	24647 :	00100010;
	24646 :	00101001;
	24645 :	10000011;
	24644 :	01000001;
	24643 :	00100010;
	24642 :	00101001;
	24641 :	00100010;
	24640 :	00101001;
	24639 :	00100010;
	24638 :	00101001;
	24637 :	00100010;
	24636 :	00101001;
	24635 :	00100010;
	24634 :	00101001;
	24633 :	00100010;
	24632 :	00101001;
	24631 :	00100010;
	24630 :	00101001;
	24629 :	00100010;
	24628 :	00101001;
	24627 :	00100010;
	24626 :	00101001;
	24625 :	10000011;
	24624 :	01000001;
	24623 :	00100010;
	24622 :	00101001;
	24621 :	00100010;
	24620 :	00101001;
	24619 :	00100010;
	24618 :	00101001;
	24617 :	00100010;
	24616 :	00101001;
	24615 :	10000011;
	24614 :	01000001;
	24613 :	00100010;
	24612 :	00101001;
	24611 :	00100010;
	24610 :	00101001;
	24609 :	10000011;
	24608 :	01000001;
	24607 :	00100010;
	24606 :	00101001;
	24605 :	00100010;
	24604 :	00101001;
	24603 :	00100010;
	24602 :	00101001;
	24601 :	00100010;
	24600 :	00101001;
	24599 :	01000011;
	24598 :	01000001;
	24597 :	01000011;
	24596 :	01000001;
	24595 :	01000011;
	24594 :	01000001;
	24593 :	11001000;
	24592 :	01101001;
	24591 :	11101101;
	24590 :	10000010;
	24589 :	11110101;
	24588 :	10110100;
	24587 :	00110101;
	24586 :	10110101;
	24585 :	11110110;
	24584 :	10110100;
	24583 :	00110111;
	24582 :	10110101;
	24581 :	10010100;
	24580 :	10111101;
	24579 :	00110111;
	24578 :	10110101;
	24577 :	01111000;
	24576 :	10110101;
	24575 :	01111000;
	24574 :	10110101;
	24573 :	01011000;
	24572 :	10101101;
	24571 :	10010111;
	24570 :	10111101;
	24569 :	00010101;
	24568 :	10101101;
	24567 :	00110111;
	24566 :	10110101;
	24565 :	00110111;
	24564 :	10101101;
	24563 :	00010101;
	24562 :	10101101;
	24561 :	00110111;
	24560 :	10101101;
	24559 :	00110111;
	24558 :	10110101;
	24557 :	00110111;
	24556 :	10101101;
	24555 :	00110111;
	24554 :	10110101;
	24553 :	00110111;
	24552 :	10110101;
	24551 :	00110111;
	24550 :	10110101;
	24549 :	01111000;
	24548 :	11000101;
	24547 :	01111000;
	24546 :	11000101;
	24545 :	01111000;
	24544 :	11000101;
	24543 :	10111001;
	24542 :	11000101;
	24541 :	11011000;
	24540 :	11010101;
	24539 :	11011000;
	24538 :	11010101;
	24537 :	00101011;
	24536 :	01110011;
	24535 :	10000011;
	24534 :	01000001;
	24533 :	01100100;
	24532 :	00110001;
	24531 :	01100100;
	24530 :	00110001;
	24529 :	01100100;
	24528 :	00110001;
	24527 :	01100100;
	24526 :	00110001;
	24525 :	01100100;
	24524 :	00110001;
	24523 :	01100100;
	24522 :	00110001;
	24521 :	00100010;
	24520 :	00101001;
	24519 :	10100000;
	24518 :	00011000;
	24517 :	11000001;
	24516 :	00100000;
	24515 :	00000010;
	24514 :	00011001;
	24513 :	00000010;
	24512 :	00011001;
	24511 :	00000010;
	24510 :	00011001;
	24509 :	00000010;
	24508 :	00011001;
	24507 :	11000001;
	24506 :	00100000;
	24505 :	00100010;
	24504 :	00101001;
	24503 :	00100010;
	24502 :	00101001;
	24501 :	00000010;
	24500 :	00011001;
	24499 :	01100100;
	24498 :	00110001;
	24497 :	01100100;
	24496 :	00110001;
	24495 :	01100100;
	24494 :	00110001;
	24493 :	00100010;
	24492 :	00101001;
	24491 :	01100100;
	24490 :	00110001;
	24489 :	00100010;
	24488 :	00101001;
	24487 :	00100010;
	24486 :	00101001;
	24485 :	00100010;
	24484 :	00101001;
	24483 :	00000010;
	24482 :	00011001;
	24481 :	00100010;
	24480 :	00101001;
	24479 :	11000001;
	24478 :	00100000;
	24477 :	11000001;
	24476 :	00100000;
	24475 :	10100000;
	24474 :	00011000;
	24473 :	00100010;
	24472 :	00101001;
	24471 :	00100010;
	24470 :	00101001;
	24469 :	00100010;
	24468 :	00101001;
	24467 :	00000010;
	24466 :	00011001;
	24465 :	00100010;
	24464 :	00101001;
	24463 :	01100100;
	24462 :	00110001;
	24461 :	01100100;
	24460 :	00110001;
	24459 :	01100100;
	24458 :	00110001;
	24457 :	01100100;
	24456 :	00110001;
	24455 :	01100100;
	24454 :	00110001;
	24453 :	10000011;
	24452 :	01000001;
	24451 :	01100100;
	24450 :	00110001;
	24449 :	01100100;
	24448 :	00110001;
	24447 :	10000011;
	24446 :	01000001;
	24445 :	00100010;
	24444 :	00101001;
	24443 :	01100100;
	24442 :	00110001;
	24441 :	01100100;
	24440 :	00110001;
	24439 :	01100100;
	24438 :	00110001;
	24437 :	01100100;
	24436 :	00110001;
	24435 :	01100100;
	24434 :	00110001;
	24433 :	01100100;
	24432 :	00110001;
	24431 :	01100100;
	24430 :	00110001;
	24429 :	00100010;
	24428 :	00101001;
	24427 :	01101001;
	24426 :	01011010;
	24425 :	00101111;
	24424 :	10010100;
	24423 :	10010010;
	24422 :	10101100;
	24421 :	00010011;
	24420 :	10110101;
	24419 :	10010010;
	24418 :	10101100;
	24417 :	10010010;
	24416 :	10101100;
	24415 :	00010011;
	24414 :	10110101;
	24413 :	00010011;
	24412 :	10110101;
	24411 :	10110100;
	24410 :	10011100;
	24409 :	00100111;
	24408 :	01010010;
	24407 :	10010100;
	24406 :	10111101;
	24405 :	00010110;
	24404 :	10011101;
	24403 :	10110100;
	24402 :	10011100;
	24401 :	10010100;
	24400 :	10111101;
	24399 :	00100111;
	24398 :	01010010;
	24397 :	10000011;
	24396 :	01000001;
	24395 :	00000010;
	24394 :	00011001;
	24393 :	10000011;
	24392 :	01000001;
	24391 :	00100111;
	24390 :	01010010;
	24389 :	00100010;
	24388 :	00101001;
	24387 :	00100010;
	24386 :	00101001;
	24385 :	00100010;
	24384 :	00101001;
	24383 :	00100010;
	24382 :	00101001;
	24381 :	10000011;
	24380 :	01000001;
	24379 :	00100010;
	24378 :	00101001;
	24377 :	00100010;
	24376 :	00101001;
	24375 :	00100010;
	24374 :	00101001;
	24373 :	00100010;
	24372 :	00101001;
	24371 :	00100010;
	24370 :	00101001;
	24369 :	00100010;
	24368 :	00101001;
	24367 :	00100010;
	24366 :	00101001;
	24365 :	10000011;
	24364 :	01000001;
	24363 :	00100010;
	24362 :	00101001;
	24361 :	00100010;
	24360 :	00101001;
	24359 :	00100010;
	24358 :	00101001;
	24357 :	00100010;
	24356 :	00101001;
	24355 :	00100010;
	24354 :	00101001;
	24353 :	00100010;
	24352 :	00101001;
	24351 :	00100010;
	24350 :	00101001;
	24349 :	00000001;
	24348 :	01001001;
	24347 :	00100010;
	24346 :	00101001;
	24345 :	00000001;
	24344 :	01001001;
	24343 :	01000011;
	24342 :	01000001;
	24341 :	01000011;
	24340 :	01000001;
	24339 :	01000011;
	24338 :	01000001;
	24337 :	00101010;
	24336 :	10010011;
	24335 :	11010000;
	24334 :	10101011;
	24333 :	11110101;
	24332 :	10110100;
	24331 :	11110110;
	24330 :	10110100;
	24329 :	00110111;
	24328 :	10110101;
	24327 :	00110111;
	24326 :	10110101;
	24325 :	01111000;
	24324 :	10110101;
	24323 :	00110111;
	24322 :	10110101;
	24321 :	00110111;
	24320 :	10110101;
	24319 :	00011101;
	24318 :	11011111;
	24317 :	00011001;
	24316 :	10111110;
	24315 :	01111000;
	24314 :	10110101;
	24313 :	00110111;
	24312 :	10101101;
	24311 :	00110111;
	24310 :	10101101;
	24309 :	00010101;
	24308 :	10101101;
	24307 :	00110111;
	24306 :	10101101;
	24305 :	00010101;
	24304 :	10101101;
	24303 :	00110111;
	24302 :	10101101;
	24301 :	11110110;
	24300 :	10110100;
	24299 :	00110111;
	24298 :	10110101;
	24297 :	00110111;
	24296 :	10110101;
	24295 :	01010110;
	24294 :	11000101;
	24293 :	01111000;
	24292 :	10110101;
	24291 :	01111000;
	24290 :	10110101;
	24289 :	11111010;
	24288 :	11010101;
	24287 :	10110111;
	24286 :	11000101;
	24285 :	10111001;
	24284 :	11000101;
	24283 :	10111001;
	24282 :	11000101;
	24281 :	10010101;
	24280 :	11000101;
	24279 :	00100111;
	24278 :	01010010;
	24277 :	00100010;
	24276 :	00101001;
	24275 :	01100100;
	24274 :	00110001;
	24273 :	00000010;
	24272 :	00011001;
	24271 :	00100010;
	24270 :	00101001;
	24269 :	01100100;
	24268 :	00110001;
	24267 :	01100100;
	24266 :	00110001;
	24265 :	11000001;
	24264 :	00100000;
	24263 :	11000001;
	24262 :	00100000;
	24261 :	10100000;
	24260 :	00011000;
	24259 :	00100010;
	24258 :	00101001;
	24257 :	00100010;
	24256 :	00101001;
	24255 :	00100010;
	24254 :	00101001;
	24253 :	11000001;
	24252 :	00100000;
	24251 :	00100010;
	24250 :	00101001;
	24249 :	00100010;
	24248 :	00101001;
	24247 :	00100010;
	24246 :	00101001;
	24245 :	00000010;
	24244 :	00011001;
	24243 :	01100100;
	24242 :	00110001;
	24241 :	01100100;
	24240 :	00110001;
	24239 :	01100100;
	24238 :	00110001;
	24237 :	00100010;
	24236 :	00101001;
	24235 :	00100010;
	24234 :	00101001;
	24233 :	00100010;
	24232 :	00101001;
	24231 :	00100010;
	24230 :	00101001;
	24229 :	00100010;
	24228 :	00101001;
	24227 :	11000001;
	24226 :	00100000;
	24225 :	00100010;
	24224 :	00101001;
	24223 :	00100010;
	24222 :	00101001;
	24221 :	11000001;
	24220 :	00100000;
	24219 :	00000010;
	24218 :	00011001;
	24217 :	01100100;
	24216 :	00110001;
	24215 :	00000010;
	24214 :	00011001;
	24213 :	00100010;
	24212 :	00101001;
	24211 :	00100010;
	24210 :	00101001;
	24209 :	00100010;
	24208 :	00101001;
	24207 :	01100100;
	24206 :	00110001;
	24205 :	00100010;
	24204 :	00101001;
	24203 :	10000011;
	24202 :	01000001;
	24201 :	01100100;
	24200 :	00110001;
	24199 :	01100100;
	24198 :	00110001;
	24197 :	01100100;
	24196 :	00110001;
	24195 :	01100100;
	24194 :	00110001;
	24193 :	01100100;
	24192 :	00110001;
	24191 :	00100010;
	24190 :	00101001;
	24189 :	01100100;
	24188 :	00110001;
	24187 :	01100100;
	24186 :	00110001;
	24185 :	00100010;
	24184 :	00101001;
	24183 :	01100100;
	24182 :	00110001;
	24181 :	00100010;
	24180 :	00101001;
	24179 :	01100100;
	24178 :	00110001;
	24177 :	01100100;
	24176 :	00110001;
	24175 :	01000011;
	24174 :	01000001;
	24173 :	01100100;
	24172 :	00110001;
	24171 :	11000001;
	24170 :	00100000;
	24169 :	00000010;
	24168 :	00011001;
	24167 :	11000001;
	24166 :	01000000;
	24165 :	00100010;
	24164 :	00101001;
	24163 :	01101001;
	24162 :	01011010;
	24161 :	00101011;
	24160 :	01110011;
	24159 :	00101111;
	24158 :	10010100;
	24157 :	10010010;
	24156 :	10101100;
	24155 :	00010101;
	24154 :	10101101;
	24153 :	01101001;
	24152 :	01011010;
	24151 :	10010100;
	24150 :	10111101;
	24149 :	00010110;
	24148 :	10011101;
	24147 :	10110100;
	24146 :	10011100;
	24145 :	10010100;
	24144 :	10111101;
	24143 :	00010011;
	24142 :	10110101;
	24141 :	00010011;
	24140 :	10110101;
	24139 :	00010011;
	24138 :	10110101;
	24137 :	00010011;
	24136 :	10110101;
	24135 :	01101001;
	24134 :	01011010;
	24133 :	00100010;
	24132 :	00101001;
	24131 :	00100010;
	24130 :	00101001;
	24129 :	00100010;
	24128 :	00101001;
	24127 :	10000011;
	24126 :	01000001;
	24125 :	00100010;
	24124 :	00101001;
	24123 :	00100010;
	24122 :	00101001;
	24121 :	10000011;
	24120 :	01000001;
	24119 :	00100010;
	24118 :	00101001;
	24117 :	00100010;
	24116 :	00101001;
	24115 :	10000011;
	24114 :	01000001;
	24113 :	00100010;
	24112 :	00101001;
	24111 :	00100010;
	24110 :	00101001;
	24109 :	00100010;
	24108 :	00101001;
	24107 :	00100010;
	24106 :	00101001;
	24105 :	00100010;
	24104 :	00101001;
	24103 :	00100010;
	24102 :	00101001;
	24101 :	10000011;
	24100 :	01000001;
	24099 :	00100010;
	24098 :	00101001;
	24097 :	00100010;
	24096 :	00101001;
	24095 :	00000001;
	24094 :	01001001;
	24093 :	00100010;
	24092 :	00101001;
	24091 :	10000011;
	24090 :	01000001;
	24089 :	00100010;
	24088 :	00101001;
	24087 :	01000011;
	24086 :	01000001;
	24085 :	01000011;
	24084 :	01000001;
	24083 :	01000011;
	24082 :	01010001;
	24081 :	11101101;
	24080 :	10000010;
	24079 :	10010010;
	24078 :	10101100;
	24077 :	11110110;
	24076 :	10110100;
	24075 :	00110101;
	24074 :	10110101;
	24073 :	00110111;
	24072 :	10110101;
	24071 :	00110111;
	24070 :	10110101;
	24069 :	00110111;
	24068 :	10110101;
	24067 :	00110111;
	24066 :	10110101;
	24065 :	01111000;
	24064 :	10110101;
	24063 :	00111011;
	24062 :	11010110;
	24061 :	10011001;
	24060 :	10110101;
	24059 :	01111000;
	24058 :	10110101;
	24057 :	00110111;
	24056 :	10110101;
	24055 :	00010101;
	24054 :	10101101;
	24053 :	00110111;
	24052 :	10101101;
	24051 :	00110111;
	24050 :	10101101;
	24049 :	00110111;
	24048 :	10101101;
	24047 :	00010101;
	24046 :	10101101;
	24045 :	00110111;
	24044 :	10101101;
	24043 :	00110111;
	24042 :	10110101;
	24041 :	00110111;
	24040 :	10110101;
	24039 :	01111000;
	24038 :	10110101;
	24037 :	01111000;
	24036 :	10110101;
	24035 :	01111000;
	24034 :	11000101;
	24033 :	10111001;
	24032 :	11000101;
	24031 :	10111001;
	24030 :	11000101;
	24029 :	00011001;
	24028 :	10111110;
	24027 :	10110111;
	24026 :	11000101;
	24025 :	10010101;
	24024 :	11000101;
	24023 :	01101100;
	24022 :	01111011;
	24021 :	01100100;
	24020 :	00110001;
	24019 :	01100100;
	24018 :	00110001;
	24017 :	00100010;
	24016 :	00101001;
	24015 :	01100100;
	24014 :	00110001;
	24013 :	10000101;
	24012 :	01001001;
	24011 :	00000010;
	24010 :	00011001;
	24009 :	11000001;
	24008 :	00100000;
	24007 :	11000001;
	24006 :	00100000;
	24005 :	00000010;
	24004 :	00011001;
	24003 :	01100100;
	24002 :	00110001;
	24001 :	00100010;
	24000 :	00101001;
	23999 :	00000010;
	23998 :	00011001;
	23997 :	00100010;
	23996 :	00101001;
	23995 :	00000010;
	23994 :	00011001;
	23993 :	01100100;
	23992 :	00110001;
	23991 :	00100010;
	23990 :	00101001;
	23989 :	00100010;
	23988 :	00101001;
	23987 :	01100100;
	23986 :	00110001;
	23985 :	10000011;
	23984 :	01000001;
	23983 :	01100100;
	23982 :	00110001;
	23981 :	01100100;
	23980 :	00110001;
	23979 :	00100010;
	23978 :	00101001;
	23977 :	00100010;
	23976 :	00101001;
	23975 :	00100010;
	23974 :	00101001;
	23973 :	11000001;
	23972 :	00100000;
	23971 :	00100010;
	23970 :	00101001;
	23969 :	11000001;
	23968 :	00100000;
	23967 :	11000001;
	23966 :	00100000;
	23965 :	00000010;
	23964 :	00011001;
	23963 :	00100010;
	23962 :	00101001;
	23961 :	00100010;
	23960 :	00101001;
	23959 :	00100010;
	23958 :	00101001;
	23957 :	00000010;
	23956 :	00011001;
	23955 :	01100100;
	23954 :	00110001;
	23953 :	00100010;
	23952 :	00101001;
	23951 :	01100100;
	23950 :	00110001;
	23949 :	01100100;
	23948 :	00110001;
	23947 :	01100100;
	23946 :	00110001;
	23945 :	01100100;
	23944 :	00110001;
	23943 :	01100100;
	23942 :	00110001;
	23941 :	01100100;
	23940 :	00110001;
	23939 :	01100100;
	23938 :	00110001;
	23937 :	10000011;
	23936 :	01000001;
	23935 :	01100100;
	23934 :	00110001;
	23933 :	01100100;
	23932 :	00110001;
	23931 :	01100100;
	23930 :	00110001;
	23929 :	10000011;
	23928 :	01000001;
	23927 :	01100100;
	23926 :	00110001;
	23925 :	01000011;
	23924 :	01000001;
	23923 :	01100100;
	23922 :	00110001;
	23921 :	01100100;
	23920 :	00110001;
	23919 :	01100100;
	23918 :	00110001;
	23917 :	00000010;
	23916 :	00011001;
	23915 :	00100111;
	23914 :	01010010;
	23913 :	01100100;
	23912 :	00110001;
	23911 :	11000001;
	23910 :	00100000;
	23909 :	00100010;
	23908 :	00101001;
	23907 :	00100010;
	23906 :	00101001;
	23905 :	00100010;
	23904 :	00101001;
	23903 :	00100010;
	23902 :	00101001;
	23901 :	00000010;
	23900 :	00011001;
	23899 :	01100100;
	23898 :	00110001;
	23897 :	01101001;
	23896 :	01011010;
	23895 :	10010100;
	23894 :	10111101;
	23893 :	00010110;
	23892 :	10011101;
	23891 :	00010011;
	23890 :	10110101;
	23889 :	10010100;
	23888 :	10111101;
	23887 :	00101111;
	23886 :	10010100;
	23885 :	01101100;
	23884 :	01111011;
	23883 :	00101011;
	23882 :	01110011;
	23881 :	10101101;
	23880 :	10001011;
	23879 :	00100111;
	23878 :	01010010;
	23877 :	00100010;
	23876 :	00101001;
	23875 :	00100010;
	23874 :	00101001;
	23873 :	00100010;
	23872 :	00101001;
	23871 :	00100010;
	23870 :	00101001;
	23869 :	00100010;
	23868 :	00101001;
	23867 :	00100010;
	23866 :	00101001;
	23865 :	00100010;
	23864 :	00101001;
	23863 :	00100010;
	23862 :	00101001;
	23861 :	00100010;
	23860 :	00101001;
	23859 :	00100010;
	23858 :	00101001;
	23857 :	00100010;
	23856 :	00101001;
	23855 :	10000011;
	23854 :	01000001;
	23853 :	00100010;
	23852 :	00101001;
	23851 :	00100010;
	23850 :	00101001;
	23849 :	00000001;
	23848 :	01001001;
	23847 :	10000011;
	23846 :	01000001;
	23845 :	00100010;
	23844 :	00101001;
	23843 :	00100010;
	23842 :	00101001;
	23841 :	00100010;
	23840 :	00101001;
	23839 :	10000011;
	23838 :	01000001;
	23837 :	00100010;
	23836 :	00101001;
	23835 :	00100010;
	23834 :	00101001;
	23833 :	01000011;
	23832 :	01000001;
	23831 :	01000011;
	23830 :	01000001;
	23829 :	01100100;
	23828 :	00110001;
	23827 :	01000011;
	23826 :	01010001;
	23825 :	01100101;
	23824 :	01100001;
	23823 :	11110101;
	23822 :	10110100;
	23821 :	11110110;
	23820 :	10110100;
	23819 :	00110101;
	23818 :	10110101;
	23817 :	00110111;
	23816 :	10110101;
	23815 :	00010101;
	23814 :	10101101;
	23813 :	00110111;
	23812 :	10110101;
	23811 :	01111000;
	23810 :	10110101;
	23809 :	01111000;
	23808 :	10110101;
	23807 :	00011011;
	23806 :	11000110;
	23805 :	00011001;
	23804 :	11001110;
	23803 :	01111000;
	23802 :	10110101;
	23801 :	00110111;
	23800 :	10101101;
	23799 :	00110111;
	23798 :	10101101;
	23797 :	00010101;
	23796 :	10101101;
	23795 :	00010101;
	23794 :	10101101;
	23793 :	00010101;
	23792 :	10101101;
	23791 :	11110110;
	23790 :	10110100;
	23789 :	00110111;
	23788 :	10101101;
	23787 :	00110111;
	23786 :	10110101;
	23785 :	00110111;
	23784 :	10110101;
	23783 :	00110111;
	23782 :	10110101;
	23781 :	01011000;
	23780 :	10101101;
	23779 :	01111000;
	23778 :	11000101;
	23777 :	10111001;
	23776 :	11000101;
	23775 :	10111001;
	23774 :	11000101;
	23773 :	10110111;
	23772 :	11000101;
	23771 :	00011001;
	23770 :	11001110;
	23769 :	10010111;
	23768 :	10111101;
	23767 :	10010111;
	23766 :	10111101;
	23765 :	01101001;
	23764 :	01011010;
	23763 :	01100100;
	23762 :	00110001;
	23761 :	01100100;
	23760 :	00110001;
	23759 :	10000101;
	23758 :	01001001;
	23757 :	01100100;
	23756 :	00110001;
	23755 :	00000010;
	23754 :	00011001;
	23753 :	11000001;
	23752 :	00100000;
	23751 :	11000001;
	23750 :	00100000;
	23749 :	00100010;
	23748 :	00101001;
	23747 :	01100100;
	23746 :	00110001;
	23745 :	00100010;
	23744 :	00101001;
	23743 :	00100010;
	23742 :	00101001;
	23741 :	11100100;
	23740 :	00101000;
	23739 :	00100010;
	23738 :	00101001;
	23737 :	00100010;
	23736 :	00101001;
	23735 :	00100010;
	23734 :	00101001;
	23733 :	01100100;
	23732 :	00110001;
	23731 :	01100100;
	23730 :	00110001;
	23729 :	01100100;
	23728 :	00110001;
	23727 :	01100100;
	23726 :	00110001;
	23725 :	00100010;
	23724 :	00101001;
	23723 :	00100010;
	23722 :	00101001;
	23721 :	00100010;
	23720 :	00101001;
	23719 :	11000001;
	23718 :	00100000;
	23717 :	00100010;
	23716 :	00101001;
	23715 :	11000001;
	23714 :	00100000;
	23713 :	00100010;
	23712 :	00101001;
	23711 :	11000001;
	23710 :	00100000;
	23709 :	00000010;
	23708 :	00011001;
	23707 :	00100010;
	23706 :	00101001;
	23705 :	00100010;
	23704 :	00101001;
	23703 :	00100010;
	23702 :	00101001;
	23701 :	00100010;
	23700 :	00101001;
	23699 :	01100100;
	23698 :	00110001;
	23697 :	00100010;
	23696 :	00101001;
	23695 :	00100010;
	23694 :	00101001;
	23693 :	01100100;
	23692 :	00110001;
	23691 :	01100100;
	23690 :	00110001;
	23689 :	01100100;
	23688 :	00110001;
	23687 :	01100100;
	23686 :	00110001;
	23685 :	10000011;
	23684 :	01000001;
	23683 :	01100100;
	23682 :	00110001;
	23681 :	01100100;
	23680 :	00110001;
	23679 :	01100100;
	23678 :	00110001;
	23677 :	01100100;
	23676 :	00110001;
	23675 :	00100010;
	23674 :	00101001;
	23673 :	01100100;
	23672 :	00110001;
	23671 :	01100100;
	23670 :	00110001;
	23669 :	01100100;
	23668 :	00110001;
	23667 :	01100100;
	23666 :	00110001;
	23665 :	01100100;
	23664 :	00110001;
	23663 :	10000101;
	23662 :	01001001;
	23661 :	01100100;
	23660 :	00110001;
	23659 :	10010010;
	23658 :	10101100;
	23657 :	00010011;
	23656 :	10110101;
	23655 :	00010011;
	23654 :	10110101;
	23653 :	00010011;
	23652 :	10110101;
	23651 :	00010011;
	23650 :	10110101;
	23649 :	10010010;
	23648 :	10101100;
	23647 :	10010010;
	23646 :	10101100;
	23645 :	00101111;
	23644 :	10010100;
	23643 :	00101011;
	23642 :	01110011;
	23641 :	01101100;
	23640 :	01111011;
	23639 :	10010100;
	23638 :	10111101;
	23637 :	00010110;
	23636 :	10011101;
	23635 :	00010101;
	23634 :	10101101;
	23633 :	10010100;
	23632 :	10111101;
	23631 :	00100010;
	23630 :	00101001;
	23629 :	00100010;
	23628 :	00101001;
	23627 :	01100100;
	23626 :	00110001;
	23625 :	00000010;
	23624 :	00011001;
	23623 :	00000010;
	23622 :	00011001;
	23621 :	10000011;
	23620 :	01000001;
	23619 :	00100010;
	23618 :	00101001;
	23617 :	00100010;
	23616 :	00101001;
	23615 :	00100010;
	23614 :	00101001;
	23613 :	10000011;
	23612 :	01000001;
	23611 :	00100010;
	23610 :	00101001;
	23609 :	10000011;
	23608 :	01000001;
	23607 :	00100010;
	23606 :	00101001;
	23605 :	00100010;
	23604 :	00101001;
	23603 :	10000011;
	23602 :	01000001;
	23601 :	00100010;
	23600 :	00101001;
	23599 :	00100010;
	23598 :	00101001;
	23597 :	00100010;
	23596 :	00101001;
	23595 :	10000011;
	23594 :	01000001;
	23593 :	00100010;
	23592 :	00101001;
	23591 :	00100010;
	23590 :	00101001;
	23589 :	00100010;
	23588 :	00101001;
	23587 :	10000011;
	23586 :	01000001;
	23585 :	00100010;
	23584 :	00101001;
	23583 :	00100010;
	23582 :	00101001;
	23581 :	00100010;
	23580 :	00101001;
	23579 :	00100010;
	23578 :	00101001;
	23577 :	01000011;
	23576 :	01000001;
	23575 :	01000011;
	23574 :	01000001;
	23573 :	01000011;
	23572 :	01010001;
	23571 :	01000011;
	23570 :	01000001;
	23569 :	10100110;
	23568 :	01101001;
	23567 :	11010100;
	23566 :	10100100;
	23565 :	11110110;
	23564 :	10110100;
	23563 :	00110101;
	23562 :	10110101;
	23561 :	00010101;
	23560 :	10101101;
	23559 :	00110111;
	23558 :	10110101;
	23557 :	00110111;
	23556 :	10110101;
	23555 :	01111000;
	23554 :	10110101;
	23553 :	01111000;
	23552 :	10110101;
	23551 :	10111101;
	23550 :	11010110;
	23549 :	00011011;
	23548 :	11000110;
	23547 :	10010111;
	23546 :	10111101;
	23545 :	00110111;
	23544 :	10101101;
	23543 :	00010101;
	23542 :	10101101;
	23541 :	00110111;
	23540 :	10101101;
	23539 :	00110111;
	23538 :	10101101;
	23537 :	00110111;
	23536 :	10101101;
	23535 :	11110110;
	23534 :	10110100;
	23533 :	00110111;
	23532 :	10101101;
	23531 :	00110111;
	23530 :	10110101;
	23529 :	11110110;
	23528 :	10110100;
	23527 :	01111000;
	23526 :	10110101;
	23525 :	10011001;
	23524 :	10110101;
	23523 :	10111001;
	23522 :	11000101;
	23521 :	10111001;
	23520 :	11000101;
	23519 :	11011000;
	23518 :	11010101;
	23517 :	10111001;
	23516 :	11000101;
	23515 :	10111001;
	23514 :	11000101;
	23513 :	10110111;
	23512 :	11000101;
	23511 :	10110111;
	23510 :	11000101;
	23509 :	10110111;
	23508 :	11000101;
	23507 :	00101111;
	23506 :	10010100;
	23505 :	01100100;
	23504 :	00110001;
	23503 :	10000101;
	23502 :	01001001;
	23501 :	11100100;
	23500 :	00101000;
	23499 :	00100010;
	23498 :	00101001;
	23497 :	11000001;
	23496 :	00100000;
	23495 :	11000001;
	23494 :	00100000;
	23493 :	01100100;
	23492 :	00110001;
	23491 :	01100100;
	23490 :	00110001;
	23489 :	01100100;
	23488 :	00110001;
	23487 :	00100010;
	23486 :	00101001;
	23485 :	00100010;
	23484 :	00101001;
	23483 :	01100100;
	23482 :	00110001;
	23481 :	00100010;
	23480 :	00101001;
	23479 :	00100010;
	23478 :	00101001;
	23477 :	00100010;
	23476 :	00101001;
	23475 :	01100100;
	23474 :	00110001;
	23473 :	01100100;
	23472 :	00110001;
	23471 :	01100100;
	23470 :	00110001;
	23469 :	01100100;
	23468 :	00110001;
	23467 :	00100010;
	23466 :	00101001;
	23465 :	00100010;
	23464 :	00101001;
	23463 :	00100010;
	23462 :	00101001;
	23461 :	00100010;
	23460 :	00101001;
	23459 :	00000010;
	23458 :	00011001;
	23457 :	00100010;
	23456 :	00101001;
	23455 :	11000001;
	23454 :	00100000;
	23453 :	11000001;
	23452 :	00100000;
	23451 :	01100100;
	23450 :	00110001;
	23449 :	00100010;
	23448 :	00101001;
	23447 :	00100010;
	23446 :	00101001;
	23445 :	00000010;
	23444 :	00011001;
	23443 :	00100010;
	23442 :	00101001;
	23441 :	01100100;
	23440 :	00110001;
	23439 :	00100010;
	23438 :	00101001;
	23437 :	01100100;
	23436 :	00110001;
	23435 :	01100100;
	23434 :	00110001;
	23433 :	10000011;
	23432 :	01000001;
	23431 :	01100100;
	23430 :	00110001;
	23429 :	01100100;
	23428 :	00110001;
	23427 :	01100100;
	23426 :	00110001;
	23425 :	01100100;
	23424 :	00110001;
	23423 :	01100100;
	23422 :	00110001;
	23421 :	10000011;
	23420 :	01000001;
	23419 :	01100100;
	23418 :	00110001;
	23417 :	01000011;
	23416 :	01000001;
	23415 :	01100100;
	23414 :	00110001;
	23413 :	01100100;
	23412 :	00110001;
	23411 :	10000011;
	23410 :	01000001;
	23409 :	01100100;
	23408 :	00110001;
	23407 :	10000011;
	23406 :	01000001;
	23405 :	00000010;
	23404 :	00011001;
	23403 :	00101111;
	23402 :	10010100;
	23401 :	00010011;
	23400 :	10110101;
	23399 :	10010010;
	23398 :	10101100;
	23397 :	00010011;
	23396 :	10110101;
	23395 :	00010011;
	23394 :	10110101;
	23393 :	10010010;
	23392 :	10101100;
	23391 :	00010101;
	23390 :	10101101;
	23389 :	00010011;
	23388 :	10110101;
	23387 :	00010101;
	23386 :	10101101;
	23385 :	00101111;
	23384 :	10010100;
	23383 :	01110010;
	23382 :	10010100;
	23381 :	00010011;
	23380 :	10110101;
	23379 :	00010011;
	23378 :	10110101;
	23377 :	00101111;
	23376 :	10010100;
	23375 :	00101111;
	23374 :	10010100;
	23373 :	10101101;
	23372 :	10001011;
	23371 :	01101100;
	23370 :	01111011;
	23369 :	00101011;
	23368 :	01110011;
	23367 :	00101011;
	23366 :	01110011;
	23365 :	10000011;
	23364 :	01000001;
	23363 :	00100010;
	23362 :	00101001;
	23361 :	00100010;
	23360 :	00101001;
	23359 :	00100010;
	23358 :	00101001;
	23357 :	00100010;
	23356 :	00101001;
	23355 :	00100010;
	23354 :	00101001;
	23353 :	00100010;
	23352 :	00101001;
	23351 :	00100010;
	23350 :	00101001;
	23349 :	00100010;
	23348 :	00101001;
	23347 :	00100010;
	23346 :	00101001;
	23345 :	00100010;
	23344 :	00101001;
	23343 :	00100010;
	23342 :	00101001;
	23341 :	00100010;
	23340 :	00101001;
	23339 :	00100010;
	23338 :	00101001;
	23337 :	10000011;
	23336 :	01000001;
	23335 :	00100010;
	23334 :	00101001;
	23333 :	00100010;
	23332 :	00101001;
	23331 :	00100010;
	23330 :	00101001;
	23329 :	00100010;
	23328 :	00101001;
	23327 :	10000011;
	23326 :	01000001;
	23325 :	00100010;
	23324 :	00101001;
	23323 :	00000001;
	23322 :	01001001;
	23321 :	10000011;
	23320 :	01000001;
	23319 :	01000011;
	23318 :	01000001;
	23317 :	10000011;
	23316 :	01000001;
	23315 :	10000101;
	23314 :	01001001;
	23313 :	01100101;
	23312 :	01100001;
	23311 :	11110101;
	23310 :	10110100;
	23309 :	11110101;
	23308 :	10110100;
	23307 :	11110110;
	23306 :	10110100;
	23305 :	00110111;
	23304 :	10110101;
	23303 :	00110111;
	23302 :	10110101;
	23301 :	00110111;
	23300 :	10110101;
	23299 :	00110111;
	23298 :	10110101;
	23297 :	01111000;
	23296 :	10110101;
	23295 :	01111000;
	23294 :	10110101;
	23293 :	01111000;
	23292 :	10110101;
	23291 :	01111000;
	23290 :	10110101;
	23289 :	00110111;
	23288 :	10110101;
	23287 :	00110111;
	23286 :	10101101;
	23285 :	00010101;
	23284 :	10101101;
	23283 :	00010101;
	23282 :	10101101;
	23281 :	00010101;
	23280 :	10101101;
	23279 :	00110111;
	23278 :	10101101;
	23277 :	11110110;
	23276 :	10110100;
	23275 :	00110111;
	23274 :	10110101;
	23273 :	00110111;
	23272 :	10110101;
	23271 :	01011000;
	23270 :	10101101;
	23269 :	01111000;
	23268 :	11000101;
	23267 :	10111001;
	23266 :	11000101;
	23265 :	10111001;
	23264 :	11000101;
	23263 :	11111010;
	23262 :	11000101;
	23261 :	10111001;
	23260 :	11000101;
	23259 :	10111001;
	23258 :	11000101;
	23257 :	00011001;
	23256 :	11001110;
	23255 :	10110111;
	23254 :	11000101;
	23253 :	10110111;
	23252 :	11000101;
	23251 :	10110111;
	23250 :	11000101;
	23249 :	10000101;
	23248 :	01001001;
	23247 :	01100100;
	23246 :	00110001;
	23245 :	00100010;
	23244 :	00101001;
	23243 :	00000010;
	23242 :	00011001;
	23241 :	00000010;
	23240 :	00011001;
	23239 :	01100100;
	23238 :	00110001;
	23237 :	11100100;
	23236 :	00101000;
	23235 :	01100100;
	23234 :	00110001;
	23233 :	00100010;
	23232 :	00101001;
	23231 :	01100100;
	23230 :	00110001;
	23229 :	00100010;
	23228 :	00101001;
	23227 :	01100100;
	23226 :	00110001;
	23225 :	00100010;
	23224 :	00101001;
	23223 :	00000010;
	23222 :	00011001;
	23221 :	01100100;
	23220 :	00110001;
	23219 :	10000101;
	23218 :	01001001;
	23217 :	01100100;
	23216 :	00110001;
	23215 :	01100100;
	23214 :	00110001;
	23213 :	00100010;
	23212 :	00101001;
	23211 :	00100010;
	23210 :	00101001;
	23209 :	00100010;
	23208 :	00101001;
	23207 :	00100010;
	23206 :	00101001;
	23205 :	00000010;
	23204 :	00011001;
	23203 :	00100010;
	23202 :	00101001;
	23201 :	11000001;
	23200 :	00100000;
	23199 :	11000001;
	23198 :	00100000;
	23197 :	00000010;
	23196 :	00011001;
	23195 :	00100010;
	23194 :	00101001;
	23193 :	00100010;
	23192 :	00101001;
	23191 :	00100010;
	23190 :	00101001;
	23189 :	00100010;
	23188 :	00101001;
	23187 :	00100010;
	23186 :	00101001;
	23185 :	01100100;
	23184 :	00110001;
	23183 :	00100010;
	23182 :	00101001;
	23181 :	10000011;
	23180 :	01000001;
	23179 :	01100100;
	23178 :	00110001;
	23177 :	01100100;
	23176 :	00110001;
	23175 :	01100100;
	23174 :	00110001;
	23173 :	10000011;
	23172 :	01000001;
	23171 :	00100010;
	23170 :	00101001;
	23169 :	01100100;
	23168 :	00110001;
	23167 :	10000011;
	23166 :	01000001;
	23165 :	01100100;
	23164 :	00110001;
	23163 :	01100100;
	23162 :	00110001;
	23161 :	01100100;
	23160 :	00110001;
	23159 :	01100100;
	23158 :	00110001;
	23157 :	01100100;
	23156 :	00110001;
	23155 :	01100100;
	23154 :	00110001;
	23153 :	01100100;
	23152 :	00110001;
	23151 :	00100010;
	23150 :	00101001;
	23149 :	11000001;
	23148 :	00100000;
	23147 :	11000001;
	23146 :	00100000;
	23145 :	11000001;
	23144 :	00100000;
	23143 :	00100010;
	23142 :	00101001;
	23141 :	00100010;
	23140 :	00101001;
	23139 :	01101001;
	23138 :	01011010;
	23137 :	00101111;
	23136 :	10010100;
	23135 :	10010010;
	23134 :	10101100;
	23133 :	10010010;
	23132 :	10101100;
	23131 :	10010100;
	23130 :	10111101;
	23129 :	01101100;
	23128 :	01111011;
	23127 :	01110010;
	23126 :	10010100;
	23125 :	01110010;
	23124 :	10010100;
	23123 :	01110010;
	23122 :	10010100;
	23121 :	00101111;
	23120 :	10010100;
	23119 :	00010011;
	23118 :	10110101;
	23117 :	00101111;
	23116 :	10010100;
	23115 :	00010011;
	23114 :	10110101;
	23113 :	00010011;
	23112 :	10110101;
	23111 :	10101101;
	23110 :	10001011;
	23109 :	10000011;
	23108 :	01000001;
	23107 :	00100010;
	23106 :	00101001;
	23105 :	00100010;
	23104 :	00101001;
	23103 :	10000011;
	23102 :	01000001;
	23101 :	00100010;
	23100 :	00101001;
	23099 :	00100010;
	23098 :	00101001;
	23097 :	10000011;
	23096 :	01000001;
	23095 :	00100010;
	23094 :	00101001;
	23093 :	00100010;
	23092 :	00101001;
	23091 :	10000011;
	23090 :	01000001;
	23089 :	00100010;
	23088 :	00101001;
	23087 :	10000011;
	23086 :	01000001;
	23085 :	00100010;
	23084 :	00101001;
	23083 :	00100010;
	23082 :	00101001;
	23081 :	00100010;
	23080 :	00101001;
	23079 :	00100010;
	23078 :	00101001;
	23077 :	00100010;
	23076 :	00101001;
	23075 :	00100010;
	23074 :	00101001;
	23073 :	10000011;
	23072 :	01000001;
	23071 :	00100010;
	23070 :	00101001;
	23069 :	00100010;
	23068 :	00101001;
	23067 :	00100010;
	23066 :	00101001;
	23065 :	01000011;
	23064 :	01000001;
	23063 :	01000011;
	23062 :	01000001;
	23061 :	01000011;
	23060 :	01000001;
	23059 :	01000011;
	23058 :	01010001;
	23057 :	10100101;
	23056 :	01100001;
	23055 :	11110110;
	23054 :	10110100;
	23053 :	11110110;
	23052 :	10110100;
	23051 :	11110110;
	23050 :	10110100;
	23049 :	10010100;
	23048 :	10111101;
	23047 :	00110111;
	23046 :	10110101;
	23045 :	00110111;
	23044 :	10110101;
	23043 :	01111000;
	23042 :	10110101;
	23041 :	00110111;
	23040 :	10110101;
	23039 :	00110111;
	23038 :	10101101;
	23037 :	00110111;
	23036 :	10110101;
	23035 :	00110111;
	23034 :	10110101;
	23033 :	00110111;
	23032 :	10101101;
	23031 :	00010101;
	23030 :	10101101;
	23029 :	00110111;
	23028 :	10101101;
	23027 :	00010101;
	23026 :	10101101;
	23025 :	11110110;
	23024 :	10110100;
	23023 :	00110111;
	23022 :	10110101;
	23021 :	00110111;
	23020 :	10101101;
	23019 :	00110111;
	23018 :	10110101;
	23017 :	00110111;
	23016 :	10110101;
	23015 :	01011000;
	23014 :	10101101;
	23013 :	10111001;
	23012 :	11000101;
	23011 :	10111001;
	23010 :	11000101;
	23009 :	11111010;
	23008 :	11000101;
	23007 :	11111010;
	23006 :	11010101;
	23005 :	10111001;
	23004 :	11000101;
	23003 :	10110111;
	23002 :	11000101;
	23001 :	00011001;
	23000 :	11001110;
	22999 :	00011001;
	22998 :	11001110;
	22997 :	00011001;
	22996 :	11001110;
	22995 :	01110010;
	22994 :	10010100;
	22993 :	10000101;
	22992 :	01001001;
	22991 :	01100100;
	22990 :	00110001;
	22989 :	00100010;
	22988 :	00101001;
	22987 :	00100010;
	22986 :	00101001;
	22985 :	00100010;
	22984 :	00101001;
	22983 :	00100010;
	22982 :	00101001;
	22981 :	01100100;
	22980 :	00110001;
	22979 :	01100100;
	22978 :	00110001;
	22977 :	01100100;
	22976 :	00110001;
	22975 :	11100100;
	22974 :	00101000;
	22973 :	00100010;
	22972 :	00101001;
	22971 :	01100100;
	22970 :	00110001;
	22969 :	00100010;
	22968 :	00101001;
	22967 :	00100010;
	22966 :	00101001;
	22965 :	01100100;
	22964 :	00110001;
	22963 :	01100100;
	22962 :	00110001;
	22961 :	01100100;
	22960 :	00110001;
	22959 :	01100100;
	22958 :	00110001;
	22957 :	00100010;
	22956 :	00101001;
	22955 :	00100010;
	22954 :	00101001;
	22953 :	00100010;
	22952 :	00101001;
	22951 :	00100010;
	22950 :	00101001;
	22949 :	11000001;
	22948 :	00100000;
	22947 :	00100010;
	22946 :	00101001;
	22945 :	11000001;
	22944 :	00100000;
	22943 :	00000010;
	22942 :	00011001;
	22941 :	00100010;
	22940 :	00101001;
	22939 :	01100100;
	22938 :	00110001;
	22937 :	00100010;
	22936 :	00101001;
	22935 :	00100010;
	22934 :	00101001;
	22933 :	00000010;
	22932 :	00011001;
	22931 :	00100010;
	22930 :	00101001;
	22929 :	00100010;
	22928 :	00101001;
	22927 :	01100100;
	22926 :	00110001;
	22925 :	01100100;
	22924 :	00110001;
	22923 :	01100100;
	22922 :	00110001;
	22921 :	01100100;
	22920 :	00110001;
	22919 :	01100100;
	22918 :	00110001;
	22917 :	01100100;
	22916 :	00110001;
	22915 :	01100100;
	22914 :	00110001;
	22913 :	01100100;
	22912 :	00110001;
	22911 :	01100100;
	22910 :	00110001;
	22909 :	01100100;
	22908 :	00110001;
	22907 :	01100100;
	22906 :	00110001;
	22905 :	00100010;
	22904 :	00101001;
	22903 :	10000011;
	22902 :	01000001;
	22901 :	01100100;
	22900 :	00110001;
	22899 :	01100100;
	22898 :	00110001;
	22897 :	01100100;
	22896 :	00110001;
	22895 :	01100100;
	22894 :	00110001;
	22893 :	10010010;
	22892 :	10101100;
	22891 :	10010010;
	22890 :	10101100;
	22889 :	10101101;
	22888 :	10001011;
	22887 :	00100111;
	22886 :	01010010;
	22885 :	10000101;
	22884 :	01001001;
	22883 :	00100010;
	22882 :	00101001;
	22881 :	00100010;
	22880 :	00101001;
	22879 :	01100100;
	22878 :	00110001;
	22877 :	01100100;
	22876 :	00110001;
	22875 :	00100010;
	22874 :	00101001;
	22873 :	01110010;
	22872 :	10010100;
	22871 :	01110010;
	22870 :	10010100;
	22869 :	01110010;
	22868 :	10010100;
	22867 :	00101111;
	22866 :	10010100;
	22865 :	00101111;
	22864 :	10010100;
	22863 :	00101111;
	22862 :	10010100;
	22861 :	10101101;
	22860 :	10001011;
	22859 :	10101101;
	22858 :	10001011;
	22857 :	01001001;
	22856 :	10000011;
	22855 :	01101001;
	22854 :	01011010;
	22853 :	00100010;
	22852 :	00101001;
	22851 :	00100010;
	22850 :	00101001;
	22849 :	00100010;
	22848 :	00101001;
	22847 :	00100010;
	22846 :	00101001;
	22845 :	00100010;
	22844 :	00101001;
	22843 :	00100010;
	22842 :	00101001;
	22841 :	00100010;
	22840 :	00101001;
	22839 :	00100010;
	22838 :	00101001;
	22837 :	10000011;
	22836 :	01000001;
	22835 :	00100010;
	22834 :	00101001;
	22833 :	00100010;
	22832 :	00101001;
	22831 :	00100010;
	22830 :	00101001;
	22829 :	00100010;
	22828 :	00101001;
	22827 :	00100010;
	22826 :	00101001;
	22825 :	00100010;
	22824 :	00101001;
	22823 :	00000001;
	22822 :	01001001;
	22821 :	00100010;
	22820 :	00101001;
	22819 :	10000011;
	22818 :	01000001;
	22817 :	00100010;
	22816 :	00101001;
	22815 :	00100010;
	22814 :	00101001;
	22813 :	00000001;
	22812 :	01001001;
	22811 :	00100010;
	22810 :	00101001;
	22809 :	01000011;
	22808 :	01000001;
	22807 :	01000011;
	22806 :	01000001;
	22805 :	01000011;
	22804 :	01000001;
	22803 :	10000101;
	22802 :	01001001;
	22801 :	01100101;
	22800 :	01100001;
	22799 :	00110101;
	22798 :	10110101;
	22797 :	00110111;
	22796 :	10110101;
	22795 :	00110101;
	22794 :	10110101;
	22793 :	00110111;
	22792 :	10110101;
	22791 :	01111000;
	22790 :	10110101;
	22789 :	00110111;
	22788 :	10110101;
	22787 :	01111000;
	22786 :	10110101;
	22785 :	01111000;
	22784 :	11000101;
	22783 :	00110111;
	22782 :	10110101;
	22781 :	01111000;
	22780 :	10110101;
	22779 :	00110111;
	22778 :	10101101;
	22777 :	00110111;
	22776 :	10101101;
	22775 :	00110111;
	22774 :	10101101;
	22773 :	00010110;
	22772 :	10011101;
	22771 :	00110111;
	22770 :	10101101;
	22769 :	00110111;
	22768 :	10101101;
	22767 :	00110111;
	22766 :	10101101;
	22765 :	00110111;
	22764 :	10110101;
	22763 :	00110111;
	22762 :	10101101;
	22761 :	00110111;
	22760 :	10110101;
	22759 :	00110111;
	22758 :	10110101;
	22757 :	00110111;
	22756 :	10110101;
	22755 :	00011011;
	22754 :	11000110;
	22753 :	10111001;
	22752 :	11000101;
	22751 :	11111010;
	22750 :	11000101;
	22749 :	00011001;
	22748 :	11001110;
	22747 :	00011001;
	22746 :	11001110;
	22745 :	10111001;
	22744 :	11000101;
	22743 :	10111001;
	22742 :	11000101;
	22741 :	10110111;
	22740 :	11000101;
	22739 :	11001000;
	22738 :	01001001;
	22737 :	01100100;
	22736 :	00110001;
	22735 :	01100100;
	22734 :	00110001;
	22733 :	01100100;
	22732 :	00110001;
	22731 :	00000010;
	22730 :	00011001;
	22729 :	00100010;
	22728 :	00101001;
	22727 :	01100100;
	22726 :	00110001;
	22725 :	00100010;
	22724 :	00101001;
	22723 :	01100100;
	22722 :	00110001;
	22721 :	11100100;
	22720 :	00101000;
	22719 :	01000011;
	22718 :	01000001;
	22717 :	00100010;
	22716 :	00101001;
	22715 :	01000011;
	22714 :	01000001;
	22713 :	01100100;
	22712 :	00110001;
	22711 :	00000010;
	22710 :	00011001;
	22709 :	01100100;
	22708 :	00110001;
	22707 :	01100100;
	22706 :	00110001;
	22705 :	01100100;
	22704 :	00110001;
	22703 :	00100010;
	22702 :	00101001;
	22701 :	01100100;
	22700 :	00110001;
	22699 :	00100010;
	22698 :	00101001;
	22697 :	00100010;
	22696 :	00101001;
	22695 :	00100010;
	22694 :	00101001;
	22693 :	00100010;
	22692 :	00101001;
	22691 :	00000010;
	22690 :	00011001;
	22689 :	00100010;
	22688 :	00101001;
	22687 :	11000001;
	22686 :	00100000;
	22685 :	00100010;
	22684 :	00101001;
	22683 :	00100010;
	22682 :	00101001;
	22681 :	01100100;
	22680 :	00110001;
	22679 :	00100010;
	22678 :	00101001;
	22677 :	00100010;
	22676 :	00101001;
	22675 :	00100010;
	22674 :	00101001;
	22673 :	00100010;
	22672 :	00101001;
	22671 :	01100100;
	22670 :	00110001;
	22669 :	01100100;
	22668 :	00110001;
	22667 :	01100100;
	22666 :	00110001;
	22665 :	01100100;
	22664 :	00110001;
	22663 :	01100100;
	22662 :	00110001;
	22661 :	01100100;
	22660 :	00110001;
	22659 :	01100100;
	22658 :	00110001;
	22657 :	10000011;
	22656 :	01000001;
	22655 :	01100100;
	22654 :	00110001;
	22653 :	01100100;
	22652 :	00110001;
	22651 :	01100100;
	22650 :	00110001;
	22649 :	01100100;
	22648 :	00110001;
	22647 :	01100100;
	22646 :	00110001;
	22645 :	00100010;
	22644 :	00101001;
	22643 :	01100100;
	22642 :	00110001;
	22641 :	01100100;
	22640 :	00110001;
	22639 :	10000011;
	22638 :	01000001;
	22637 :	00010011;
	22636 :	10110101;
	22635 :	00010011;
	22634 :	10110101;
	22633 :	00110101;
	22632 :	10110101;
	22631 :	00010011;
	22630 :	10110101;
	22629 :	00010011;
	22628 :	10110101;
	22627 :	00010011;
	22626 :	10110101;
	22625 :	00010011;
	22624 :	10110101;
	22623 :	10010010;
	22622 :	10101100;
	22621 :	00101111;
	22620 :	10010100;
	22619 :	00101011;
	22618 :	01110011;
	22617 :	00101111;
	22616 :	10010100;
	22615 :	01110010;
	22614 :	10010100;
	22613 :	00010011;
	22612 :	10110101;
	22611 :	01110010;
	22610 :	10010100;
	22609 :	10010010;
	22608 :	10101100;
	22607 :	00100010;
	22606 :	00101001;
	22605 :	00100010;
	22604 :	00101001;
	22603 :	00100010;
	22602 :	00101001;
	22601 :	00100010;
	22600 :	00101001;
	22599 :	00000010;
	22598 :	00011001;
	22597 :	10000011;
	22596 :	01000001;
	22595 :	00100010;
	22594 :	00101001;
	22593 :	00100010;
	22592 :	00101001;
	22591 :	00100010;
	22590 :	00101001;
	22589 :	10000011;
	22588 :	01000001;
	22587 :	00100010;
	22586 :	00101001;
	22585 :	00100010;
	22584 :	00101001;
	22583 :	00100010;
	22582 :	00101001;
	22581 :	00100010;
	22580 :	00101001;
	22579 :	00100010;
	22578 :	00101001;
	22577 :	00100010;
	22576 :	00101001;
	22575 :	00100010;
	22574 :	00101001;
	22573 :	00100010;
	22572 :	00101001;
	22571 :	00000001;
	22570 :	01001001;
	22569 :	00100010;
	22568 :	00101001;
	22567 :	10000011;
	22566 :	01000001;
	22565 :	00100010;
	22564 :	00101001;
	22563 :	00100010;
	22562 :	00101001;
	22561 :	10000011;
	22560 :	01000001;
	22559 :	00100010;
	22558 :	00101001;
	22557 :	01000011;
	22556 :	01000001;
	22555 :	00100010;
	22554 :	00101001;
	22553 :	01000011;
	22552 :	01000001;
	22551 :	01000011;
	22550 :	01010001;
	22549 :	00000001;
	22548 :	01001001;
	22547 :	10000101;
	22546 :	01001001;
	22545 :	10100110;
	22544 :	01101001;
	22543 :	01010110;
	22542 :	11000101;
	22541 :	01010110;
	22540 :	11000101;
	22539 :	10010111;
	22538 :	10111101;
	22537 :	00110111;
	22536 :	10110101;
	22535 :	10010111;
	22534 :	10111101;
	22533 :	10010111;
	22532 :	10111101;
	22531 :	01111000;
	22530 :	11000101;
	22529 :	10011001;
	22528 :	10110101;
	22527 :	01011000;
	22526 :	10101101;
	22525 :	01011000;
	22524 :	10101101;
	22523 :	00110111;
	22522 :	10101101;
	22521 :	00110111;
	22520 :	10101101;
	22519 :	00010101;
	22518 :	10101101;
	22517 :	00110111;
	22516 :	10101101;
	22515 :	00010101;
	22514 :	10101101;
	22513 :	11110110;
	22512 :	10110100;
	22511 :	00110111;
	22510 :	10101101;
	22509 :	11110110;
	22508 :	10110100;
	22507 :	00110111;
	22506 :	10110101;
	22505 :	00110111;
	22504 :	10110101;
	22503 :	01011000;
	22502 :	10101101;
	22501 :	00110111;
	22500 :	10110101;
	22499 :	00110111;
	22498 :	10110101;
	22497 :	10110111;
	22496 :	11000101;
	22495 :	00111001;
	22494 :	11011110;
	22493 :	11111010;
	22492 :	11000101;
	22491 :	10111001;
	22490 :	11000101;
	22489 :	10111001;
	22488 :	11000101;
	22487 :	10111001;
	22486 :	11000101;
	22485 :	00011001;
	22484 :	11001110;
	22483 :	00100111;
	22482 :	01010010;
	22481 :	01101001;
	22480 :	00111001;
	22479 :	01100100;
	22478 :	00110001;
	22477 :	01100100;
	22476 :	00110001;
	22475 :	01100100;
	22474 :	00110001;
	22473 :	01100100;
	22472 :	00110001;
	22471 :	11100100;
	22470 :	00101000;
	22469 :	00000010;
	22468 :	00011001;
	22467 :	00100010;
	22466 :	00101001;
	22465 :	00100010;
	22464 :	00101001;
	22463 :	01100100;
	22462 :	00110001;
	22461 :	01100100;
	22460 :	00110001;
	22459 :	01100100;
	22458 :	00110001;
	22457 :	01100100;
	22456 :	00110001;
	22455 :	11000001;
	22454 :	00100000;
	22453 :	01100100;
	22452 :	00110001;
	22451 :	01100100;
	22450 :	00110001;
	22449 :	01100100;
	22448 :	00110001;
	22447 :	00100010;
	22446 :	00101001;
	22445 :	01100100;
	22444 :	00110001;
	22443 :	00100010;
	22442 :	00101001;
	22441 :	00100010;
	22440 :	00101001;
	22439 :	00000010;
	22438 :	00011001;
	22437 :	00100010;
	22436 :	00101001;
	22435 :	11000001;
	22434 :	00100000;
	22433 :	00100010;
	22432 :	00101001;
	22431 :	00000010;
	22430 :	00011001;
	22429 :	01100100;
	22428 :	00110001;
	22427 :	00100010;
	22426 :	00101001;
	22425 :	00100010;
	22424 :	00101001;
	22423 :	00000010;
	22422 :	00011001;
	22421 :	00100010;
	22420 :	00101001;
	22419 :	00100010;
	22418 :	00101001;
	22417 :	00100010;
	22416 :	00101001;
	22415 :	01100100;
	22414 :	00110001;
	22413 :	01100100;
	22412 :	00110001;
	22411 :	10000011;
	22410 :	01000001;
	22409 :	01100100;
	22408 :	00110001;
	22407 :	01100100;
	22406 :	00110001;
	22405 :	01100100;
	22404 :	00110001;
	22403 :	01100100;
	22402 :	00110001;
	22401 :	01100100;
	22400 :	00110001;
	22399 :	00100010;
	22398 :	00101001;
	22397 :	01100100;
	22396 :	00110001;
	22395 :	01100100;
	22394 :	00110001;
	22393 :	01100100;
	22392 :	00110001;
	22391 :	01100100;
	22390 :	00110001;
	22389 :	01100100;
	22388 :	00110001;
	22387 :	01100100;
	22386 :	00110001;
	22385 :	01100100;
	22384 :	00110001;
	22383 :	00100010;
	22382 :	00101001;
	22381 :	01100100;
	22380 :	00110001;
	22379 :	01100100;
	22378 :	00110001;
	22377 :	10000101;
	22376 :	01001001;
	22375 :	10101001;
	22374 :	01101010;
	22373 :	10101101;
	22372 :	10001011;
	22371 :	10010010;
	22370 :	10101100;
	22369 :	10010100;
	22368 :	10111101;
	22367 :	10010100;
	22366 :	10111101;
	22365 :	10010100;
	22364 :	10111101;
	22363 :	10010010;
	22362 :	10101100;
	22361 :	00101111;
	22360 :	10010100;
	22359 :	00101111;
	22358 :	10010100;
	22357 :	00101111;
	22356 :	10010100;
	22355 :	10101101;
	22354 :	10001011;
	22353 :	10010010;
	22352 :	10101100;
	22351 :	00001111;
	22350 :	11001101;
	22349 :	10010010;
	22348 :	10101100;
	22347 :	00001111;
	22346 :	11001101;
	22345 :	10010010;
	22344 :	10101100;
	22343 :	00101011;
	22342 :	01110011;
	22341 :	10000011;
	22340 :	01000001;
	22339 :	00100010;
	22338 :	00101001;
	22337 :	10000011;
	22336 :	01000001;
	22335 :	00100010;
	22334 :	00101001;
	22333 :	00100010;
	22332 :	00101001;
	22331 :	00100010;
	22330 :	00101001;
	22329 :	10000011;
	22328 :	01000001;
	22327 :	00100010;
	22326 :	00101001;
	22325 :	00100010;
	22324 :	00101001;
	22323 :	00000001;
	22322 :	01001001;
	22321 :	10000011;
	22320 :	01000001;
	22319 :	00100010;
	22318 :	00101001;
	22317 :	00100010;
	22316 :	00101001;
	22315 :	00100010;
	22314 :	00101001;
	22313 :	10000011;
	22312 :	01000001;
	22311 :	00100010;
	22310 :	00101001;
	22309 :	00100010;
	22308 :	00101001;
	22307 :	10000011;
	22306 :	01000001;
	22305 :	00100010;
	22304 :	00101001;
	22303 :	10000011;
	22302 :	01000001;
	22301 :	00100010;
	22300 :	00101001;
	22299 :	01000011;
	22298 :	01000001;
	22297 :	01000011;
	22296 :	01000001;
	22295 :	00100010;
	22294 :	00101001;
	22293 :	10000101;
	22292 :	01001001;
	22291 :	01000011;
	22290 :	01010001;
	22289 :	01100110;
	22288 :	01101001;
	22287 :	01010110;
	22286 :	11000101;
	22285 :	00110111;
	22284 :	10110101;
	22283 :	00110111;
	22282 :	10110101;
	22281 :	01010110;
	22280 :	11000101;
	22279 :	00110111;
	22278 :	10110101;
	22277 :	01111000;
	22276 :	11000101;
	22275 :	10010111;
	22274 :	10111101;
	22273 :	10010111;
	22272 :	10111101;
	22271 :	00110111;
	22270 :	10101101;
	22269 :	00110111;
	22268 :	10101101;
	22267 :	00110111;
	22266 :	10101101;
	22265 :	00110111;
	22264 :	10101101;
	22263 :	00110111;
	22262 :	10101101;
	22261 :	00010101;
	22260 :	10101101;
	22259 :	00110111;
	22258 :	10101101;
	22257 :	00010101;
	22256 :	10101101;
	22255 :	00110111;
	22254 :	10101101;
	22253 :	00110111;
	22252 :	10101101;
	22251 :	00110111;
	22250 :	10110101;
	22249 :	00110111;
	22248 :	10110101;
	22247 :	00110111;
	22246 :	10101101;
	22245 :	00110111;
	22244 :	10110101;
	22243 :	00110111;
	22242 :	10101101;
	22241 :	01111000;
	22240 :	11000101;
	22239 :	10010111;
	22238 :	10111101;
	22237 :	10110111;
	22236 :	11000101;
	22235 :	00011001;
	22234 :	11001110;
	22233 :	10111001;
	22232 :	11000101;
	22231 :	10111001;
	22230 :	11000101;
	22229 :	00110101;
	22228 :	10110101;
	22227 :	11001000;
	22226 :	01001001;
	22225 :	10000101;
	22224 :	01001001;
	22223 :	01100100;
	22222 :	00110001;
	22221 :	01100100;
	22220 :	00110001;
	22219 :	01100100;
	22218 :	00110001;
	22217 :	01100100;
	22216 :	00110001;
	22215 :	01100100;
	22214 :	00110001;
	22213 :	01100100;
	22212 :	00110001;
	22211 :	11100100;
	22210 :	00101000;
	22209 :	00100010;
	22208 :	00101001;
	22207 :	01100100;
	22206 :	00110001;
	22205 :	01100100;
	22204 :	00110001;
	22203 :	01100100;
	22202 :	00110001;
	22201 :	01100100;
	22200 :	00110001;
	22199 :	00100010;
	22198 :	00101001;
	22197 :	01100100;
	22196 :	00110001;
	22195 :	01100100;
	22194 :	00110001;
	22193 :	01100100;
	22192 :	00110001;
	22191 :	00100010;
	22190 :	00101001;
	22189 :	01100100;
	22188 :	00110001;
	22187 :	00100010;
	22186 :	00101001;
	22185 :	00000010;
	22184 :	00011001;
	22183 :	00100010;
	22182 :	00101001;
	22181 :	00100010;
	22180 :	00101001;
	22179 :	00100010;
	22178 :	00101001;
	22177 :	00100010;
	22176 :	00101001;
	22175 :	00100010;
	22174 :	00101001;
	22173 :	01100100;
	22172 :	00110001;
	22171 :	00100010;
	22170 :	00101001;
	22169 :	00100010;
	22168 :	00101001;
	22167 :	01100100;
	22166 :	00110001;
	22165 :	00100010;
	22164 :	00101001;
	22163 :	00100010;
	22162 :	00101001;
	22161 :	00100010;
	22160 :	00101001;
	22159 :	01100100;
	22158 :	00110001;
	22157 :	01100100;
	22156 :	00110001;
	22155 :	01100100;
	22154 :	00110001;
	22153 :	01100100;
	22152 :	00110001;
	22151 :	01100100;
	22150 :	00110001;
	22149 :	01100100;
	22148 :	00110001;
	22147 :	00100010;
	22146 :	00101001;
	22145 :	01100100;
	22144 :	00110001;
	22143 :	01100100;
	22142 :	00110001;
	22141 :	01100100;
	22140 :	00110001;
	22139 :	01100100;
	22138 :	00110001;
	22137 :	10000011;
	22136 :	01000001;
	22135 :	01100100;
	22134 :	00110001;
	22133 :	10000101;
	22132 :	01001001;
	22131 :	01100100;
	22130 :	00110001;
	22129 :	01100100;
	22128 :	00110001;
	22127 :	00101111;
	22126 :	10010100;
	22125 :	10101101;
	22124 :	10001011;
	22123 :	00100111;
	22122 :	01010010;
	22121 :	10000101;
	22120 :	01001001;
	22119 :	00100010;
	22118 :	00101001;
	22117 :	01100100;
	22116 :	00110001;
	22115 :	01100100;
	22114 :	00110001;
	22113 :	10000101;
	22112 :	01001001;
	22111 :	01100100;
	22110 :	00110001;
	22109 :	00100111;
	22108 :	01010010;
	22107 :	10101001;
	22106 :	01101010;
	22105 :	01101001;
	22104 :	01011010;
	22103 :	10101001;
	22102 :	01101010;
	22101 :	10101001;
	22100 :	01101010;
	22099 :	01101001;
	22098 :	01011010;
	22097 :	00101011;
	22096 :	01110011;
	22095 :	10101101;
	22094 :	10001011;
	22093 :	00101111;
	22092 :	10010100;
	22091 :	00101111;
	22090 :	10010100;
	22089 :	00010011;
	22088 :	10110101;
	22087 :	01001001;
	22086 :	10000011;
	22085 :	00100010;
	22084 :	00101001;
	22083 :	00100010;
	22082 :	00101001;
	22081 :	00100010;
	22080 :	00101001;
	22079 :	10000011;
	22078 :	01000001;
	22077 :	00100010;
	22076 :	00101001;
	22075 :	00100010;
	22074 :	00101001;
	22073 :	00100010;
	22072 :	00101001;
	22071 :	00100010;
	22070 :	00101001;
	22069 :	00100010;
	22068 :	00101001;
	22067 :	00100010;
	22066 :	00101001;
	22065 :	00100010;
	22064 :	00101001;
	22063 :	00100010;
	22062 :	00101001;
	22061 :	10000011;
	22060 :	01000001;
	22059 :	00100010;
	22058 :	00101001;
	22057 :	00100010;
	22056 :	00101001;
	22055 :	10000011;
	22054 :	01000001;
	22053 :	00100010;
	22052 :	00101001;
	22051 :	00100010;
	22050 :	00101001;
	22049 :	10000011;
	22048 :	01000001;
	22047 :	00100010;
	22046 :	00101001;
	22045 :	01000011;
	22044 :	01000001;
	22043 :	00100010;
	22042 :	00101001;
	22041 :	01000011;
	22040 :	01000001;
	22039 :	01000011;
	22038 :	01000001;
	22037 :	01000011;
	22036 :	01000001;
	22035 :	10000011;
	22034 :	01011001;
	22033 :	10100110;
	22032 :	01101001;
	22031 :	00110101;
	22030 :	11000101;
	22029 :	01010110;
	22028 :	11000101;
	22027 :	00110111;
	22026 :	10110101;
	22025 :	01111000;
	22024 :	11000101;
	22023 :	00110111;
	22022 :	10110101;
	22021 :	01111000;
	22020 :	10110101;
	22019 :	10011001;
	22018 :	10110101;
	22017 :	10010111;
	22016 :	10111101;
	22015 :	10011001;
	22014 :	10101101;
	22013 :	00110111;
	22012 :	10101101;
	22011 :	00110111;
	22010 :	10101101;
	22009 :	00110111;
	22008 :	10101101;
	22007 :	00110111;
	22006 :	10101101;
	22005 :	00110111;
	22004 :	10101101;
	22003 :	00110111;
	22002 :	10101101;
	22001 :	00010101;
	22000 :	10101101;
	21999 :	00110111;
	21998 :	10101101;
	21997 :	00110111;
	21996 :	10101101;
	21995 :	00010101;
	21994 :	10101101;
	21993 :	00010101;
	21992 :	10101101;
	21991 :	00110111;
	21990 :	10101101;
	21989 :	00110111;
	21988 :	10101101;
	21987 :	00110111;
	21986 :	10110101;
	21985 :	10111001;
	21984 :	11000101;
	21983 :	00111011;
	21982 :	11010110;
	21981 :	11111010;
	21980 :	11010101;
	21979 :	11111010;
	21978 :	11000101;
	21977 :	10111001;
	21976 :	11000101;
	21975 :	00011011;
	21974 :	11000110;
	21973 :	10010111;
	21972 :	10111101;
	21971 :	11001101;
	21970 :	01101010;
	21969 :	00100111;
	21968 :	01010010;
	21967 :	01100100;
	21966 :	00110001;
	21965 :	10000101;
	21964 :	01001001;
	21963 :	01100100;
	21962 :	00110001;
	21961 :	01100100;
	21960 :	00110001;
	21959 :	01100100;
	21958 :	00110001;
	21957 :	00100010;
	21956 :	00101001;
	21955 :	01100100;
	21954 :	00110001;
	21953 :	00100010;
	21952 :	00101001;
	21951 :	01100100;
	21950 :	00110001;
	21949 :	01100100;
	21948 :	00110001;
	21947 :	00100010;
	21946 :	00101001;
	21945 :	11100100;
	21944 :	00101000;
	21943 :	00100010;
	21942 :	00101001;
	21941 :	10000101;
	21940 :	01001001;
	21939 :	01100100;
	21938 :	00110001;
	21937 :	01100100;
	21936 :	00110001;
	21935 :	00100010;
	21934 :	00101001;
	21933 :	01100100;
	21932 :	00110001;
	21931 :	00100010;
	21930 :	00101001;
	21929 :	00100010;
	21928 :	00101001;
	21927 :	00100010;
	21926 :	00101001;
	21925 :	00000010;
	21924 :	00011001;
	21923 :	11000001;
	21922 :	00100000;
	21921 :	00100010;
	21920 :	00101001;
	21919 :	00100010;
	21918 :	00101001;
	21917 :	00100010;
	21916 :	00101001;
	21915 :	00100010;
	21914 :	00101001;
	21913 :	01100100;
	21912 :	00110001;
	21911 :	00100010;
	21910 :	00101001;
	21909 :	00100010;
	21908 :	00101001;
	21907 :	01100100;
	21906 :	00110001;
	21905 :	00100010;
	21904 :	00101001;
	21903 :	01100100;
	21902 :	00110001;
	21901 :	10000011;
	21900 :	01000001;
	21899 :	01100100;
	21898 :	00110001;
	21897 :	01100100;
	21896 :	00110001;
	21895 :	10000011;
	21894 :	01000001;
	21893 :	00100010;
	21892 :	00101001;
	21891 :	01100100;
	21890 :	00110001;
	21889 :	00100010;
	21888 :	00101001;
	21887 :	01100100;
	21886 :	00110001;
	21885 :	01100100;
	21884 :	00110001;
	21883 :	01100100;
	21882 :	00110001;
	21881 :	01100100;
	21880 :	00110001;
	21879 :	01100100;
	21878 :	00110001;
	21877 :	10000011;
	21876 :	01000001;
	21875 :	01100100;
	21874 :	00110001;
	21873 :	01100100;
	21872 :	00110001;
	21871 :	00010011;
	21870 :	10110101;
	21869 :	00110101;
	21868 :	10110101;
	21867 :	00010011;
	21866 :	10110101;
	21865 :	00010011;
	21864 :	10110101;
	21863 :	10010100;
	21862 :	10111101;
	21861 :	10010100;
	21860 :	10111101;
	21859 :	10010010;
	21858 :	10101100;
	21857 :	10101101;
	21856 :	10001011;
	21855 :	10101001;
	21854 :	01101010;
	21853 :	01101001;
	21852 :	01011010;
	21851 :	00101011;
	21850 :	01110011;
	21849 :	01101100;
	21848 :	01111011;
	21847 :	10101101;
	21846 :	10001011;
	21845 :	10101101;
	21844 :	10001011;
	21843 :	00101011;
	21842 :	10000011;
	21841 :	00101011;
	21840 :	01110011;
	21839 :	01001001;
	21838 :	10000011;
	21837 :	00101011;
	21836 :	01110011;
	21835 :	01001001;
	21834 :	10000011;
	21833 :	10000011;
	21832 :	01000001;
	21831 :	00100010;
	21830 :	00101001;
	21829 :	00100010;
	21828 :	00101001;
	21827 :	00100010;
	21826 :	00101001;
	21825 :	00100010;
	21824 :	00101001;
	21823 :	00100010;
	21822 :	00101001;
	21821 :	00100010;
	21820 :	00101001;
	21819 :	10000011;
	21818 :	01000001;
	21817 :	00100010;
	21816 :	00101001;
	21815 :	00100010;
	21814 :	00101001;
	21813 :	00000001;
	21812 :	01001001;
	21811 :	10000011;
	21810 :	01000001;
	21809 :	00100010;
	21808 :	00101001;
	21807 :	00100010;
	21806 :	00101001;
	21805 :	00100010;
	21804 :	00101001;
	21803 :	10000011;
	21802 :	01000001;
	21801 :	00100010;
	21800 :	00101001;
	21799 :	00100010;
	21798 :	00101001;
	21797 :	00000001;
	21796 :	01001001;
	21795 :	10000011;
	21794 :	01000001;
	21793 :	00100010;
	21792 :	00101001;
	21791 :	10000011;
	21790 :	01000001;
	21789 :	10000011;
	21788 :	01000001;
	21787 :	01000011;
	21786 :	01000001;
	21785 :	01000011;
	21784 :	01000001;
	21783 :	10000011;
	21782 :	01000001;
	21781 :	01000011;
	21780 :	01010001;
	21779 :	10000101;
	21778 :	01001001;
	21777 :	01100110;
	21776 :	01101001;
	21775 :	11110110;
	21774 :	10110100;
	21773 :	01010110;
	21772 :	11000101;
	21771 :	00110111;
	21770 :	10110101;
	21769 :	01111000;
	21768 :	10110101;
	21767 :	01111000;
	21766 :	10110101;
	21765 :	01111000;
	21764 :	11000101;
	21763 :	01111000;
	21762 :	11000101;
	21761 :	10011001;
	21760 :	10110101;
	21759 :	00110111;
	21758 :	10101101;
	21757 :	01011000;
	21756 :	10101101;
	21755 :	00110111;
	21754 :	10101101;
	21753 :	00110111;
	21752 :	10101101;
	21751 :	00010110;
	21750 :	10011101;
	21749 :	00110111;
	21748 :	10101101;
	21747 :	11110110;
	21746 :	10100100;
	21745 :	00110111;
	21744 :	10101101;
	21743 :	00010101;
	21742 :	10101101;
	21741 :	00110111;
	21740 :	10101101;
	21739 :	00010101;
	21738 :	10101101;
	21737 :	00110111;
	21736 :	10101101;
	21735 :	00110111;
	21734 :	10110101;
	21733 :	00110111;
	21732 :	10101101;
	21731 :	00110111;
	21730 :	10101101;
	21729 :	01111000;
	21728 :	10110101;
	21727 :	10111001;
	21726 :	11000101;
	21725 :	10111001;
	21724 :	11000101;
	21723 :	10111001;
	21722 :	11000101;
	21721 :	10111001;
	21720 :	11000101;
	21719 :	10111001;
	21718 :	11000101;
	21717 :	11111010;
	21716 :	11010101;
	21715 :	10010100;
	21714 :	10111101;
	21713 :	11001000;
	21712 :	01001001;
	21711 :	10000101;
	21710 :	01001001;
	21709 :	01100100;
	21708 :	00110001;
	21707 :	01100100;
	21706 :	00110001;
	21705 :	01100100;
	21704 :	00110001;
	21703 :	01100100;
	21702 :	00110001;
	21701 :	00100010;
	21700 :	00101001;
	21699 :	01100100;
	21698 :	00110001;
	21697 :	00100010;
	21696 :	00101001;
	21695 :	01100100;
	21694 :	00110001;
	21693 :	00100010;
	21692 :	00101001;
	21691 :	01100100;
	21690 :	00110001;
	21689 :	00100010;
	21688 :	00101001;
	21687 :	00100010;
	21686 :	00101001;
	21685 :	01100100;
	21684 :	00110001;
	21683 :	01100100;
	21682 :	00110001;
	21681 :	01100100;
	21680 :	00110001;
	21679 :	00100010;
	21678 :	00101001;
	21677 :	00100010;
	21676 :	00101001;
	21675 :	00100010;
	21674 :	00101001;
	21673 :	11000001;
	21672 :	00100000;
	21671 :	00100010;
	21670 :	00101001;
	21669 :	00100010;
	21668 :	00101001;
	21667 :	00100010;
	21666 :	00101001;
	21665 :	00000010;
	21664 :	00011001;
	21663 :	10000011;
	21662 :	01000001;
	21661 :	01100100;
	21660 :	00110001;
	21659 :	00100010;
	21658 :	00101001;
	21657 :	00100010;
	21656 :	00101001;
	21655 :	01100100;
	21654 :	00110001;
	21653 :	01100100;
	21652 :	00110001;
	21651 :	00100010;
	21650 :	00101001;
	21649 :	01100100;
	21648 :	00110001;
	21647 :	00100010;
	21646 :	00101001;
	21645 :	01100100;
	21644 :	00110001;
	21643 :	01100100;
	21642 :	00110001;
	21641 :	01100100;
	21640 :	00110001;
	21639 :	01100100;
	21638 :	00110001;
	21637 :	01100100;
	21636 :	00110001;
	21635 :	00100010;
	21634 :	00101001;
	21633 :	01100100;
	21632 :	00110001;
	21631 :	01100100;
	21630 :	00110001;
	21629 :	01100100;
	21628 :	00110001;
	21627 :	10000011;
	21626 :	01000001;
	21625 :	01100100;
	21624 :	00110001;
	21623 :	01100100;
	21622 :	00110001;
	21621 :	01100100;
	21620 :	00110001;
	21619 :	01100100;
	21618 :	00110001;
	21617 :	11100100;
	21616 :	00101000;
	21615 :	00100010;
	21614 :	00101001;
	21613 :	00100110;
	21612 :	01101010;
	21611 :	10010010;
	21610 :	10101100;
	21609 :	10010100;
	21608 :	10111101;
	21607 :	10010101;
	21606 :	11000101;
	21605 :	10110111;
	21604 :	11010101;
	21603 :	10010101;
	21602 :	11000101;
	21601 :	10010101;
	21600 :	11000101;
	21599 :	10010100;
	21598 :	10111101;
	21597 :	00010101;
	21596 :	10101101;
	21595 :	00010011;
	21594 :	10110101;
	21593 :	10010100;
	21592 :	10111101;
	21591 :	00010011;
	21590 :	10110101;
	21589 :	10010100;
	21588 :	10111101;
	21587 :	00010011;
	21586 :	10110101;
	21585 :	00010011;
	21584 :	10110101;
	21583 :	00101111;
	21582 :	10010100;
	21581 :	10101101;
	21580 :	10001011;
	21579 :	01001001;
	21578 :	10000011;
	21577 :	00100111;
	21576 :	01010010;
	21575 :	00000010;
	21574 :	00011001;
	21573 :	10000011;
	21572 :	01000001;
	21571 :	00100010;
	21570 :	00101001;
	21569 :	10000011;
	21568 :	01000001;
	21567 :	00100010;
	21566 :	00101001;
	21565 :	00100010;
	21564 :	00101001;
	21563 :	00100010;
	21562 :	00101001;
	21561 :	00100010;
	21560 :	00101001;
	21559 :	10000011;
	21558 :	01000001;
	21557 :	00100010;
	21556 :	00101001;
	21555 :	00100010;
	21554 :	00101001;
	21553 :	00100010;
	21552 :	00101001;
	21551 :	00100010;
	21550 :	00101001;
	21549 :	00100010;
	21548 :	00101001;
	21547 :	00100010;
	21546 :	00101001;
	21545 :	10000011;
	21544 :	01000001;
	21543 :	00100010;
	21542 :	00101001;
	21541 :	10000011;
	21540 :	01000001;
	21539 :	00100010;
	21538 :	00101001;
	21537 :	10000011;
	21536 :	01000001;
	21535 :	00100010;
	21534 :	00101001;
	21533 :	01000011;
	21532 :	01000001;
	21531 :	01100100;
	21530 :	00110001;
	21529 :	10000011;
	21528 :	01000001;
	21527 :	01000011;
	21526 :	01000001;
	21525 :	01000011;
	21524 :	01000001;
	21523 :	01100101;
	21522 :	01100001;
	21521 :	01100110;
	21520 :	01101001;
	21519 :	11110101;
	21518 :	10110100;
	21517 :	11110110;
	21516 :	10110100;
	21515 :	10010100;
	21514 :	10111101;
	21513 :	01111000;
	21512 :	10110101;
	21511 :	01111000;
	21510 :	10110101;
	21509 :	01111000;
	21508 :	10110101;
	21507 :	01111000;
	21506 :	11000101;
	21505 :	10111001;
	21504 :	11000101;
	21503 :	10011101;
	21502 :	11001110;
	21501 :	00011101;
	21500 :	11011111;
	21499 :	00110111;
	21498 :	10101101;
	21497 :	00110111;
	21496 :	10101101;
	21495 :	00110111;
	21494 :	10101101;
	21493 :	00110111;
	21492 :	10101101;
	21491 :	00110111;
	21490 :	10101101;
	21489 :	00010101;
	21488 :	10101101;
	21487 :	00110111;
	21486 :	10101101;
	21485 :	00110111;
	21484 :	10101101;
	21483 :	00110111;
	21482 :	10101101;
	21481 :	00010101;
	21480 :	10101101;
	21479 :	00110111;
	21478 :	10101101;
	21477 :	11110110;
	21476 :	10110100;
	21475 :	00110111;
	21474 :	10110101;
	21473 :	00110111;
	21472 :	10110101;
	21471 :	00011001;
	21470 :	10111110;
	21469 :	10111001;
	21468 :	11000101;
	21467 :	11111010;
	21466 :	11000101;
	21465 :	10111001;
	21464 :	11000101;
	21463 :	11111010;
	21462 :	11000101;
	21461 :	10110111;
	21460 :	11000101;
	21459 :	00011001;
	21458 :	11001110;
	21457 :	01101001;
	21456 :	01011010;
	21455 :	01100100;
	21454 :	00110001;
	21453 :	10000101;
	21452 :	01001001;
	21451 :	01100100;
	21450 :	00110001;
	21449 :	01100100;
	21448 :	00110001;
	21447 :	01100100;
	21446 :	00110001;
	21445 :	01100100;
	21444 :	00110001;
	21443 :	10000101;
	21442 :	01001001;
	21441 :	01100100;
	21440 :	00110001;
	21439 :	01100100;
	21438 :	00110001;
	21437 :	01100100;
	21436 :	00110001;
	21435 :	01100100;
	21434 :	00110001;
	21433 :	00100010;
	21432 :	00101001;
	21431 :	01100100;
	21430 :	00110001;
	21429 :	10000011;
	21428 :	01000001;
	21427 :	01100100;
	21426 :	00110001;
	21425 :	01100100;
	21424 :	00110001;
	21423 :	01100100;
	21422 :	00110001;
	21421 :	00100010;
	21420 :	00101001;
	21419 :	00100010;
	21418 :	00101001;
	21417 :	00100010;
	21416 :	00101001;
	21415 :	00000010;
	21414 :	00011001;
	21413 :	00100010;
	21412 :	00101001;
	21411 :	00000010;
	21410 :	00011001;
	21409 :	00100010;
	21408 :	00101001;
	21407 :	01100100;
	21406 :	00110001;
	21405 :	01100100;
	21404 :	00110001;
	21403 :	01100100;
	21402 :	00110001;
	21401 :	11100100;
	21400 :	00101000;
	21399 :	00100010;
	21398 :	00101001;
	21397 :	00100010;
	21396 :	00101001;
	21395 :	01100100;
	21394 :	00110001;
	21393 :	00100010;
	21392 :	00101001;
	21391 :	01100100;
	21390 :	00110001;
	21389 :	00100010;
	21388 :	00101001;
	21387 :	00100010;
	21386 :	00101001;
	21385 :	01100100;
	21384 :	00110001;
	21383 :	10000011;
	21382 :	01000001;
	21381 :	00100010;
	21380 :	00101001;
	21379 :	01100100;
	21378 :	00110001;
	21377 :	01100100;
	21376 :	00110001;
	21375 :	10000011;
	21374 :	01000001;
	21373 :	01100100;
	21372 :	00110001;
	21371 :	01100100;
	21370 :	00110001;
	21369 :	01100100;
	21368 :	00110001;
	21367 :	01100100;
	21366 :	00110001;
	21365 :	01100100;
	21364 :	00110001;
	21363 :	00100010;
	21362 :	00101001;
	21361 :	01000011;
	21360 :	01000001;
	21359 :	00100010;
	21358 :	00101001;
	21357 :	00100010;
	21356 :	00101001;
	21355 :	00100010;
	21354 :	00101001;
	21353 :	01000011;
	21352 :	01000001;
	21351 :	10000011;
	21350 :	01000001;
	21349 :	10000011;
	21348 :	01000001;
	21347 :	01101001;
	21346 :	01011010;
	21345 :	01101100;
	21344 :	01111011;
	21343 :	01101100;
	21342 :	01111011;
	21341 :	00101111;
	21340 :	10010100;
	21339 :	01101100;
	21338 :	01111011;
	21337 :	01101100;
	21336 :	01111011;
	21335 :	00101011;
	21334 :	01110011;
	21333 :	00101011;
	21332 :	01110011;
	21331 :	00101011;
	21330 :	01110011;
	21329 :	00101011;
	21328 :	01110011;
	21327 :	01101100;
	21326 :	01111011;
	21325 :	01001001;
	21324 :	10000011;
	21323 :	10010010;
	21322 :	10101100;
	21321 :	00101111;
	21320 :	10010100;
	21319 :	00101111;
	21318 :	10010100;
	21317 :	10000011;
	21316 :	01000001;
	21315 :	00100010;
	21314 :	00101001;
	21313 :	10000011;
	21312 :	01000001;
	21311 :	00100010;
	21310 :	00101001;
	21309 :	00100010;
	21308 :	00101001;
	21307 :	00100010;
	21306 :	00101001;
	21305 :	00100010;
	21304 :	00101001;
	21303 :	00100010;
	21302 :	00101001;
	21301 :	00100010;
	21300 :	00101001;
	21299 :	00100010;
	21298 :	00101001;
	21297 :	00000001;
	21296 :	01001001;
	21295 :	00100010;
	21294 :	00101001;
	21293 :	10000011;
	21292 :	01000001;
	21291 :	00100010;
	21290 :	00101001;
	21289 :	00100010;
	21288 :	00101001;
	21287 :	10000011;
	21286 :	01000001;
	21285 :	00100010;
	21284 :	00101001;
	21283 :	00100010;
	21282 :	00101001;
	21281 :	10000011;
	21280 :	01000001;
	21279 :	10000011;
	21278 :	01000001;
	21277 :	00100010;
	21276 :	00101001;
	21275 :	01000011;
	21274 :	01000001;
	21273 :	01000011;
	21272 :	01000001;
	21271 :	01000011;
	21270 :	01000001;
	21269 :	10000101;
	21268 :	01001001;
	21267 :	01100101;
	21266 :	01100001;
	21265 :	01100110;
	21264 :	01101001;
	21263 :	11110110;
	21262 :	10110100;
	21261 :	01010110;
	21260 :	11000101;
	21259 :	00110111;
	21258 :	10110101;
	21257 :	01111000;
	21256 :	10110101;
	21255 :	01111000;
	21254 :	10110101;
	21253 :	01111000;
	21252 :	11000101;
	21251 :	10011001;
	21250 :	10110101;
	21249 :	10011001;
	21248 :	10110101;
	21247 :	11011110;
	21246 :	11011110;
	21245 :	00011011;
	21244 :	11000110;
	21243 :	00011001;
	21242 :	10111110;
	21241 :	01011000;
	21240 :	10101101;
	21239 :	00110111;
	21238 :	10101101;
	21237 :	00110111;
	21236 :	10101101;
	21235 :	00110111;
	21234 :	10101101;
	21233 :	00110111;
	21232 :	10101101;
	21231 :	00010101;
	21230 :	10101101;
	21229 :	00110111;
	21228 :	10101101;
	21227 :	00010101;
	21226 :	10101101;
	21225 :	00110111;
	21224 :	10101101;
	21223 :	00110111;
	21222 :	10110101;
	21221 :	00110111;
	21220 :	10110101;
	21219 :	00010101;
	21218 :	10101101;
	21217 :	00110111;
	21216 :	10101101;
	21215 :	01111000;
	21214 :	11000101;
	21213 :	10111001;
	21212 :	11000101;
	21211 :	10110111;
	21210 :	11000101;
	21209 :	10110111;
	21208 :	11000101;
	21207 :	10110111;
	21206 :	11000101;
	21205 :	00011001;
	21204 :	11001110;
	21203 :	01111000;
	21202 :	10110101;
	21201 :	10010100;
	21200 :	10111101;
	21199 :	10000101;
	21198 :	01001001;
	21197 :	01101001;
	21196 :	00111001;
	21195 :	01100100;
	21194 :	00110001;
	21193 :	00100111;
	21192 :	01010010;
	21191 :	01100100;
	21190 :	00110001;
	21189 :	01100100;
	21188 :	00110001;
	21187 :	01100100;
	21186 :	00110001;
	21185 :	01100100;
	21184 :	00110001;
	21183 :	01100100;
	21182 :	00110001;
	21181 :	00100010;
	21180 :	00101001;
	21179 :	01100100;
	21178 :	00110001;
	21177 :	00100010;
	21176 :	00101001;
	21175 :	01100100;
	21174 :	00110001;
	21173 :	01100100;
	21172 :	00110001;
	21171 :	01100100;
	21170 :	00110001;
	21169 :	01100100;
	21168 :	00110001;
	21167 :	00100010;
	21166 :	00101001;
	21165 :	00100010;
	21164 :	00101001;
	21163 :	00100010;
	21162 :	00101001;
	21161 :	00000010;
	21160 :	00011001;
	21159 :	00100010;
	21158 :	00101001;
	21157 :	00100010;
	21156 :	00101001;
	21155 :	00100010;
	21154 :	00101001;
	21153 :	00100010;
	21152 :	00101001;
	21151 :	01100100;
	21150 :	00110001;
	21149 :	01100100;
	21148 :	00110001;
	21147 :	01100100;
	21146 :	00110001;
	21145 :	00100010;
	21144 :	00101001;
	21143 :	01100100;
	21142 :	00110001;
	21141 :	00100010;
	21140 :	00101001;
	21139 :	01100100;
	21138 :	00110001;
	21137 :	00100010;
	21136 :	00101001;
	21135 :	01100100;
	21134 :	00110001;
	21133 :	01100100;
	21132 :	00110001;
	21131 :	00100010;
	21130 :	00101001;
	21129 :	00100010;
	21128 :	00101001;
	21127 :	01100100;
	21126 :	00110001;
	21125 :	00100010;
	21124 :	00101001;
	21123 :	01100100;
	21122 :	00110001;
	21121 :	01100100;
	21120 :	00110001;
	21119 :	01100100;
	21118 :	00110001;
	21117 :	01100100;
	21116 :	00110001;
	21115 :	01100100;
	21114 :	00110001;
	21113 :	01100100;
	21112 :	00110001;
	21111 :	01100100;
	21110 :	00110001;
	21109 :	10000101;
	21108 :	01001001;
	21107 :	01100100;
	21106 :	00110001;
	21105 :	10010010;
	21104 :	10101100;
	21103 :	10010100;
	21102 :	10111101;
	21101 :	00110010;
	21100 :	11001101;
	21099 :	00010011;
	21098 :	10110101;
	21097 :	10010010;
	21096 :	10101100;
	21095 :	01101100;
	21094 :	01111011;
	21093 :	00100111;
	21092 :	01010010;
	21091 :	01100100;
	21090 :	00110001;
	21089 :	01100100;
	21088 :	00110001;
	21087 :	00100010;
	21086 :	00101001;
	21085 :	10101101;
	21084 :	10001011;
	21083 :	01101100;
	21082 :	01111011;
	21081 :	01101100;
	21080 :	01111011;
	21079 :	01101100;
	21078 :	01111011;
	21077 :	00101011;
	21076 :	01110011;
	21075 :	00101011;
	21074 :	01110011;
	21073 :	01101100;
	21072 :	01111011;
	21071 :	00101011;
	21070 :	01110011;
	21069 :	00101011;
	21068 :	01110011;
	21067 :	00001111;
	21066 :	11001101;
	21065 :	10101101;
	21064 :	10001011;
	21063 :	01101100;
	21062 :	01111011;
	21061 :	00100010;
	21060 :	00101001;
	21059 :	00100010;
	21058 :	00101001;
	21057 :	00100010;
	21056 :	00101001;
	21055 :	10000011;
	21054 :	01000001;
	21053 :	00100010;
	21052 :	00101001;
	21051 :	10000011;
	21050 :	01000001;
	21049 :	00100010;
	21048 :	00101001;
	21047 :	00100010;
	21046 :	00101001;
	21045 :	00100010;
	21044 :	00101001;
	21043 :	00000001;
	21042 :	01001001;
	21041 :	10000011;
	21040 :	01000001;
	21039 :	00100010;
	21038 :	00101001;
	21037 :	00100010;
	21036 :	00101001;
	21035 :	00100010;
	21034 :	00101001;
	21033 :	10000011;
	21032 :	01000001;
	21031 :	00100010;
	21030 :	00101001;
	21029 :	10000011;
	21028 :	01000001;
	21027 :	00100010;
	21026 :	00101001;
	21025 :	10000011;
	21024 :	01000001;
	21023 :	10000011;
	21022 :	01000001;
	21021 :	01000011;
	21020 :	01000001;
	21019 :	01000011;
	21018 :	01000001;
	21017 :	01000011;
	21016 :	01000001;
	21015 :	01000011;
	21014 :	01000001;
	21013 :	01000011;
	21012 :	01010001;
	21011 :	01100101;
	21010 :	01100001;
	21009 :	11001000;
	21008 :	01101001;
	21007 :	11110110;
	21006 :	10110100;
	21005 :	00110111;
	21004 :	10110101;
	21003 :	00110111;
	21002 :	10110101;
	21001 :	00110111;
	21000 :	10110101;
	20999 :	00110111;
	20998 :	10110101;
	20997 :	01111000;
	20996 :	10110101;
	20995 :	10010111;
	20994 :	10111101;
	20993 :	10010111;
	20992 :	10111101;
	20991 :	10011101;
	20990 :	11001110;
	20989 :	10011101;
	20988 :	11001110;
	20987 :	00011011;
	20986 :	11000110;
	20985 :	00011011;
	20984 :	10111110;
	20983 :	10010111;
	20982 :	10111101;
	20981 :	00110111;
	20980 :	10101101;
	20979 :	00110111;
	20978 :	10101101;
	20977 :	00110111;
	20976 :	10101101;
	20975 :	00110111;
	20974 :	10101101;
	20973 :	01111100;
	20972 :	11010110;
	20971 :	01111100;
	20970 :	11010110;
	20969 :	00110111;
	20968 :	10101101;
	20967 :	00010101;
	20966 :	10101101;
	20965 :	00110111;
	20964 :	10101101;
	20963 :	00110111;
	20962 :	10101101;
	20961 :	11110110;
	20960 :	10110100;
	20959 :	00110111;
	20958 :	10110101;
	20957 :	10010111;
	20956 :	10111101;
	20955 :	01111000;
	20954 :	10110101;
	20953 :	10010111;
	20952 :	10111101;
	20951 :	00110111;
	20950 :	10110101;
	20949 :	10010111;
	20948 :	10111101;
	20947 :	00110111;
	20946 :	10110101;
	20945 :	00011001;
	20944 :	11001110;
	20943 :	00100111;
	20942 :	01010010;
	20941 :	00100111;
	20940 :	01010010;
	20939 :	01100100;
	20938 :	00110001;
	20937 :	01101001;
	20936 :	00111001;
	20935 :	01100100;
	20934 :	00110001;
	20933 :	01100100;
	20932 :	00110001;
	20931 :	01100100;
	20930 :	00110001;
	20929 :	01100100;
	20928 :	00110001;
	20927 :	01100100;
	20926 :	00110001;
	20925 :	01100100;
	20924 :	00110001;
	20923 :	11100100;
	20922 :	00101000;
	20921 :	00100010;
	20920 :	00101001;
	20919 :	01100100;
	20918 :	00110001;
	20917 :	01100100;
	20916 :	00110001;
	20915 :	01100100;
	20914 :	00110001;
	20913 :	00100010;
	20912 :	00101001;
	20911 :	01100100;
	20910 :	00110001;
	20909 :	01100100;
	20908 :	00110001;
	20907 :	00100010;
	20906 :	00101001;
	20905 :	00000010;
	20904 :	00011001;
	20903 :	00100010;
	20902 :	00101001;
	20901 :	00000010;
	20900 :	00011001;
	20899 :	00100010;
	20898 :	00101001;
	20897 :	01100100;
	20896 :	00110001;
	20895 :	01100100;
	20894 :	00110001;
	20893 :	00100010;
	20892 :	00101001;
	20891 :	01100100;
	20890 :	00110001;
	20889 :	00100010;
	20888 :	00101001;
	20887 :	01100100;
	20886 :	00110001;
	20885 :	00100010;
	20884 :	00101001;
	20883 :	01100100;
	20882 :	00110001;
	20881 :	00100010;
	20880 :	00101001;
	20879 :	00100010;
	20878 :	00101001;
	20877 :	00100010;
	20876 :	00101001;
	20875 :	01100100;
	20874 :	00110001;
	20873 :	00100010;
	20872 :	00101001;
	20871 :	01100100;
	20870 :	00110001;
	20869 :	10000011;
	20868 :	01000001;
	20867 :	01100100;
	20866 :	00110001;
	20865 :	01100100;
	20864 :	00110001;
	20863 :	01100100;
	20862 :	00110001;
	20861 :	01100100;
	20860 :	00110001;
	20859 :	01100100;
	20858 :	00110001;
	20857 :	01100100;
	20856 :	00110001;
	20855 :	10000101;
	20854 :	01001001;
	20853 :	10000101;
	20852 :	01001001;
	20851 :	10000011;
	20850 :	01000001;
	20849 :	10010010;
	20848 :	10101100;
	20847 :	00110101;
	20846 :	10110101;
	20845 :	00110101;
	20844 :	11000101;
	20843 :	00010110;
	20842 :	11011110;
	20841 :	00010110;
	20840 :	11011110;
	20839 :	10010101;
	20838 :	11000101;
	20837 :	10110111;
	20836 :	11010101;
	20835 :	10010101;
	20834 :	11000101;
	20833 :	10010101;
	20832 :	11000101;
	20831 :	10010100;
	20830 :	10111101;
	20829 :	10010000;
	20828 :	01111011;
	20827 :	00101111;
	20826 :	10010100;
	20825 :	01101100;
	20824 :	01111011;
	20823 :	00101011;
	20822 :	01110011;
	20821 :	00101011;
	20820 :	01110011;
	20819 :	00101011;
	20818 :	01110011;
	20817 :	00101011;
	20816 :	01110011;
	20815 :	00101011;
	20814 :	01110011;
	20813 :	01001001;
	20812 :	10000011;
	20811 :	00010011;
	20810 :	10110101;
	20809 :	10000011;
	20808 :	01000001;
	20807 :	00100010;
	20806 :	00101001;
	20805 :	00100010;
	20804 :	00101001;
	20803 :	00100010;
	20802 :	00101001;
	20801 :	10000011;
	20800 :	01000001;
	20799 :	10000011;
	20798 :	01000001;
	20797 :	10000011;
	20796 :	01000001;
	20795 :	00100010;
	20794 :	00101001;
	20793 :	00100010;
	20792 :	00101001;
	20791 :	00000001;
	20790 :	01001001;
	20789 :	10000011;
	20788 :	01000001;
	20787 :	00100010;
	20786 :	00101001;
	20785 :	00100010;
	20784 :	00101001;
	20783 :	00100010;
	20782 :	00101001;
	20781 :	10000011;
	20780 :	01000001;
	20779 :	00100010;
	20778 :	00101001;
	20777 :	00100010;
	20776 :	00101001;
	20775 :	00100010;
	20774 :	00101001;
	20773 :	01000011;
	20772 :	01000001;
	20771 :	01100100;
	20770 :	00110001;
	20769 :	10000011;
	20768 :	01000001;
	20767 :	10000011;
	20766 :	01000001;
	20765 :	01000011;
	20764 :	01000001;
	20763 :	10000101;
	20762 :	01001001;
	20761 :	01000011;
	20760 :	01000001;
	20759 :	10000101;
	20758 :	01001001;
	20757 :	01000011;
	20756 :	01010001;
	20755 :	01100101;
	20754 :	01100001;
	20753 :	11001000;
	20752 :	01101001;
	20751 :	11110110;
	20750 :	10110100;
	20749 :	00110111;
	20748 :	10110101;
	20747 :	00110111;
	20746 :	10110101;
	20745 :	00110111;
	20744 :	10110101;
	20743 :	01111000;
	20742 :	11000101;
	20741 :	00110111;
	20740 :	10110101;
	20739 :	01111000;
	20738 :	10110101;
	20737 :	01111000;
	20736 :	10110101;
	20735 :	10011101;
	20734 :	11001110;
	20733 :	00011011;
	20732 :	11000110;
	20731 :	01011000;
	20730 :	10101101;
	20729 :	00110111;
	20728 :	10101101;
	20727 :	00110111;
	20726 :	10101101;
	20725 :	00110111;
	20724 :	10101101;
	20723 :	00110111;
	20722 :	10101101;
	20721 :	00110111;
	20720 :	10101101;
	20719 :	00110111;
	20718 :	10101101;
	20717 :	00011011;
	20716 :	11000110;
	20715 :	00011011;
	20714 :	11000110;
	20713 :	01111000;
	20712 :	10110101;
	20711 :	00110111;
	20710 :	10110101;
	20709 :	00110111;
	20708 :	10101101;
	20707 :	00110111;
	20706 :	10101101;
	20705 :	00110111;
	20704 :	10110101;
	20703 :	11110110;
	20702 :	10100100;
	20701 :	00110111;
	20700 :	10110101;
	20699 :	00110111;
	20698 :	10110101;
	20697 :	00110101;
	20696 :	10110101;
	20695 :	00110111;
	20694 :	10110101;
	20693 :	00110101;
	20692 :	10110101;
	20691 :	01111000;
	20690 :	10110101;
	20689 :	10110111;
	20688 :	11000101;
	20687 :	00111001;
	20686 :	11011110;
	20685 :	00100111;
	20684 :	01010010;
	20683 :	01100100;
	20682 :	00110001;
	20681 :	01100100;
	20680 :	00110001;
	20679 :	01100100;
	20678 :	00110001;
	20677 :	01100100;
	20676 :	00110001;
	20675 :	01100100;
	20674 :	00110001;
	20673 :	01100100;
	20672 :	00110001;
	20671 :	01100100;
	20670 :	00110001;
	20669 :	01100100;
	20668 :	00110001;
	20667 :	01100100;
	20666 :	00110001;
	20665 :	00100010;
	20664 :	00101001;
	20663 :	01000011;
	20662 :	01000001;
	20661 :	01100100;
	20660 :	00110001;
	20659 :	01100100;
	20658 :	00110001;
	20657 :	01100100;
	20656 :	00110001;
	20655 :	00100010;
	20654 :	00101001;
	20653 :	01100100;
	20652 :	00110001;
	20651 :	00100010;
	20650 :	00101001;
	20649 :	00100010;
	20648 :	00101001;
	20647 :	00100010;
	20646 :	00101001;
	20645 :	00000010;
	20644 :	00011001;
	20643 :	00100010;
	20642 :	00101001;
	20641 :	01100100;
	20640 :	00110001;
	20639 :	01100100;
	20638 :	00110001;
	20637 :	01100100;
	20636 :	00110001;
	20635 :	00100010;
	20634 :	00101001;
	20633 :	00100010;
	20632 :	00101001;
	20631 :	00100010;
	20630 :	00101001;
	20629 :	00100010;
	20628 :	00101001;
	20627 :	00100010;
	20626 :	00101001;
	20625 :	01100100;
	20624 :	00110001;
	20623 :	00100010;
	20622 :	00101001;
	20621 :	01100100;
	20620 :	00110001;
	20619 :	00100010;
	20618 :	00101001;
	20617 :	00100010;
	20616 :	00101001;
	20615 :	01100100;
	20614 :	00110001;
	20613 :	01100100;
	20612 :	00110001;
	20611 :	01100100;
	20610 :	00110001;
	20609 :	01100100;
	20608 :	00110001;
	20607 :	01100100;
	20606 :	00110001;
	20605 :	01100100;
	20604 :	00110001;
	20603 :	01100100;
	20602 :	00110001;
	20601 :	10000101;
	20600 :	01001001;
	20599 :	01100100;
	20598 :	00110001;
	20597 :	01100100;
	20596 :	00110001;
	20595 :	00100010;
	20594 :	00101001;
	20593 :	11100100;
	20592 :	00101000;
	20591 :	10000011;
	20590 :	01000001;
	20589 :	11001000;
	20588 :	01001001;
	20587 :	10101001;
	20586 :	01101010;
	20585 :	01101100;
	20584 :	01111011;
	20583 :	10010010;
	20582 :	10101100;
	20581 :	10010010;
	20580 :	10101100;
	20579 :	10010010;
	20578 :	10101100;
	20577 :	10010010;
	20576 :	10101100;
	20575 :	11010100;
	20574 :	10100100;
	20573 :	01101100;
	20572 :	01111011;
	20571 :	00101111;
	20570 :	10010100;
	20569 :	01101100;
	20568 :	01111011;
	20567 :	01101100;
	20566 :	01111011;
	20565 :	00101011;
	20564 :	01110011;
	20563 :	00101011;
	20562 :	10000011;
	20561 :	00101011;
	20560 :	01110011;
	20559 :	00101011;
	20558 :	01110011;
	20557 :	00101011;
	20556 :	10000011;
	20555 :	00010011;
	20554 :	10110101;
	20553 :	00101111;
	20552 :	10010100;
	20551 :	10101001;
	20550 :	01101010;
	20549 :	00100010;
	20548 :	00101001;
	20547 :	00100010;
	20546 :	00101001;
	20545 :	10000011;
	20544 :	01000001;
	20543 :	10000011;
	20542 :	01011001;
	20541 :	00100010;
	20540 :	00101001;
	20539 :	00100010;
	20538 :	00101001;
	20537 :	10000011;
	20536 :	01000001;
	20535 :	00100010;
	20534 :	00101001;
	20533 :	00100010;
	20532 :	00101001;
	20531 :	10000011;
	20530 :	01000001;
	20529 :	00100010;
	20528 :	00101001;
	20527 :	00100010;
	20526 :	00101001;
	20525 :	00100010;
	20524 :	00101001;
	20523 :	00100010;
	20522 :	00101001;
	20521 :	00100010;
	20520 :	00101001;
	20519 :	01000011;
	20518 :	01000001;
	20517 :	10000011;
	20516 :	01000001;
	20515 :	01000011;
	20514 :	01000001;
	20513 :	10000011;
	20512 :	01000001;
	20511 :	10000011;
	20510 :	01000001;
	20509 :	01000011;
	20508 :	01000001;
	20507 :	01000011;
	20506 :	01000001;
	20505 :	10000101;
	20504 :	01001001;
	20503 :	01000011;
	20502 :	01000001;
	20501 :	10000101;
	20500 :	01001001;
	20499 :	01100110;
	20498 :	01101001;
	20497 :	11001000;
	20496 :	01101001;
	20495 :	11110110;
	20494 :	10110100;
	20493 :	00110111;
	20492 :	10101101;
	20491 :	01010110;
	20490 :	11000101;
	20489 :	01111000;
	20488 :	10110101;
	20487 :	00110111;
	20486 :	10110101;
	20485 :	10010111;
	20484 :	10111101;
	20483 :	01111000;
	20482 :	10110101;
	20481 :	01111000;
	20480 :	10110101;
	20479 :	00110111;
	20478 :	10101101;
	20477 :	10011001;
	20476 :	10101101;
	20475 :	00110111;
	20474 :	10101101;
	20473 :	00110111;
	20472 :	10101101;
	20471 :	00110111;
	20470 :	10101101;
	20469 :	00110111;
	20468 :	10101101;
	20467 :	00110111;
	20466 :	10101101;
	20465 :	00110111;
	20464 :	10101101;
	20463 :	01111000;
	20462 :	10110101;
	20461 :	00011001;
	20460 :	10111110;
	20459 :	01111100;
	20458 :	11010110;
	20457 :	10011011;
	20456 :	11010110;
	20455 :	00011011;
	20454 :	11000110;
	20453 :	10110111;
	20452 :	11000101;
	20451 :	11110110;
	20450 :	10100100;
	20449 :	11110110;
	20448 :	10100100;
	20447 :	11110110;
	20446 :	10110100;
	20445 :	11110110;
	20444 :	10110100;
	20443 :	00110111;
	20442 :	10101101;
	20441 :	11110110;
	20440 :	10110100;
	20439 :	00110111;
	20438 :	10110101;
	20437 :	00110111;
	20436 :	10101101;
	20435 :	01010110;
	20434 :	11000101;
	20433 :	10010111;
	20432 :	10111101;
	20431 :	00011001;
	20430 :	11001110;
	20429 :	11001000;
	20428 :	01001001;
	20427 :	00100111;
	20426 :	01010010;
	20425 :	01100100;
	20424 :	00110001;
	20423 :	01100100;
	20422 :	00110001;
	20421 :	00100111;
	20420 :	01010010;
	20419 :	01101001;
	20418 :	00111001;
	20417 :	01100100;
	20416 :	00110001;
	20415 :	10000101;
	20414 :	01001001;
	20413 :	01100100;
	20412 :	00110001;
	20411 :	11100100;
	20410 :	00101000;
	20409 :	00100010;
	20408 :	00101001;
	20407 :	01100100;
	20406 :	00110001;
	20405 :	01100100;
	20404 :	00110001;
	20403 :	01100100;
	20402 :	00110001;
	20401 :	01000011;
	20400 :	01000001;
	20399 :	01100100;
	20398 :	00110001;
	20397 :	00100010;
	20396 :	00101001;
	20395 :	01100100;
	20394 :	00110001;
	20393 :	00100010;
	20392 :	00101001;
	20391 :	00100010;
	20390 :	00101001;
	20389 :	00100010;
	20388 :	00101001;
	20387 :	01100100;
	20386 :	00110001;
	20385 :	00100010;
	20384 :	00101001;
	20383 :	01100100;
	20382 :	00110001;
	20381 :	00100010;
	20380 :	00101001;
	20379 :	01000011;
	20378 :	01000001;
	20377 :	01100100;
	20376 :	00110001;
	20375 :	01100100;
	20374 :	00110001;
	20373 :	01100100;
	20372 :	00110001;
	20371 :	00100010;
	20370 :	00101001;
	20369 :	00100010;
	20368 :	00101001;
	20367 :	00100010;
	20366 :	00101001;
	20365 :	00100010;
	20364 :	00101001;
	20363 :	00100010;
	20362 :	00101001;
	20361 :	01100100;
	20360 :	00110001;
	20359 :	01100100;
	20358 :	00110001;
	20357 :	01100100;
	20356 :	00110001;
	20355 :	01100100;
	20354 :	00110001;
	20353 :	01100100;
	20352 :	00110001;
	20351 :	10000101;
	20350 :	01001001;
	20349 :	01100100;
	20348 :	00110001;
	20347 :	10000101;
	20346 :	01001001;
	20345 :	01100100;
	20344 :	00110001;
	20343 :	10000101;
	20342 :	01001001;
	20341 :	10000101;
	20340 :	01001001;
	20339 :	01101100;
	20338 :	01111011;
	20337 :	11010100;
	20336 :	10100100;
	20335 :	10110111;
	20334 :	11000101;
	20333 :	00011001;
	20332 :	11001110;
	20331 :	10010111;
	20330 :	10111101;
	20329 :	10010010;
	20328 :	10101100;
	20327 :	11001000;
	20326 :	01001001;
	20325 :	10000011;
	20324 :	01000001;
	20323 :	11100100;
	20322 :	00101000;
	20321 :	00000010;
	20320 :	00011001;
	20319 :	10000101;
	20318 :	01001001;
	20317 :	10101101;
	20316 :	10001011;
	20315 :	00101111;
	20314 :	10010100;
	20313 :	01101100;
	20312 :	01111011;
	20311 :	00101011;
	20310 :	01110011;
	20309 :	00101011;
	20308 :	01110011;
	20307 :	01101100;
	20306 :	01111011;
	20305 :	00101011;
	20304 :	01110011;
	20303 :	01101100;
	20302 :	01111011;
	20301 :	00101011;
	20300 :	10000011;
	20299 :	00110010;
	20298 :	11001101;
	20297 :	00101111;
	20296 :	10010100;
	20295 :	10000111;
	20294 :	01111010;
	20293 :	10000011;
	20292 :	01000001;
	20291 :	00100010;
	20290 :	00101001;
	20289 :	10000011;
	20288 :	01000001;
	20287 :	00000101;
	20286 :	01101010;
	20285 :	10000011;
	20284 :	01000001;
	20283 :	10000011;
	20282 :	01000001;
	20281 :	00100010;
	20280 :	00101001;
	20279 :	10000011;
	20278 :	01000001;
	20277 :	00100010;
	20276 :	00101001;
	20275 :	00100010;
	20274 :	00101001;
	20273 :	00100010;
	20272 :	00101001;
	20271 :	00100010;
	20270 :	00101001;
	20269 :	00100010;
	20268 :	00101001;
	20267 :	00100010;
	20266 :	00101001;
	20265 :	01000011;
	20264 :	01000001;
	20263 :	01000011;
	20262 :	01000001;
	20261 :	01100100;
	20260 :	00110001;
	20259 :	10000011;
	20258 :	01000001;
	20257 :	10000011;
	20256 :	01000001;
	20255 :	10000011;
	20254 :	01000001;
	20253 :	10000011;
	20252 :	01000001;
	20251 :	01000011;
	20250 :	01000001;
	20249 :	01000011;
	20248 :	01000001;
	20247 :	10000011;
	20246 :	01000001;
	20245 :	10100101;
	20244 :	01100001;
	20243 :	10100110;
	20242 :	01101001;
	20241 :	11001000;
	20240 :	01101001;
	20239 :	00110111;
	20238 :	10110101;
	20237 :	00110111;
	20236 :	10110101;
	20235 :	00110111;
	20234 :	10110101;
	20233 :	00110111;
	20232 :	10110101;
	20231 :	01111000;
	20230 :	10110101;
	20229 :	00110111;
	20228 :	10110101;
	20227 :	01111000;
	20226 :	10110101;
	20225 :	00110111;
	20224 :	10110101;
	20223 :	00011011;
	20222 :	11000110;
	20221 :	00110111;
	20220 :	10101101;
	20219 :	00110111;
	20218 :	10101101;
	20217 :	00110111;
	20216 :	10101101;
	20215 :	00110111;
	20214 :	10101101;
	20213 :	00110111;
	20212 :	10101101;
	20211 :	00110111;
	20210 :	10101101;
	20209 :	00110111;
	20208 :	10101101;
	20207 :	01111100;
	20206 :	11010110;
	20205 :	10111101;
	20204 :	11010110;
	20203 :	11111010;
	20202 :	11000101;
	20201 :	00011001;
	20200 :	10111110;
	20199 :	00011011;
	20198 :	11000110;
	20197 :	11111010;
	20196 :	11000101;
	20195 :	01111000;
	20194 :	11000101;
	20193 :	11110110;
	20192 :	10110100;
	20191 :	11110110;
	20190 :	10100100;
	20189 :	00110111;
	20188 :	10110101;
	20187 :	11110110;
	20186 :	10110100;
	20185 :	00110111;
	20184 :	10101101;
	20183 :	01010110;
	20182 :	11000101;
	20181 :	00110111;
	20180 :	10110101;
	20179 :	01111000;
	20178 :	11000101;
	20177 :	10110111;
	20176 :	11000101;
	20175 :	10010111;
	20174 :	10111101;
	20173 :	11001000;
	20172 :	01001001;
	20171 :	11001000;
	20170 :	01001001;
	20169 :	00100111;
	20168 :	01010010;
	20167 :	01100100;
	20166 :	00110001;
	20165 :	01100100;
	20164 :	00110001;
	20163 :	01100100;
	20162 :	00110001;
	20161 :	10000101;
	20160 :	01001001;
	20159 :	10000101;
	20158 :	01001001;
	20157 :	01100100;
	20156 :	00110001;
	20155 :	00100010;
	20154 :	00101001;
	20153 :	00100010;
	20152 :	00101001;
	20151 :	01100100;
	20150 :	00110001;
	20149 :	00100010;
	20148 :	00101001;
	20147 :	01100100;
	20146 :	00110001;
	20145 :	01100100;
	20144 :	00110001;
	20143 :	00100010;
	20142 :	00101001;
	20141 :	01100100;
	20140 :	00110001;
	20139 :	00100010;
	20138 :	00101001;
	20137 :	00100010;
	20136 :	00101001;
	20135 :	00100010;
	20134 :	00101001;
	20133 :	00100010;
	20132 :	00101001;
	20131 :	01100100;
	20130 :	00110001;
	20129 :	01100100;
	20128 :	00110001;
	20127 :	01000011;
	20126 :	01000001;
	20125 :	01100100;
	20124 :	00110001;
	20123 :	01100100;
	20122 :	00110001;
	20121 :	00100010;
	20120 :	00101001;
	20119 :	00100010;
	20118 :	00101001;
	20117 :	00100010;
	20116 :	00101001;
	20115 :	01100100;
	20114 :	00110001;
	20113 :	00100010;
	20112 :	00101001;
	20111 :	01100100;
	20110 :	00110001;
	20109 :	00100010;
	20108 :	00101001;
	20107 :	10000011;
	20106 :	01000001;
	20105 :	01100100;
	20104 :	00110001;
	20103 :	01100100;
	20102 :	00110001;
	20101 :	01100100;
	20100 :	00110001;
	20099 :	01100100;
	20098 :	00110001;
	20097 :	01100100;
	20096 :	00110001;
	20095 :	01100100;
	20094 :	00110001;
	20093 :	01100100;
	20092 :	00110001;
	20091 :	10000101;
	20090 :	01001001;
	20089 :	01100100;
	20088 :	00110001;
	20087 :	01100100;
	20086 :	00110001;
	20085 :	10000101;
	20084 :	01001001;
	20083 :	11010000;
	20082 :	10001011;
	20081 :	01110010;
	20080 :	10010100;
	20079 :	10011001;
	20078 :	10110101;
	20077 :	10111001;
	20076 :	11000101;
	20075 :	10011001;
	20074 :	10110101;
	20073 :	00011001;
	20072 :	11001110;
	20071 :	11111010;
	20070 :	11000101;
	20069 :	11010000;
	20068 :	10001011;
	20067 :	00101111;
	20066 :	10010100;
	20065 :	10010010;
	20064 :	10101100;
	20063 :	10010010;
	20062 :	10101100;
	20061 :	01101100;
	20060 :	01111011;
	20059 :	00101111;
	20058 :	10010100;
	20057 :	01101100;
	20056 :	01111011;
	20055 :	00101011;
	20054 :	01110011;
	20053 :	00101011;
	20052 :	10000011;
	20051 :	01101100;
	20050 :	01111011;
	20049 :	01101100;
	20048 :	01111011;
	20047 :	00101011;
	20046 :	10000011;
	20045 :	00101011;
	20044 :	01110011;
	20043 :	10110100;
	20042 :	11100101;
	20041 :	10000011;
	20040 :	01011001;
	20039 :	00000001;
	20038 :	01001001;
	20037 :	11000001;
	20036 :	01000000;
	20035 :	00000001;
	20034 :	01001001;
	20033 :	00110001;
	20032 :	11001101;
	20031 :	00000101;
	20030 :	01101010;
	20029 :	10000101;
	20028 :	01001001;
	20027 :	10000011;
	20026 :	01000001;
	20025 :	10000011;
	20024 :	01000001;
	20023 :	00100010;
	20022 :	00101001;
	20021 :	00100010;
	20020 :	00101001;
	20019 :	01000011;
	20018 :	01000001;
	20017 :	00100010;
	20016 :	00101001;
	20015 :	01000011;
	20014 :	01000001;
	20013 :	00100010;
	20012 :	00101001;
	20011 :	01000011;
	20010 :	01000001;
	20009 :	01000011;
	20008 :	01000001;
	20007 :	01100100;
	20006 :	00110001;
	20005 :	01000011;
	20004 :	01010001;
	20003 :	01000011;
	20002 :	01000001;
	20001 :	01000011;
	20000 :	01000001;
	19999 :	10000011;
	19998 :	01000001;
	19997 :	01000011;
	19996 :	01010001;
	19995 :	01000011;
	19994 :	01010001;
	19993 :	10000101;
	19992 :	01001001;
	19991 :	10100101;
	19990 :	01100001;
	19989 :	01100110;
	19988 :	01101001;
	19987 :	01100110;
	19986 :	01101001;
	19985 :	11001101;
	19984 :	01101010;
	19983 :	00110111;
	19982 :	10110101;
	19981 :	00110111;
	19980 :	10101101;
	19979 :	01010110;
	19978 :	11000101;
	19977 :	01111000;
	19976 :	10110101;
	19975 :	01111000;
	19974 :	10110101;
	19973 :	01111000;
	19972 :	10110101;
	19971 :	00110111;
	19970 :	10110101;
	19969 :	01111000;
	19968 :	10110101;
	19967 :	00011011;
	19966 :	11000110;
	19965 :	00010110;
	19964 :	10011101;
	19963 :	00110111;
	19962 :	10101101;
	19961 :	00110111;
	19960 :	10101101;
	19959 :	00110111;
	19958 :	10101101;
	19957 :	01011000;
	19956 :	10101101;
	19955 :	00110111;
	19954 :	10101101;
	19953 :	00011011;
	19952 :	11000110;
	19951 :	10111101;
	19950 :	11010110;
	19949 :	10011011;
	19948 :	11010110;
	19947 :	00011011;
	19946 :	11000110;
	19945 :	00111011;
	19944 :	11010110;
	19943 :	00011001;
	19942 :	10111110;
	19941 :	00011011;
	19940 :	11000110;
	19939 :	01111000;
	19938 :	10110101;
	19937 :	11110110;
	19936 :	10110100;
	19935 :	01011000;
	19934 :	10101101;
	19933 :	11110110;
	19932 :	10110100;
	19931 :	00110111;
	19930 :	10110101;
	19929 :	01111000;
	19928 :	10110101;
	19927 :	10010111;
	19926 :	10111101;
	19925 :	01111000;
	19924 :	11000101;
	19923 :	00011001;
	19922 :	10111110;
	19921 :	11011000;
	19920 :	11010101;
	19919 :	00011001;
	19918 :	11001110;
	19917 :	00100111;
	19916 :	01010010;
	19915 :	01100100;
	19914 :	00110001;
	19913 :	01101001;
	19912 :	00111001;
	19911 :	01100100;
	19910 :	00110001;
	19909 :	00100111;
	19908 :	01010010;
	19907 :	01100100;
	19906 :	00110001;
	19905 :	01101001;
	19904 :	00111001;
	19903 :	01100100;
	19902 :	00110001;
	19901 :	01100100;
	19900 :	00110001;
	19899 :	01100100;
	19898 :	00110001;
	19897 :	00100010;
	19896 :	00101001;
	19895 :	01100100;
	19894 :	00110001;
	19893 :	01000011;
	19892 :	01000001;
	19891 :	01100100;
	19890 :	00110001;
	19889 :	00100010;
	19888 :	00101001;
	19887 :	01100100;
	19886 :	00110001;
	19885 :	01000011;
	19884 :	01000001;
	19883 :	01100100;
	19882 :	00110001;
	19881 :	00100010;
	19880 :	00101001;
	19879 :	00100010;
	19878 :	00101001;
	19877 :	00100010;
	19876 :	00101001;
	19875 :	01100100;
	19874 :	00110001;
	19873 :	01000011;
	19872 :	01000001;
	19871 :	01100100;
	19870 :	00110001;
	19869 :	00100010;
	19868 :	00101001;
	19867 :	01100100;
	19866 :	00110001;
	19865 :	11100100;
	19864 :	00101000;
	19863 :	01000011;
	19862 :	01000001;
	19861 :	00100010;
	19860 :	00101001;
	19859 :	00100010;
	19858 :	00101001;
	19857 :	00100010;
	19856 :	00101001;
	19855 :	00100010;
	19854 :	00101001;
	19853 :	00100010;
	19852 :	00101001;
	19851 :	01100100;
	19850 :	00110001;
	19849 :	01100100;
	19848 :	00110001;
	19847 :	01100100;
	19846 :	00110001;
	19845 :	10000101;
	19844 :	01001001;
	19843 :	01100100;
	19842 :	00110001;
	19841 :	10000101;
	19840 :	01001001;
	19839 :	01100100;
	19838 :	00110001;
	19837 :	10000101;
	19836 :	01001001;
	19835 :	01100100;
	19834 :	00110001;
	19833 :	10000101;
	19832 :	01001001;
	19831 :	10000101;
	19830 :	01001001;
	19829 :	11001000;
	19828 :	01001001;
	19827 :	11001000;
	19826 :	01001001;
	19825 :	10111001;
	19824 :	11000101;
	19823 :	10011001;
	19822 :	10110101;
	19821 :	00011001;
	19820 :	10111110;
	19819 :	11111010;
	19818 :	11000101;
	19817 :	11011010;
	19816 :	10111101;
	19815 :	10110111;
	19814 :	11000101;
	19813 :	00011001;
	19812 :	10111110;
	19811 :	00011001;
	19810 :	11001110;
	19809 :	01010110;
	19808 :	11000101;
	19807 :	00101111;
	19806 :	10010100;
	19805 :	10010000;
	19804 :	01111011;
	19803 :	00101111;
	19802 :	10010100;
	19801 :	01101100;
	19800 :	01111011;
	19799 :	01101100;
	19798 :	01111011;
	19797 :	01101100;
	19796 :	01111011;
	19795 :	00101011;
	19794 :	10000011;
	19793 :	00101011;
	19792 :	10000011;
	19791 :	00101011;
	19790 :	01110011;
	19789 :	01001001;
	19788 :	10000011;
	19787 :	00110111;
	19786 :	11100110;
	19785 :	00100110;
	19784 :	01111010;
	19783 :	00110001;
	19782 :	11001101;
	19781 :	10110011;
	19780 :	11101101;
	19779 :	01010010;
	19778 :	11011101;
	19777 :	10010110;
	19776 :	11111110;
	19775 :	00100100;
	19774 :	01111010;
	19773 :	01001001;
	19772 :	10000011;
	19771 :	10000011;
	19770 :	01000001;
	19769 :	01000011;
	19768 :	01000001;
	19767 :	01000011;
	19766 :	01000001;
	19765 :	01000011;
	19764 :	01000001;
	19763 :	10000011;
	19762 :	01000001;
	19761 :	00100010;
	19760 :	00101001;
	19759 :	10000011;
	19758 :	01000001;
	19757 :	00100010;
	19756 :	00101001;
	19755 :	01000011;
	19754 :	01000001;
	19753 :	01000011;
	19752 :	01000001;
	19751 :	01000011;
	19750 :	01000001;
	19749 :	01000011;
	19748 :	01000001;
	19747 :	01000011;
	19746 :	01010001;
	19745 :	01000011;
	19744 :	01000001;
	19743 :	10000011;
	19742 :	01011001;
	19741 :	10100101;
	19740 :	01100001;
	19739 :	10100110;
	19738 :	01101001;
	19737 :	00100110;
	19736 :	01111010;
	19735 :	11001000;
	19734 :	01101001;
	19733 :	10101000;
	19732 :	10010010;
	19731 :	10000111;
	19730 :	01111010;
	19729 :	11010100;
	19728 :	11000100;
	19727 :	00110111;
	19726 :	10110101;
	19725 :	01111000;
	19724 :	10110101;
	19723 :	01111000;
	19722 :	11000101;
	19721 :	01111000;
	19720 :	10110101;
	19719 :	00110111;
	19718 :	10110101;
	19717 :	01111000;
	19716 :	10110101;
	19715 :	01111000;
	19714 :	10110101;
	19713 :	01111000;
	19712 :	10110101;
	19711 :	01111100;
	19710 :	11010110;
	19709 :	00110111;
	19708 :	10101101;
	19707 :	00110111;
	19706 :	10101101;
	19705 :	10011001;
	19704 :	10101101;
	19703 :	00110111;
	19702 :	10101101;
	19701 :	00110111;
	19700 :	10101101;
	19699 :	00110111;
	19698 :	10101101;
	19697 :	01111100;
	19696 :	11010110;
	19695 :	00011101;
	19694 :	11011111;
	19693 :	01111100;
	19692 :	11010110;
	19691 :	00011011;
	19690 :	11000110;
	19689 :	00111100;
	19688 :	11000110;
	19687 :	10111101;
	19686 :	11100110;
	19685 :	10111101;
	19684 :	11100110;
	19683 :	00111011;
	19682 :	11010110;
	19681 :	01011000;
	19680 :	10101101;
	19679 :	11110110;
	19678 :	10110100;
	19677 :	11110110;
	19676 :	10100100;
	19675 :	11110110;
	19674 :	10110100;
	19673 :	00110111;
	19672 :	10101101;
	19671 :	00011001;
	19670 :	11001110;
	19669 :	11011000;
	19668 :	11010101;
	19667 :	00011001;
	19666 :	11001110;
	19665 :	10111001;
	19664 :	11000101;
	19663 :	00111001;
	19662 :	11011110;
	19661 :	11001000;
	19660 :	01001001;
	19659 :	00100111;
	19658 :	01010010;
	19657 :	10000101;
	19656 :	01001001;
	19655 :	01101001;
	19654 :	00111001;
	19653 :	01100100;
	19652 :	00110001;
	19651 :	01101001;
	19650 :	00111001;
	19649 :	01100100;
	19648 :	00110001;
	19647 :	10000101;
	19646 :	01001001;
	19645 :	01100100;
	19644 :	00110001;
	19643 :	11100100;
	19642 :	00101000;
	19641 :	00100010;
	19640 :	00101001;
	19639 :	01100100;
	19638 :	00110001;
	19637 :	01100100;
	19636 :	00110001;
	19635 :	01100100;
	19634 :	00110001;
	19633 :	01000011;
	19632 :	01000001;
	19631 :	00100010;
	19630 :	00101001;
	19629 :	01100100;
	19628 :	00110001;
	19627 :	00100010;
	19626 :	00101001;
	19625 :	01100100;
	19624 :	00110001;
	19623 :	00100010;
	19622 :	00101001;
	19621 :	01100100;
	19620 :	00110001;
	19619 :	00100010;
	19618 :	00101001;
	19617 :	01100100;
	19616 :	00110001;
	19615 :	01100100;
	19614 :	00110001;
	19613 :	11100100;
	19612 :	00101000;
	19611 :	00100010;
	19610 :	00101001;
	19609 :	00100010;
	19608 :	00101001;
	19607 :	00100010;
	19606 :	00101001;
	19605 :	00100010;
	19604 :	00101001;
	19603 :	00100010;
	19602 :	00101001;
	19601 :	00100010;
	19600 :	00101001;
	19599 :	00100010;
	19598 :	00101001;
	19597 :	01100100;
	19596 :	00110001;
	19595 :	01100100;
	19594 :	00110001;
	19593 :	01100100;
	19592 :	00110001;
	19591 :	01100100;
	19590 :	00110001;
	19589 :	01100100;
	19588 :	00110001;
	19587 :	01100100;
	19586 :	00110001;
	19585 :	01100100;
	19584 :	00110001;
	19583 :	01100100;
	19582 :	00110001;
	19581 :	10000101;
	19580 :	01001001;
	19579 :	10000101;
	19578 :	01001001;
	19577 :	01100100;
	19576 :	00110001;
	19575 :	11001000;
	19574 :	01001001;
	19573 :	11001000;
	19572 :	01001001;
	19571 :	11010000;
	19570 :	10001011;
	19569 :	00011001;
	19568 :	10111110;
	19567 :	11011010;
	19566 :	10111101;
	19565 :	11111010;
	19564 :	11000101;
	19563 :	10011001;
	19562 :	10110101;
	19561 :	11111010;
	19560 :	11000101;
	19559 :	11111010;
	19558 :	11000101;
	19557 :	10011001;
	19556 :	10110101;
	19555 :	10111001;
	19554 :	11000101;
	19553 :	10010111;
	19552 :	10111101;
	19551 :	11010100;
	19550 :	10100100;
	19549 :	00101111;
	19548 :	10010100;
	19547 :	00101111;
	19546 :	10010100;
	19545 :	10101101;
	19544 :	10001011;
	19543 :	01101100;
	19542 :	01111011;
	19541 :	01101100;
	19540 :	01111011;
	19539 :	01101100;
	19538 :	01111011;
	19537 :	01101100;
	19536 :	01111011;
	19535 :	00101011;
	19534 :	10000011;
	19533 :	00101011;
	19532 :	10000011;
	19531 :	00111001;
	19530 :	11011110;
	19529 :	00110010;
	19528 :	11001101;
	19527 :	11110101;
	19526 :	10110100;
	19525 :	01010100;
	19524 :	11010101;
	19523 :	00110001;
	19522 :	11001101;
	19521 :	10010110;
	19520 :	11111110;
	19519 :	10001010;
	19518 :	10011011;
	19517 :	01001001;
	19516 :	10000011;
	19515 :	10000011;
	19514 :	01000001;
	19513 :	01000011;
	19512 :	01000001;
	19511 :	01100100;
	19510 :	00110001;
	19509 :	10000011;
	19508 :	01000001;
	19507 :	00100010;
	19506 :	00101001;
	19505 :	01000011;
	19504 :	01000001;
	19503 :	00100010;
	19502 :	00101001;
	19501 :	01000011;
	19500 :	01000001;
	19499 :	01000011;
	19498 :	01000001;
	19497 :	01000011;
	19496 :	01000001;
	19495 :	10000011;
	19494 :	01000001;
	19493 :	10000011;
	19492 :	01000001;
	19491 :	01000011;
	19490 :	01010001;
	19489 :	10000101;
	19488 :	01001001;
	19487 :	10100110;
	19486 :	01101001;
	19485 :	00100110;
	19484 :	01111010;
	19483 :	10000111;
	19482 :	01111010;
	19481 :	00101010;
	19480 :	10010011;
	19479 :	00101010;
	19478 :	10010011;
	19477 :	00101010;
	19476 :	10010011;
	19475 :	11010000;
	19474 :	10101011;
	19473 :	01111000;
	19472 :	11000101;
	19471 :	01111000;
	19470 :	10110101;
	19469 :	00110111;
	19468 :	10110101;
	19467 :	01111000;
	19466 :	10110101;
	19465 :	01111000;
	19464 :	11000101;
	19463 :	01111000;
	19462 :	10110101;
	19461 :	00110111;
	19460 :	10110101;
	19459 :	10011001;
	19458 :	10101101;
	19457 :	01111000;
	19456 :	10110101;
	19455 :	00011001;
	19454 :	10111110;
	19453 :	01011000;
	19452 :	10101101;
	19451 :	00110111;
	19450 :	10101101;
	19449 :	00110111;
	19448 :	10101101;
	19447 :	00110111;
	19446 :	10101101;
	19445 :	01011000;
	19444 :	10101101;
	19443 :	00011001;
	19442 :	11001110;
	19441 :	00011011;
	19440 :	11000110;
	19439 :	01111100;
	19438 :	11010110;
	19437 :	00011011;
	19436 :	11000110;
	19435 :	00111011;
	19434 :	11010110;
	19433 :	00011011;
	19432 :	11000110;
	19431 :	10111101;
	19430 :	11010110;
	19429 :	01111100;
	19428 :	11010110;
	19427 :	11111010;
	19426 :	11010101;
	19425 :	01011000;
	19424 :	10101101;
	19423 :	11110110;
	19422 :	10110100;
	19421 :	01111000;
	19420 :	10110101;
	19419 :	00011011;
	19418 :	11000110;
	19417 :	11011000;
	19416 :	11010101;
	19415 :	11111010;
	19414 :	11000101;
	19413 :	10111001;
	19412 :	11000101;
	19411 :	11011000;
	19410 :	11010101;
	19409 :	00011001;
	19408 :	11001110;
	19407 :	10110111;
	19406 :	11000101;
	19405 :	11001101;
	19404 :	01101010;
	19403 :	10000101;
	19402 :	01001001;
	19401 :	01101001;
	19400 :	00111001;
	19399 :	10000101;
	19398 :	01001001;
	19397 :	10000101;
	19396 :	01001001;
	19395 :	01101001;
	19394 :	00111001;
	19393 :	10000101;
	19392 :	01001001;
	19391 :	01100100;
	19390 :	00110001;
	19389 :	00100010;
	19388 :	00101001;
	19387 :	01100100;
	19386 :	00110001;
	19385 :	01100100;
	19384 :	00110001;
	19383 :	00100010;
	19382 :	00101001;
	19381 :	11100100;
	19380 :	00101000;
	19379 :	01000011;
	19378 :	01000001;
	19377 :	01100100;
	19376 :	00110001;
	19375 :	00100010;
	19374 :	00101001;
	19373 :	01100100;
	19372 :	00110001;
	19371 :	11100100;
	19370 :	00101000;
	19369 :	00100010;
	19368 :	00101001;
	19367 :	01100100;
	19366 :	00110001;
	19365 :	00100010;
	19364 :	00101001;
	19363 :	00100010;
	19362 :	00101001;
	19361 :	01100100;
	19360 :	00110001;
	19359 :	00100010;
	19358 :	00101001;
	19357 :	00100010;
	19356 :	00101001;
	19355 :	01000011;
	19354 :	01000001;
	19353 :	00100010;
	19352 :	00101001;
	19351 :	00100010;
	19350 :	00101001;
	19349 :	00100010;
	19348 :	00101001;
	19347 :	00100010;
	19346 :	00101001;
	19345 :	00100010;
	19344 :	00101001;
	19343 :	01100100;
	19342 :	00110001;
	19341 :	01100100;
	19340 :	00110001;
	19339 :	01100100;
	19338 :	00110001;
	19337 :	10000101;
	19336 :	01001001;
	19335 :	01100100;
	19334 :	00110001;
	19333 :	01100100;
	19332 :	00110001;
	19331 :	00100111;
	19330 :	01010010;
	19329 :	01100100;
	19328 :	00110001;
	19327 :	01101001;
	19326 :	00111001;
	19325 :	01100100;
	19324 :	00110001;
	19323 :	10000101;
	19322 :	01001001;
	19321 :	10000101;
	19320 :	01001001;
	19319 :	00100111;
	19318 :	01010010;
	19317 :	11001101;
	19316 :	01101010;
	19315 :	10010111;
	19314 :	10111101;
	19313 :	10011001;
	19312 :	10110101;
	19311 :	11111100;
	19310 :	11000101;
	19309 :	11111010;
	19308 :	11000101;
	19307 :	11111010;
	19306 :	11000101;
	19305 :	01111010;
	19304 :	10110101;
	19303 :	10111001;
	19302 :	11000101;
	19301 :	01111010;
	19300 :	10110101;
	19299 :	10111001;
	19298 :	11000101;
	19297 :	01111000;
	19296 :	10110101;
	19295 :	11110110;
	19294 :	10110100;
	19293 :	10101101;
	19292 :	10001011;
	19291 :	00101111;
	19290 :	10010100;
	19289 :	01101100;
	19288 :	01111011;
	19287 :	01101100;
	19286 :	01111011;
	19285 :	01001001;
	19284 :	10000011;
	19283 :	01101100;
	19282 :	01111011;
	19281 :	00101011;
	19280 :	10000011;
	19279 :	01101100;
	19278 :	01111011;
	19277 :	00101011;
	19276 :	10000011;
	19275 :	00110101;
	19274 :	11000101;
	19273 :	11110101;
	19272 :	10110100;
	19271 :	10110010;
	19270 :	11001100;
	19269 :	00110101;
	19268 :	11000101;
	19267 :	00110010;
	19266 :	11001101;
	19265 :	10010110;
	19264 :	11111110;
	19263 :	10001010;
	19262 :	10011011;
	19261 :	01001001;
	19260 :	10000011;
	19259 :	01000011;
	19258 :	01000001;
	19257 :	10000011;
	19256 :	01000001;
	19255 :	01000011;
	19254 :	01000001;
	19253 :	01000011;
	19252 :	01000001;
	19251 :	10000011;
	19250 :	01000001;
	19249 :	10000011;
	19248 :	01000001;
	19247 :	01000011;
	19246 :	01000001;
	19245 :	01000011;
	19244 :	01000001;
	19243 :	01000011;
	19242 :	01000001;
	19241 :	01000011;
	19240 :	01010001;
	19239 :	10000101;
	19238 :	01001001;
	19237 :	01000011;
	19236 :	01010001;
	19235 :	10100101;
	19234 :	01100001;
	19233 :	00100110;
	19232 :	01101010;
	19231 :	10101000;
	19230 :	10010010;
	19229 :	00101010;
	19228 :	10010011;
	19227 :	00101010;
	19226 :	10010011;
	19225 :	00101010;
	19224 :	10010011;
	19223 :	10001101;
	19222 :	10110011;
	19221 :	11010000;
	19220 :	10101011;
	19219 :	01110100;
	19218 :	10100100;
	19217 :	00111011;
	19216 :	11010110;
	19215 :	01111000;
	19214 :	11000101;
	19213 :	00110111;
	19212 :	10110101;
	19211 :	00110111;
	19210 :	10110101;
	19209 :	01111000;
	19208 :	10110101;
	19207 :	01111000;
	19206 :	10110101;
	19205 :	01111000;
	19204 :	10110101;
	19203 :	01111000;
	19202 :	10110101;
	19201 :	01111000;
	19200 :	10110101;
	19199 :	00011001;
	19198 :	10111110;
	19197 :	01011000;
	19196 :	10101101;
	19195 :	00110111;
	19194 :	10101101;
	19193 :	00110111;
	19192 :	10101101;
	19191 :	01011000;
	19190 :	10101101;
	19189 :	01111000;
	19188 :	10110101;
	19187 :	00111100;
	19186 :	11000110;
	19185 :	00011011;
	19184 :	11000110;
	19183 :	11011010;
	19182 :	10111101;
	19181 :	00011011;
	19180 :	11000110;
	19179 :	01111000;
	19178 :	10110101;
	19177 :	11011110;
	19176 :	11011110;
	19175 :	10111101;
	19174 :	11100110;
	19173 :	10111101;
	19172 :	11100110;
	19171 :	11111010;
	19170 :	11000101;
	19169 :	01111000;
	19168 :	10110101;
	19167 :	01011000;
	19166 :	10101101;
	19165 :	01111000;
	19164 :	11000101;
	19163 :	00011011;
	19162 :	11000110;
	19161 :	01111100;
	19160 :	11010110;
	19159 :	00111001;
	19158 :	11011110;
	19157 :	00011011;
	19156 :	11000110;
	19155 :	10111001;
	19154 :	11000101;
	19153 :	11111010;
	19152 :	11000101;
	19151 :	10111001;
	19150 :	11000101;
	19149 :	10110111;
	19148 :	11000101;
	19147 :	11001000;
	19146 :	01001001;
	19145 :	10000101;
	19144 :	01001001;
	19143 :	11001000;
	19142 :	01001001;
	19141 :	01100100;
	19140 :	00110001;
	19139 :	11001000;
	19138 :	01001001;
	19137 :	01100100;
	19136 :	00110001;
	19135 :	01000011;
	19134 :	01000001;
	19133 :	01100100;
	19132 :	00110001;
	19131 :	00100010;
	19130 :	00101001;
	19129 :	01100100;
	19128 :	00110001;
	19127 :	01100100;
	19126 :	00110001;
	19125 :	01100100;
	19124 :	00110001;
	19123 :	01100100;
	19122 :	00110001;
	19121 :	01000011;
	19120 :	01000001;
	19119 :	01100100;
	19118 :	00110001;
	19117 :	00100010;
	19116 :	00101001;
	19115 :	01000011;
	19114 :	01000001;
	19113 :	00100010;
	19112 :	00101001;
	19111 :	00100010;
	19110 :	00101001;
	19109 :	11100100;
	19108 :	00101000;
	19107 :	01000011;
	19106 :	01000001;
	19105 :	01100100;
	19104 :	00110001;
	19103 :	01100100;
	19102 :	00110001;
	19101 :	00100010;
	19100 :	00101001;
	19099 :	01000011;
	19098 :	01000001;
	19097 :	00100010;
	19096 :	00101001;
	19095 :	00100010;
	19094 :	00101001;
	19093 :	00100010;
	19092 :	00101001;
	19091 :	00100010;
	19090 :	00101001;
	19089 :	00100010;
	19088 :	00101001;
	19087 :	01100100;
	19086 :	00110001;
	19085 :	01100100;
	19084 :	00110001;
	19083 :	01100100;
	19082 :	00110001;
	19081 :	01100100;
	19080 :	00110001;
	19079 :	01100100;
	19078 :	00110001;
	19077 :	01100100;
	19076 :	00110001;
	19075 :	01100100;
	19074 :	00110001;
	19073 :	01100100;
	19072 :	00110001;
	19071 :	10000101;
	19070 :	01001001;
	19069 :	01100100;
	19068 :	00110001;
	19067 :	10000101;
	19066 :	01001001;
	19065 :	11001000;
	19064 :	01001001;
	19063 :	01101001;
	19062 :	00111001;
	19061 :	01111000;
	19060 :	11000101;
	19059 :	11111010;
	19058 :	11000101;
	19057 :	11011010;
	19056 :	10111101;
	19055 :	11011010;
	19054 :	10111101;
	19053 :	11011010;
	19052 :	10111101;
	19051 :	01111010;
	19050 :	10110101;
	19049 :	01111010;
	19048 :	10110101;
	19047 :	10111001;
	19046 :	11000101;
	19045 :	01111000;
	19044 :	10110101;
	19043 :	01111000;
	19042 :	10110101;
	19041 :	01111000;
	19040 :	11000101;
	19039 :	01111000;
	19038 :	11000101;
	19037 :	10101101;
	19036 :	10001011;
	19035 :	00101111;
	19034 :	10010100;
	19033 :	10101101;
	19032 :	10001011;
	19031 :	01101100;
	19030 :	01111011;
	19029 :	01101100;
	19028 :	01111011;
	19027 :	10101101;
	19026 :	10001011;
	19025 :	00101011;
	19024 :	10000011;
	19023 :	00101011;
	19022 :	10000011;
	19021 :	10101101;
	19020 :	10001011;
	19019 :	10010101;
	19018 :	11000101;
	19017 :	00110101;
	19016 :	10110101;
	19015 :	00110101;
	19014 :	10110101;
	19013 :	10010101;
	19012 :	11000101;
	19011 :	00001111;
	19010 :	11001101;
	19009 :	01010110;
	19008 :	11111110;
	19007 :	10001011;
	19006 :	10101011;
	19005 :	01001001;
	19004 :	10000011;
	19003 :	10000011;
	19002 :	01000001;
	19001 :	10000011;
	19000 :	01000001;
	18999 :	01100100;
	18998 :	00110001;
	18997 :	01000011;
	18996 :	01000001;
	18995 :	10000011;
	18994 :	01000001;
	18993 :	01000011;
	18992 :	01000001;
	18991 :	01000011;
	18990 :	01000001;
	18989 :	10000101;
	18988 :	01001001;
	18987 :	01000011;
	18986 :	01010001;
	18985 :	10000101;
	18984 :	01001001;
	18983 :	10000011;
	18982 :	01011001;
	18981 :	00100110;
	18980 :	01101010;
	18979 :	00100110;
	18978 :	01111010;
	18977 :	00101010;
	18976 :	10010011;
	18975 :	00101010;
	18974 :	10010011;
	18973 :	10001101;
	18972 :	10110011;
	18971 :	10001101;
	18970 :	10110011;
	18969 :	10010010;
	18968 :	10101100;
	18967 :	11010100;
	18966 :	11000100;
	18965 :	11110101;
	18964 :	10110100;
	18963 :	00111011;
	18962 :	11010110;
	18961 :	10011001;
	18960 :	10110101;
	18959 :	00110111;
	18958 :	10110101;
	18957 :	01111000;
	18956 :	11000101;
	18955 :	01111000;
	18954 :	10110101;
	18953 :	01111000;
	18952 :	11000101;
	18951 :	01111000;
	18950 :	10110101;
	18949 :	01111000;
	18948 :	10110101;
	18947 :	10011001;
	18946 :	10101101;
	18945 :	01111000;
	18944 :	10110101;
	18943 :	10011001;
	18942 :	10101101;
	18941 :	00110111;
	18940 :	10101101;
	18939 :	01011000;
	18938 :	10101101;
	18937 :	01011000;
	18936 :	10101101;
	18935 :	01011000;
	18934 :	10101101;
	18933 :	01111100;
	18932 :	11010110;
	18931 :	00111111;
	18930 :	11100111;
	18929 :	00111111;
	18928 :	11100111;
	18927 :	00011111;
	18926 :	11011111;
	18925 :	00111100;
	18924 :	11000110;
	18923 :	01111100;
	18922 :	11010110;
	18921 :	10111101;
	18920 :	11100110;
	18919 :	11011110;
	18918 :	11011110;
	18917 :	10111101;
	18916 :	11010110;
	18915 :	11111010;
	18914 :	11000101;
	18913 :	10011001;
	18912 :	10110101;
	18911 :	11110110;
	18910 :	10100100;
	18909 :	01111000;
	18908 :	11000101;
	18907 :	00111011;
	18906 :	11010110;
	18905 :	00111011;
	18904 :	11010110;
	18903 :	11111010;
	18902 :	11010101;
	18901 :	00011011;
	18900 :	11000110;
	18899 :	00111001;
	18898 :	11011110;
	18897 :	11111010;
	18896 :	11010101;
	18895 :	10111001;
	18894 :	11000101;
	18893 :	00011001;
	18892 :	10111110;
	18891 :	01101100;
	18890 :	01111011;
	18889 :	11001000;
	18888 :	01001001;
	18887 :	11001000;
	18886 :	01001001;
	18885 :	10000101;
	18884 :	01001001;
	18883 :	01100100;
	18882 :	00110001;
	18881 :	10000101;
	18880 :	01001001;
	18879 :	01100100;
	18878 :	00110001;
	18877 :	00100010;
	18876 :	00101001;
	18875 :	01100100;
	18874 :	00110001;
	18873 :	11100100;
	18872 :	00101000;
	18871 :	01000011;
	18870 :	01000001;
	18869 :	01100100;
	18868 :	00110001;
	18867 :	00100010;
	18866 :	00101001;
	18865 :	01100100;
	18864 :	00110001;
	18863 :	00100010;
	18862 :	00101001;
	18861 :	00100010;
	18860 :	00101001;
	18859 :	01100100;
	18858 :	00110001;
	18857 :	00100010;
	18856 :	00101001;
	18855 :	01000011;
	18854 :	01000001;
	18853 :	00100010;
	18852 :	00101001;
	18851 :	00100010;
	18850 :	00101001;
	18849 :	00100010;
	18848 :	00101001;
	18847 :	00100010;
	18846 :	00101001;
	18845 :	00100010;
	18844 :	00101001;
	18843 :	00100010;
	18842 :	00101001;
	18841 :	00100010;
	18840 :	00101001;
	18839 :	00100010;
	18838 :	00101001;
	18837 :	00100010;
	18836 :	00101001;
	18835 :	00100010;
	18834 :	00101001;
	18833 :	00100010;
	18832 :	00101001;
	18831 :	00100010;
	18830 :	00101001;
	18829 :	01100100;
	18828 :	00110001;
	18827 :	01100100;
	18826 :	00110001;
	18825 :	01100100;
	18824 :	00110001;
	18823 :	01100100;
	18822 :	00110001;
	18821 :	00100111;
	18820 :	01010010;
	18819 :	01100100;
	18818 :	00110001;
	18817 :	10000101;
	18816 :	01001001;
	18815 :	01100100;
	18814 :	00110001;
	18813 :	10000101;
	18812 :	01001001;
	18811 :	11001000;
	18810 :	01001001;
	18809 :	11001000;
	18808 :	01001001;
	18807 :	01110100;
	18806 :	10100100;
	18805 :	11111010;
	18804 :	11000101;
	18803 :	11011010;
	18802 :	10111101;
	18801 :	11111010;
	18800 :	11000101;
	18799 :	11011010;
	18798 :	10111101;
	18797 :	11111010;
	18796 :	11000101;
	18795 :	10111001;
	18794 :	11000101;
	18793 :	11111010;
	18792 :	11000101;
	18791 :	01111000;
	18790 :	10110101;
	18789 :	01111000;
	18788 :	10110101;
	18787 :	01111000;
	18786 :	11000101;
	18785 :	11010000;
	18784 :	10101011;
	18783 :	01111100;
	18782 :	11100110;
	18781 :	10101101;
	18780 :	10001011;
	18779 :	00101111;
	18778 :	10010100;
	18777 :	01101100;
	18776 :	01111011;
	18775 :	10101101;
	18774 :	10001011;
	18773 :	01101100;
	18772 :	01111011;
	18771 :	00101011;
	18770 :	10000011;
	18769 :	10101101;
	18768 :	10001011;
	18767 :	00101011;
	18766 :	10000011;
	18765 :	00101111;
	18764 :	10010100;
	18763 :	10010101;
	18762 :	11000101;
	18761 :	00110101;
	18760 :	10110101;
	18759 :	00110101;
	18758 :	11000101;
	18757 :	10010101;
	18756 :	11000101;
	18755 :	10101111;
	18754 :	11000100;
	18753 :	00110001;
	18752 :	11001101;
	18751 :	00101110;
	18750 :	10110100;
	18749 :	10000111;
	18748 :	01111010;
	18747 :	10000011;
	18746 :	01000001;
	18745 :	10000011;
	18744 :	01000001;
	18743 :	01000011;
	18742 :	01000001;
	18741 :	10000011;
	18740 :	01000001;
	18739 :	00000001;
	18738 :	01001001;
	18737 :	01000011;
	18736 :	01000001;
	18735 :	01000011;
	18734 :	01010001;
	18733 :	01000011;
	18732 :	01010001;
	18731 :	10000011;
	18730 :	01011001;
	18729 :	10100101;
	18728 :	01100001;
	18727 :	00100110;
	18726 :	01111010;
	18725 :	00101010;
	18724 :	10010011;
	18723 :	10001011;
	18722 :	10101011;
	18721 :	11010000;
	18720 :	10101011;
	18719 :	00101111;
	18718 :	11000100;
	18717 :	01010010;
	18716 :	11001100;
	18715 :	11010100;
	18714 :	11000100;
	18713 :	11010100;
	18712 :	11000100;
	18711 :	01010110;
	18710 :	11000101;
	18709 :	00111011;
	18708 :	11010110;
	18707 :	11011010;
	18706 :	10111101;
	18705 :	00110111;
	18704 :	10110101;
	18703 :	10011001;
	18702 :	10110101;
	18701 :	01111000;
	18700 :	11000101;
	18699 :	01111000;
	18698 :	10110101;
	18697 :	01111000;
	18696 :	10110101;
	18695 :	01111000;
	18694 :	10110101;
	18693 :	01111000;
	18692 :	10110101;
	18691 :	01111000;
	18690 :	10110101;
	18689 :	01111000;
	18688 :	10110101;
	18687 :	00110111;
	18686 :	10101101;
	18685 :	00110111;
	18684 :	10101101;
	18683 :	00110111;
	18682 :	10101101;
	18681 :	01011000;
	18680 :	10101101;
	18679 :	10011001;
	18678 :	10110101;
	18677 :	00011101;
	18676 :	11011111;
	18675 :	00011111;
	18674 :	11011111;
	18673 :	00011011;
	18672 :	11000110;
	18671 :	11011110;
	18670 :	11011110;
	18669 :	11011110;
	18668 :	11011110;
	18667 :	10111101;
	18666 :	11010110;
	18665 :	11111110;
	18664 :	11100110;
	18663 :	10010111;
	18662 :	10111101;
	18661 :	00111100;
	18660 :	11000110;
	18659 :	10111001;
	18658 :	11000101;
	18657 :	01011000;
	18656 :	10101101;
	18655 :	11110110;
	18654 :	10110100;
	18653 :	01111000;
	18652 :	10110101;
	18651 :	01111100;
	18650 :	11100110;
	18649 :	00111011;
	18648 :	11010110;
	18647 :	00111100;
	18646 :	11000110;
	18645 :	11111010;
	18644 :	11010101;
	18643 :	11111010;
	18642 :	11000101;
	18641 :	00011001;
	18640 :	10111110;
	18639 :	11111010;
	18638 :	11000101;
	18637 :	10110111;
	18636 :	11000101;
	18635 :	10110111;
	18634 :	11000101;
	18633 :	11001000;
	18632 :	01001001;
	18631 :	10000101;
	18630 :	01001001;
	18629 :	10000101;
	18628 :	01001001;
	18627 :	10000101;
	18626 :	01001001;
	18625 :	10000101;
	18624 :	01001001;
	18623 :	01100100;
	18622 :	00110001;
	18621 :	01000011;
	18620 :	01000001;
	18619 :	00100010;
	18618 :	00101001;
	18617 :	01000011;
	18616 :	01000001;
	18615 :	01100100;
	18614 :	00110001;
	18613 :	11100100;
	18612 :	00101000;
	18611 :	11100100;
	18610 :	00101000;
	18609 :	01000011;
	18608 :	01000001;
	18607 :	01000011;
	18606 :	01000001;
	18605 :	00100010;
	18604 :	00101001;
	18603 :	00100010;
	18602 :	00101001;
	18601 :	00100010;
	18600 :	00101001;
	18599 :	00100010;
	18598 :	00101001;
	18597 :	00100010;
	18596 :	00101001;
	18595 :	01000011;
	18594 :	01000001;
	18593 :	00100010;
	18592 :	00101001;
	18591 :	01000011;
	18590 :	01000001;
	18589 :	00100010;
	18588 :	00101001;
	18587 :	00100010;
	18586 :	00101001;
	18585 :	00100010;
	18584 :	00101001;
	18583 :	00100010;
	18582 :	00101001;
	18581 :	00100010;
	18580 :	00101001;
	18579 :	00100010;
	18578 :	00101001;
	18577 :	00100010;
	18576 :	00101001;
	18575 :	01100100;
	18574 :	00110001;
	18573 :	01100100;
	18572 :	00110001;
	18571 :	00100111;
	18570 :	01010010;
	18569 :	01100100;
	18568 :	00110001;
	18567 :	01100100;
	18566 :	00110001;
	18565 :	01100100;
	18564 :	00110001;
	18563 :	10000101;
	18562 :	01001001;
	18561 :	01100100;
	18560 :	00110001;
	18559 :	10000101;
	18558 :	01001001;
	18557 :	11001000;
	18556 :	01001001;
	18555 :	10000101;
	18554 :	01001001;
	18553 :	11001101;
	18552 :	01101010;
	18551 :	10111001;
	18550 :	11000101;
	18549 :	11011010;
	18548 :	10111101;
	18547 :	11111010;
	18546 :	11000101;
	18545 :	11111010;
	18544 :	11000101;
	18543 :	11111010;
	18542 :	11000101;
	18541 :	11111100;
	18540 :	11000101;
	18539 :	11111010;
	18538 :	11000101;
	18537 :	01111000;
	18536 :	11000101;
	18535 :	01111000;
	18534 :	11000101;
	18533 :	01111000;
	18532 :	11000101;
	18531 :	11010000;
	18530 :	10101011;
	18529 :	00101010;
	18528 :	10101011;
	18527 :	11010000;
	18526 :	10101011;
	18525 :	11101101;
	18524 :	10000010;
	18523 :	00101111;
	18522 :	10010100;
	18521 :	10101101;
	18520 :	10001011;
	18519 :	10101101;
	18518 :	10001011;
	18517 :	00101011;
	18516 :	10000011;
	18515 :	10101101;
	18514 :	10001011;
	18513 :	01101100;
	18512 :	01111011;
	18511 :	01101100;
	18510 :	01111011;
	18509 :	00101111;
	18508 :	10010100;
	18507 :	10110111;
	18506 :	11000101;
	18505 :	00110111;
	18504 :	10110101;
	18503 :	00010011;
	18502 :	10110101;
	18501 :	00110101;
	18500 :	11000101;
	18499 :	10110011;
	18498 :	11101101;
	18497 :	10101111;
	18496 :	11000100;
	18495 :	10001011;
	18494 :	10101011;
	18493 :	00101010;
	18492 :	10010011;
	18491 :	10000011;
	18490 :	01011001;
	18489 :	10000011;
	18488 :	01000001;
	18487 :	10000011;
	18486 :	01000001;
	18485 :	00100110;
	18484 :	01101010;
	18483 :	00000001;
	18482 :	01001001;
	18481 :	01000011;
	18480 :	01010001;
	18479 :	10100101;
	18478 :	01100001;
	18477 :	00000101;
	18476 :	01101010;
	18475 :	00100110;
	18474 :	01111010;
	18473 :	01001001;
	18472 :	10000011;
	18471 :	10001011;
	18470 :	10101011;
	18469 :	10001101;
	18468 :	10110011;
	18467 :	01010010;
	18466 :	11001100;
	18465 :	10110010;
	18464 :	11001100;
	18463 :	11010100;
	18462 :	11000100;
	18461 :	01010110;
	18460 :	11000101;
	18459 :	01111000;
	18458 :	11000101;
	18457 :	01111100;
	18456 :	11100110;
	18455 :	11111100;
	18454 :	11000101;
	18453 :	10011001;
	18452 :	10110101;
	18451 :	01111000;
	18450 :	11000101;
	18449 :	01111000;
	18448 :	11000101;
	18447 :	10011001;
	18446 :	10110101;
	18445 :	10011001;
	18444 :	10110101;
	18443 :	01111000;
	18442 :	11000101;
	18441 :	01111000;
	18440 :	11000101;
	18439 :	10011001;
	18438 :	10110101;
	18437 :	01111000;
	18436 :	11000101;
	18435 :	01111010;
	18434 :	10101101;
	18433 :	10011001;
	18432 :	10110101;
	18431 :	00110111;
	18430 :	10101101;
	18429 :	00110111;
	18428 :	10101101;
	18427 :	01011000;
	18426 :	10101101;
	18425 :	01011000;
	18424 :	10101101;
	18423 :	01011000;
	18422 :	10101101;
	18421 :	00011001;
	18420 :	10111110;
	18419 :	00111111;
	18418 :	11100111;
	18417 :	10011101;
	18416 :	11001110;
	18415 :	10011011;
	18414 :	11010110;
	18413 :	00011011;
	18412 :	11000110;
	18411 :	00011011;
	18410 :	11000110;
	18409 :	11011110;
	18408 :	11011110;
	18407 :	10111101;
	18406 :	11010110;
	18405 :	01111100;
	18404 :	11010110;
	18403 :	11111010;
	18402 :	11000101;
	18401 :	00110111;
	18400 :	10110101;
	18399 :	11110110;
	18398 :	10100100;
	18397 :	01011000;
	18396 :	10101101;
	18395 :	01011000;
	18394 :	10101101;
	18393 :	11110110;
	18392 :	10100100;
	18391 :	01110010;
	18390 :	10010100;
	18389 :	10110100;
	18388 :	10011100;
	18387 :	11110110;
	18386 :	10110100;
	18385 :	01111000;
	18384 :	11000101;
	18383 :	10111001;
	18382 :	11000101;
	18381 :	00011001;
	18380 :	10111110;
	18379 :	10110111;
	18378 :	11000101;
	18377 :	10010101;
	18376 :	11000101;
	18375 :	11001000;
	18374 :	01101001;
	18373 :	10100101;
	18372 :	01100001;
	18371 :	10000101;
	18370 :	01001001;
	18369 :	10000101;
	18368 :	01001001;
	18367 :	01000011;
	18366 :	01000001;
	18365 :	01000011;
	18364 :	01000001;
	18363 :	01100100;
	18362 :	00110001;
	18361 :	01000011;
	18360 :	01010001;
	18359 :	01100100;
	18358 :	00110001;
	18357 :	01000011;
	18356 :	01000001;
	18355 :	01100100;
	18354 :	00110001;
	18353 :	01100100;
	18352 :	00110001;
	18351 :	00100010;
	18350 :	00101001;
	18349 :	01100100;
	18348 :	00110001;
	18347 :	00100010;
	18346 :	00101001;
	18345 :	01000011;
	18344 :	01000001;
	18343 :	00100010;
	18342 :	00101001;
	18341 :	01000011;
	18340 :	01000001;
	18339 :	00100010;
	18338 :	00101001;
	18337 :	00100010;
	18336 :	00101001;
	18335 :	00100010;
	18334 :	00101001;
	18333 :	00100010;
	18332 :	00101001;
	18331 :	01000011;
	18330 :	01000001;
	18329 :	00100010;
	18328 :	00101001;
	18327 :	00100010;
	18326 :	00101001;
	18325 :	00100010;
	18324 :	00101001;
	18323 :	00100010;
	18322 :	00101001;
	18321 :	01100100;
	18320 :	00110001;
	18319 :	01100100;
	18318 :	00110001;
	18317 :	01100100;
	18316 :	00110001;
	18315 :	01100100;
	18314 :	00110001;
	18313 :	11001000;
	18312 :	01001001;
	18311 :	01100100;
	18310 :	00110001;
	18309 :	01100100;
	18308 :	00110001;
	18307 :	11001000;
	18306 :	01001001;
	18305 :	01100100;
	18304 :	00110001;
	18303 :	11001000;
	18302 :	01001001;
	18301 :	11001000;
	18300 :	01101001;
	18299 :	01001100;
	18298 :	01010010;
	18297 :	10111001;
	18296 :	11000101;
	18295 :	11011010;
	18294 :	10111101;
	18293 :	11111100;
	18292 :	11000101;
	18291 :	11111100;
	18290 :	11000101;
	18289 :	11111100;
	18288 :	11000101;
	18287 :	10111001;
	18286 :	11000101;
	18285 :	01111000;
	18284 :	11000101;
	18283 :	01111000;
	18282 :	10110101;
	18281 :	01111000;
	18280 :	10110101;
	18279 :	11110000;
	18278 :	11001011;
	18277 :	11001001;
	18276 :	10100010;
	18275 :	00101010;
	18274 :	10101011;
	18273 :	00101010;
	18272 :	10101011;
	18271 :	10001101;
	18270 :	10110011;
	18269 :	10101001;
	18268 :	01101010;
	18267 :	00101111;
	18266 :	10010100;
	18265 :	01101001;
	18264 :	01011010;
	18263 :	01101100;
	18262 :	01111011;
	18261 :	10101101;
	18260 :	10001011;
	18259 :	00101011;
	18258 :	10000011;
	18257 :	01101100;
	18256 :	01111011;
	18255 :	10001011;
	18254 :	10101011;
	18253 :	00101111;
	18252 :	10010100;
	18251 :	01111000;
	18250 :	11000101;
	18249 :	01010110;
	18248 :	11000101;
	18247 :	10010101;
	18246 :	11000101;
	18245 :	00110101;
	18244 :	11000101;
	18243 :	10010110;
	18242 :	11111110;
	18241 :	00001011;
	18240 :	10111100;
	18239 :	00101110;
	18238 :	10110100;
	18237 :	00101010;
	18236 :	10010011;
	18235 :	10000011;
	18234 :	01011001;
	18233 :	10100101;
	18232 :	01100001;
	18231 :	00101010;
	18230 :	10010011;
	18229 :	01000011;
	18228 :	01010001;
	18227 :	10000011;
	18226 :	01011001;
	18225 :	00100110;
	18224 :	01101010;
	18223 :	10000111;
	18222 :	10001010;
	18221 :	00101010;
	18220 :	10010011;
	18219 :	10001011;
	18218 :	10101011;
	18217 :	01010000;
	18216 :	11001100;
	18215 :	10110010;
	18214 :	11001100;
	18213 :	11010100;
	18212 :	11000100;
	18211 :	11010100;
	18210 :	11000100;
	18209 :	01010110;
	18208 :	11000101;
	18207 :	01111100;
	18206 :	11100110;
	18205 :	10111101;
	18204 :	11010110;
	18203 :	11111010;
	18202 :	11000101;
	18201 :	10111001;
	18200 :	11000101;
	18199 :	10011001;
	18198 :	10110101;
	18197 :	11111010;
	18196 :	11000101;
	18195 :	10111001;
	18194 :	11000101;
	18193 :	01111000;
	18192 :	11000101;
	18191 :	10011001;
	18190 :	10110101;
	18189 :	01111000;
	18188 :	11000101;
	18187 :	10011001;
	18186 :	10110101;
	18185 :	10011001;
	18184 :	10110101;
	18183 :	10011001;
	18182 :	10110101;
	18181 :	10011001;
	18180 :	10110101;
	18179 :	10011001;
	18178 :	10110101;
	18177 :	10011001;
	18176 :	10110101;
	18175 :	00110111;
	18174 :	10101101;
	18173 :	00110111;
	18172 :	10101101;
	18171 :	00110111;
	18170 :	10101101;
	18169 :	10011001;
	18168 :	10101101;
	18167 :	10111101;
	18166 :	11010110;
	18165 :	00111100;
	18164 :	11000110;
	18163 :	00011001;
	18162 :	10111110;
	18161 :	01111100;
	18160 :	11010110;
	18159 :	11011110;
	18158 :	11011110;
	18157 :	00111100;
	18156 :	11000110;
	18155 :	11111110;
	18154 :	11100110;
	18153 :	00111111;
	18152 :	11100111;
	18151 :	01111100;
	18150 :	11010110;
	18149 :	01111100;
	18148 :	11010110;
	18147 :	10111001;
	18146 :	11000101;
	18145 :	01011000;
	18144 :	10101101;
	18143 :	11110110;
	18142 :	10100100;
	18141 :	00011011;
	18140 :	11000110;
	18139 :	10111101;
	18138 :	11010110;
	18137 :	10111101;
	18136 :	11010110;
	18135 :	00111011;
	18134 :	11010110;
	18133 :	01111100;
	18132 :	11010110;
	18131 :	00111011;
	18130 :	11010110;
	18129 :	11111010;
	18128 :	11010101;
	18127 :	00011011;
	18126 :	11000110;
	18125 :	00111001;
	18124 :	11011110;
	18123 :	00110111;
	18122 :	10110101;
	18121 :	11011000;
	18120 :	11010101;
	18119 :	10010010;
	18118 :	10101100;
	18117 :	01101001;
	18116 :	01011010;
	18115 :	11001000;
	18114 :	01101001;
	18113 :	10000111;
	18112 :	01111010;
	18111 :	00100110;
	18110 :	01101010;
	18109 :	10000111;
	18108 :	01111010;
	18107 :	00100110;
	18106 :	01101010;
	18105 :	10000101;
	18104 :	01001001;
	18103 :	10000101;
	18102 :	01001001;
	18101 :	01000011;
	18100 :	01000001;
	18099 :	10000011;
	18098 :	01000001;
	18097 :	10000011;
	18096 :	01000001;
	18095 :	01100100;
	18094 :	00110001;
	18093 :	01000011;
	18092 :	01000001;
	18091 :	11100100;
	18090 :	00101000;
	18089 :	01000011;
	18088 :	01000001;
	18087 :	00100010;
	18086 :	00101001;
	18085 :	01100100;
	18084 :	00110001;
	18083 :	11100100;
	18082 :	00101000;
	18081 :	01000011;
	18080 :	01000001;
	18079 :	00100010;
	18078 :	00101001;
	18077 :	01000011;
	18076 :	01000001;
	18075 :	00100010;
	18074 :	00101001;
	18073 :	11100100;
	18072 :	00101000;
	18071 :	00100010;
	18070 :	00101001;
	18069 :	00100010;
	18068 :	00101001;
	18067 :	00100010;
	18066 :	00101001;
	18065 :	01100100;
	18064 :	00110001;
	18063 :	10000101;
	18062 :	01001001;
	18061 :	01100100;
	18060 :	00110001;
	18059 :	01100100;
	18058 :	00110001;
	18057 :	01100100;
	18056 :	00110001;
	18055 :	00100111;
	18054 :	01010010;
	18053 :	01100100;
	18052 :	00110001;
	18051 :	01100100;
	18050 :	00110001;
	18049 :	10000101;
	18048 :	01001001;
	18047 :	11001000;
	18046 :	01001001;
	18045 :	11001000;
	18044 :	01001001;
	18043 :	11111010;
	18042 :	11010101;
	18041 :	01111010;
	18040 :	10110101;
	18039 :	11011010;
	18038 :	10111101;
	18037 :	11111010;
	18036 :	11000101;
	18035 :	11111010;
	18034 :	11010101;
	18033 :	11111010;
	18032 :	11000101;
	18031 :	11111010;
	18030 :	11000101;
	18029 :	10011001;
	18028 :	10110101;
	18027 :	01111000;
	18026 :	11000101;
	18025 :	11110000;
	18024 :	11001011;
	18023 :	11001001;
	18022 :	10100010;
	18021 :	00101010;
	18020 :	10101011;
	18019 :	01001011;
	18018 :	10110011;
	18017 :	00101010;
	18016 :	10101011;
	18015 :	00101010;
	18014 :	10101011;
	18013 :	11001000;
	18012 :	01001001;
	18011 :	10010010;
	18010 :	10101100;
	18009 :	00101011;
	18008 :	01110011;
	18007 :	00101011;
	18006 :	01110011;
	18005 :	01101100;
	18004 :	01111011;
	18003 :	01101100;
	18002 :	01111011;
	18001 :	01101100;
	18000 :	01111011;
	17999 :	10101101;
	17998 :	10001011;
	17997 :	00010011;
	17996 :	10110101;
	17995 :	00011001;
	17994 :	11001110;
	17993 :	10110111;
	17992 :	11000101;
	17991 :	10010101;
	17990 :	11000101;
	17989 :	00110101;
	17988 :	11000101;
	17987 :	00010101;
	17986 :	11100110;
	17985 :	00001011;
	17984 :	10111100;
	17983 :	00101110;
	17982 :	10110100;
	17981 :	00101010;
	17980 :	10010011;
	17979 :	00100111;
	17978 :	01010010;
	17977 :	10001011;
	17976 :	10101011;
	17975 :	00100110;
	17974 :	01101010;
	17973 :	11100110;
	17972 :	01110001;
	17971 :	10000111;
	17970 :	01111010;
	17969 :	11001001;
	17968 :	10100010;
	17967 :	10001101;
	17966 :	10110011;
	17965 :	00101110;
	17964 :	10110100;
	17963 :	10110001;
	17962 :	11001100;
	17961 :	11010100;
	17960 :	11000100;
	17959 :	01010110;
	17958 :	11010101;
	17957 :	01010110;
	17956 :	11010101;
	17955 :	10111001;
	17954 :	11000101;
	17953 :	11111110;
	17952 :	11110110;
	17951 :	11111110;
	17950 :	11110110;
	17949 :	01111110;
	17948 :	11010110;
	17947 :	10111001;
	17946 :	11000101;
	17945 :	10011001;
	17944 :	10110101;
	17943 :	11011010;
	17942 :	10111101;
	17941 :	01111000;
	17940 :	11000101;
	17939 :	10011001;
	17938 :	10110101;
	17937 :	10111001;
	17936 :	11000101;
	17935 :	10011001;
	17934 :	10110101;
	17933 :	10111001;
	17932 :	11000101;
	17931 :	10011001;
	17930 :	10110101;
	17929 :	10111001;
	17928 :	11000101;
	17927 :	10011001;
	17926 :	10110101;
	17925 :	10011001;
	17924 :	10110101;
	17923 :	10011001;
	17922 :	10110101;
	17921 :	10011001;
	17920 :	10110101;
	17919 :	01011000;
	17918 :	10101101;
	17917 :	00110111;
	17916 :	10101101;
	17915 :	10011010;
	17914 :	10101101;
	17913 :	11011010;
	17912 :	10111101;
	17911 :	00011011;
	17910 :	11000110;
	17909 :	01011111;
	17908 :	11110111;
	17907 :	11011110;
	17906 :	11011110;
	17905 :	10111101;
	17904 :	11010110;
	17903 :	00011011;
	17902 :	11000110;
	17901 :	00111011;
	17900 :	11010110;
	17899 :	00011111;
	17898 :	11011111;
	17897 :	11011110;
	17896 :	11011110;
	17895 :	10111101;
	17894 :	11100110;
	17893 :	01111100;
	17892 :	11010110;
	17891 :	10011001;
	17890 :	10110101;
	17889 :	00110111;
	17888 :	10110101;
	17887 :	01111000;
	17886 :	10110101;
	17885 :	01111100;
	17884 :	11010110;
	17883 :	01111100;
	17882 :	11010110;
	17881 :	10011101;
	17880 :	11001110;
	17879 :	00111011;
	17878 :	11010110;
	17877 :	00011011;
	17876 :	11000110;
	17875 :	00011001;
	17874 :	10111110;
	17873 :	00111011;
	17872 :	11010110;
	17871 :	00011011;
	17870 :	11000110;
	17869 :	00111011;
	17868 :	11010110;
	17867 :	01111000;
	17866 :	10110101;
	17865 :	00110111;
	17864 :	10110101;
	17863 :	00011001;
	17862 :	10111110;
	17861 :	11011000;
	17860 :	11010101;
	17859 :	01010110;
	17858 :	11000101;
	17857 :	00101111;
	17856 :	10010100;
	17855 :	00101010;
	17854 :	10010011;
	17853 :	00101010;
	17852 :	10010011;
	17851 :	00101010;
	17850 :	10010011;
	17849 :	10000111;
	17848 :	01111010;
	17847 :	00100110;
	17846 :	01101010;
	17845 :	10100110;
	17844 :	01101001;
	17843 :	10000101;
	17842 :	01001001;
	17841 :	01100101;
	17840 :	01100001;
	17839 :	10000101;
	17838 :	01001001;
	17837 :	01000011;
	17836 :	01000001;
	17835 :	01000011;
	17834 :	01010001;
	17833 :	01000011;
	17832 :	01010001;
	17831 :	10000101;
	17830 :	01001001;
	17829 :	10000011;
	17828 :	01000001;
	17827 :	10000011;
	17826 :	01000001;
	17825 :	10000011;
	17824 :	01000001;
	17823 :	01000011;
	17822 :	01000001;
	17821 :	01100100;
	17820 :	00110001;
	17819 :	00100010;
	17818 :	00101001;
	17817 :	01000011;
	17816 :	01000001;
	17815 :	00100010;
	17814 :	00101001;
	17813 :	00100010;
	17812 :	00101001;
	17811 :	01100100;
	17810 :	00110001;
	17809 :	01100100;
	17808 :	00110001;
	17807 :	01100100;
	17806 :	00110001;
	17805 :	01100100;
	17804 :	00110001;
	17803 :	11001000;
	17802 :	01001001;
	17801 :	01100100;
	17800 :	00110001;
	17799 :	01100100;
	17798 :	00110001;
	17797 :	01101001;
	17796 :	00111001;
	17795 :	10000101;
	17794 :	01001001;
	17793 :	11001000;
	17792 :	01001001;
	17791 :	11001000;
	17790 :	01001001;
	17789 :	01001100;
	17788 :	01010010;
	17787 :	10111001;
	17786 :	11000101;
	17785 :	10111001;
	17784 :	11000101;
	17783 :	11111010;
	17782 :	11010101;
	17781 :	11111100;
	17780 :	11000101;
	17779 :	11111100;
	17778 :	11000101;
	17777 :	11111010;
	17776 :	11010101;
	17775 :	01111000;
	17774 :	11000101;
	17773 :	11011000;
	17772 :	11010101;
	17771 :	11101010;
	17770 :	11001010;
	17769 :	11001001;
	17768 :	10100010;
	17767 :	00101010;
	17766 :	10101011;
	17765 :	01001011;
	17764 :	10110011;
	17763 :	00101010;
	17762 :	10101011;
	17761 :	01001011;
	17760 :	10110011;
	17759 :	00101010;
	17758 :	10101011;
	17757 :	01110010;
	17756 :	10010100;
	17755 :	01110010;
	17754 :	10010100;
	17753 :	00010011;
	17752 :	10110101;
	17751 :	10010010;
	17750 :	10101100;
	17749 :	10010010;
	17748 :	10101100;
	17747 :	10010010;
	17746 :	10101100;
	17745 :	01101100;
	17744 :	01111011;
	17743 :	00101111;
	17742 :	10010100;
	17741 :	11001000;
	17740 :	01101001;
	17739 :	11111010;
	17738 :	11010101;
	17737 :	01111000;
	17736 :	11000101;
	17735 :	10010101;
	17734 :	11000101;
	17733 :	00110101;
	17732 :	11000101;
	17731 :	10110011;
	17730 :	11101101;
	17729 :	00101110;
	17728 :	10110100;
	17727 :	00001101;
	17726 :	11000100;
	17725 :	00101010;
	17724 :	10010011;
	17723 :	10000111;
	17722 :	01111010;
	17721 :	10101000;
	17720 :	10010010;
	17719 :	10101000;
	17718 :	10010010;
	17717 :	00101010;
	17716 :	10010011;
	17715 :	10001101;
	17714 :	10110011;
	17713 :	00101110;
	17712 :	10110100;
	17711 :	01010010;
	17710 :	11001100;
	17709 :	11010100;
	17708 :	11000100;
	17707 :	01010110;
	17706 :	11000101;
	17705 :	10110111;
	17704 :	11010101;
	17703 :	00011001;
	17702 :	11001110;
	17701 :	11111110;
	17700 :	11110110;
	17699 :	11111110;
	17698 :	11100110;
	17697 :	11111110;
	17696 :	11100110;
	17695 :	01111100;
	17694 :	11010110;
	17693 :	11111110;
	17692 :	11100110;
	17691 :	10111001;
	17690 :	11000101;
	17689 :	11111010;
	17688 :	11000101;
	17687 :	10111001;
	17686 :	11000101;
	17685 :	10111001;
	17684 :	11000101;
	17683 :	11011010;
	17682 :	10111101;
	17681 :	10111001;
	17680 :	11000101;
	17679 :	10011001;
	17678 :	10110101;
	17677 :	11011010;
	17676 :	10111101;
	17675 :	10111001;
	17674 :	11000101;
	17673 :	10011001;
	17672 :	10110101;
	17671 :	00011001;
	17670 :	10111110;
	17669 :	10011001;
	17668 :	10110101;
	17667 :	10011001;
	17666 :	10110101;
	17665 :	11011010;
	17664 :	10111101;
	17663 :	00110111;
	17662 :	10101101;
	17661 :	00110111;
	17660 :	10101101;
	17659 :	10011011;
	17658 :	11010110;
	17657 :	00011111;
	17656 :	11011111;
	17655 :	10011101;
	17654 :	11001110;
	17653 :	00111111;
	17652 :	11100111;
	17651 :	00011111;
	17650 :	11011111;
	17649 :	00011111;
	17648 :	11011111;
	17647 :	00011111;
	17646 :	11011111;
	17645 :	11011110;
	17644 :	11011110;
	17643 :	00111011;
	17642 :	11010110;
	17641 :	01111100;
	17640 :	11010110;
	17639 :	10111101;
	17638 :	11010110;
	17637 :	00011011;
	17636 :	11000110;
	17635 :	10111001;
	17634 :	11000101;
	17633 :	11110110;
	17632 :	10110100;
	17631 :	01011000;
	17630 :	10101101;
	17629 :	10111101;
	17628 :	11100110;
	17627 :	10111101;
	17626 :	11010110;
	17625 :	10011101;
	17624 :	11001110;
	17623 :	01111100;
	17622 :	11010110;
	17621 :	00011011;
	17620 :	11000110;
	17619 :	00011001;
	17618 :	11001110;
	17617 :	00111011;
	17616 :	11010110;
	17615 :	00011011;
	17614 :	11000110;
	17613 :	00011011;
	17612 :	11000110;
	17611 :	01111000;
	17610 :	11000101;
	17609 :	00110111;
	17608 :	10110101;
	17607 :	00110111;
	17606 :	10101101;
	17605 :	00110111;
	17604 :	10110101;
	17603 :	01111000;
	17602 :	11000101;
	17601 :	11011000;
	17600 :	11010101;
	17599 :	10111000;
	17598 :	11100101;
	17597 :	11010000;
	17596 :	10101011;
	17595 :	00101011;
	17594 :	10000011;
	17593 :	00101011;
	17592 :	10000011;
	17591 :	10101000;
	17590 :	10010010;
	17589 :	10000111;
	17588 :	01111010;
	17587 :	10000111;
	17586 :	01111010;
	17585 :	11100110;
	17584 :	01110001;
	17583 :	00100110;
	17582 :	01101010;
	17581 :	00100110;
	17580 :	01101010;
	17579 :	00100111;
	17578 :	01010010;
	17577 :	10100110;
	17576 :	01101001;
	17575 :	10100101;
	17574 :	01100001;
	17573 :	10000101;
	17572 :	01001001;
	17571 :	10100101;
	17570 :	01100001;
	17569 :	10000101;
	17568 :	01001001;
	17567 :	01000011;
	17566 :	01010001;
	17565 :	10000101;
	17564 :	01001001;
	17563 :	10000011;
	17562 :	01000001;
	17561 :	01000011;
	17560 :	01000001;
	17559 :	01100100;
	17558 :	00110001;
	17557 :	00100010;
	17556 :	00101001;
	17555 :	01100100;
	17554 :	00110001;
	17553 :	01100100;
	17552 :	00110001;
	17551 :	01100100;
	17550 :	00110001;
	17549 :	01100100;
	17548 :	00110001;
	17547 :	01100100;
	17546 :	00110001;
	17545 :	10000101;
	17544 :	01001001;
	17543 :	01101001;
	17542 :	00111001;
	17541 :	01100100;
	17540 :	00110001;
	17539 :	10000101;
	17538 :	01001001;
	17537 :	11001000;
	17536 :	01001001;
	17535 :	11001000;
	17534 :	01101001;
	17533 :	01111000;
	17532 :	11000101;
	17531 :	01111000;
	17530 :	10110101;
	17529 :	11111010;
	17528 :	11010101;
	17527 :	11111100;
	17526 :	11000101;
	17525 :	11111010;
	17524 :	11000101;
	17523 :	11111100;
	17522 :	11000101;
	17521 :	10110111;
	17520 :	11000101;
	17519 :	01111000;
	17518 :	11000101;
	17517 :	00101010;
	17516 :	10101011;
	17515 :	11001001;
	17514 :	10100010;
	17513 :	11101010;
	17512 :	11001010;
	17511 :	00101010;
	17510 :	10101011;
	17509 :	01001011;
	17508 :	10110011;
	17507 :	11101010;
	17506 :	11001010;
	17505 :	00101010;
	17504 :	10101011;
	17503 :	10001101;
	17502 :	10110011;
	17501 :	10111000;
	17500 :	11100101;
	17499 :	01111100;
	17498 :	11100110;
	17497 :	11010111;
	17496 :	11100101;
	17495 :	11011000;
	17494 :	11010101;
	17493 :	00111001;
	17492 :	11011110;
	17491 :	11010111;
	17490 :	11100101;
	17489 :	00010110;
	17488 :	11011110;
	17487 :	00110010;
	17486 :	11001101;
	17485 :	10010010;
	17484 :	10101100;
	17483 :	11111010;
	17482 :	11010101;
	17481 :	10110111;
	17480 :	11000101;
	17479 :	01010110;
	17478 :	11000101;
	17477 :	10010101;
	17476 :	11011101;
	17475 :	01010010;
	17474 :	11100101;
	17473 :	10101111;
	17472 :	11000100;
	17471 :	01010000;
	17470 :	11001100;
	17469 :	00101010;
	17468 :	10010011;
	17467 :	00101010;
	17466 :	10101011;
	17465 :	10001010;
	17464 :	10011011;
	17463 :	10001101;
	17462 :	10110011;
	17461 :	00101111;
	17460 :	11000100;
	17459 :	10110010;
	17458 :	11001100;
	17457 :	11010100;
	17456 :	11000100;
	17455 :	01010100;
	17454 :	11010101;
	17453 :	11011000;
	17452 :	11010101;
	17451 :	11011000;
	17450 :	11010101;
	17449 :	10111101;
	17448 :	11100110;
	17447 :	11111110;
	17446 :	11100110;
	17445 :	11111110;
	17444 :	11100110;
	17443 :	01111100;
	17442 :	11010110;
	17441 :	11111110;
	17440 :	11100110;
	17439 :	01111100;
	17438 :	11010110;
	17437 :	01111000;
	17436 :	11000101;
	17435 :	01111000;
	17434 :	11000101;
	17433 :	10111001;
	17432 :	11000101;
	17431 :	10011001;
	17430 :	10110101;
	17429 :	11111010;
	17428 :	11000101;
	17427 :	10111001;
	17426 :	11000101;
	17425 :	11011010;
	17424 :	10111101;
	17423 :	10010111;
	17422 :	10111101;
	17421 :	11111010;
	17420 :	11000101;
	17419 :	10011001;
	17418 :	10110101;
	17417 :	10011001;
	17416 :	10110101;
	17415 :	11011010;
	17414 :	10111101;
	17413 :	10111001;
	17412 :	11000101;
	17411 :	11011010;
	17410 :	10111101;
	17409 :	11011010;
	17408 :	10111101;
	17407 :	01011000;
	17406 :	10101101;
	17405 :	01011000;
	17404 :	10101101;
	17403 :	01011000;
	17402 :	10101101;
	17401 :	00011011;
	17400 :	11000110;
	17399 :	00011011;
	17398 :	11000110;
	17397 :	10111101;
	17396 :	11010110;
	17395 :	00111111;
	17394 :	11100111;
	17393 :	10111101;
	17392 :	11010110;
	17391 :	10111101;
	17390 :	11010110;
	17389 :	11011110;
	17388 :	11011110;
	17387 :	10111101;
	17386 :	11100110;
	17385 :	11111010;
	17384 :	11000101;
	17383 :	00111100;
	17382 :	11000110;
	17381 :	00011011;
	17380 :	11000110;
	17379 :	01111000;
	17378 :	11000101;
	17377 :	01011000;
	17376 :	10101101;
	17375 :	01011000;
	17374 :	10101101;
	17373 :	11111110;
	17372 :	11100110;
	17371 :	10111101;
	17370 :	11010110;
	17369 :	10111101;
	17368 :	11010110;
	17367 :	10111101;
	17366 :	11010110;
	17365 :	00111011;
	17364 :	11010110;
	17363 :	01111100;
	17362 :	11010110;
	17361 :	01111100;
	17360 :	11010110;
	17359 :	00011011;
	17358 :	11000110;
	17357 :	00011011;
	17356 :	11000110;
	17355 :	01111000;
	17354 :	10110101;
	17353 :	11110110;
	17352 :	10110100;
	17351 :	00110111;
	17350 :	10110101;
	17349 :	11110110;
	17348 :	10110100;
	17347 :	11110110;
	17346 :	10110100;
	17345 :	01111000;
	17344 :	10110101;
	17343 :	00110111;
	17342 :	10110101;
	17341 :	11011000;
	17340 :	11010101;
	17339 :	11011000;
	17338 :	11010101;
	17337 :	11010111;
	17336 :	11100101;
	17335 :	11010000;
	17334 :	10101011;
	17333 :	00101011;
	17332 :	10000011;
	17331 :	00101010;
	17330 :	10010011;
	17329 :	00001001;
	17328 :	10011011;
	17327 :	10101001;
	17326 :	01101010;
	17325 :	10101000;
	17324 :	10010010;
	17323 :	10000111;
	17322 :	01111010;
	17321 :	10000111;
	17320 :	01111010;
	17319 :	00100110;
	17318 :	01111010;
	17317 :	00100110;
	17316 :	01101010;
	17315 :	00100110;
	17314 :	01101010;
	17313 :	00100110;
	17312 :	01101010;
	17311 :	00100111;
	17310 :	01010010;
	17309 :	10000011;
	17308 :	01011001;
	17307 :	10000101;
	17306 :	01001001;
	17305 :	10000011;
	17304 :	01000001;
	17303 :	10000011;
	17302 :	01000001;
	17301 :	01100100;
	17300 :	00110001;
	17299 :	00100010;
	17298 :	00101001;
	17297 :	01100100;
	17296 :	00110001;
	17295 :	01100100;
	17294 :	00110001;
	17293 :	10000101;
	17292 :	01001001;
	17291 :	01100100;
	17290 :	00110001;
	17289 :	10000101;
	17288 :	01001001;
	17287 :	01101001;
	17286 :	00111001;
	17285 :	10000101;
	17284 :	01001001;
	17283 :	11001000;
	17282 :	01001001;
	17281 :	11001000;
	17280 :	01001001;
	17279 :	11001000;
	17278 :	01001001;
	17277 :	11111010;
	17276 :	11000101;
	17275 :	10111001;
	17274 :	11000101;
	17273 :	11111010;
	17272 :	11000101;
	17271 :	11111010;
	17270 :	11000101;
	17269 :	11111010;
	17268 :	11010101;
	17267 :	01111000;
	17266 :	11000101;
	17265 :	01010110;
	17264 :	11010101;
	17263 :	11001001;
	17262 :	10100010;
	17261 :	11101010;
	17260 :	11001010;
	17259 :	00101010;
	17258 :	10101011;
	17257 :	01001011;
	17256 :	10110011;
	17255 :	11101010;
	17254 :	11001010;
	17253 :	11001101;
	17252 :	11000011;
	17251 :	10001101;
	17250 :	10110011;
	17249 :	01001011;
	17248 :	10110011;
	17247 :	01001011;
	17246 :	10110011;
	17245 :	10001101;
	17244 :	10110011;
	17243 :	01001011;
	17242 :	10110011;
	17241 :	10001101;
	17240 :	10110011;
	17239 :	10001011;
	17238 :	11000011;
	17237 :	11001001;
	17236 :	10100010;
	17235 :	11001001;
	17234 :	10100010;
	17233 :	10100111;
	17232 :	10100010;
	17231 :	10001101;
	17230 :	10110011;
	17229 :	01010100;
	17228 :	11100101;
	17227 :	01111000;
	17226 :	11000101;
	17225 :	10110111;
	17224 :	11000101;
	17223 :	01010110;
	17222 :	11010101;
	17221 :	10111000;
	17220 :	11100101;
	17219 :	00010001;
	17218 :	11010101;
	17217 :	10101111;
	17216 :	11000100;
	17215 :	10101111;
	17214 :	11000100;
	17213 :	10001101;
	17212 :	10110011;
	17211 :	00101110;
	17210 :	10110100;
	17209 :	01010000;
	17208 :	11001100;
	17207 :	10110010;
	17206 :	11001100;
	17205 :	00110101;
	17204 :	11000101;
	17203 :	00110101;
	17202 :	11000101;
	17201 :	10010111;
	17200 :	10111101;
	17199 :	11111010;
	17198 :	11000101;
	17197 :	00011011;
	17196 :	11000110;
	17195 :	01111100;
	17194 :	11100110;
	17193 :	11111110;
	17192 :	11100110;
	17191 :	11111110;
	17190 :	11110110;
	17189 :	11111110;
	17188 :	11110110;
	17187 :	11111110;
	17186 :	11100110;
	17185 :	11111110;
	17184 :	11100110;
	17183 :	01111000;
	17182 :	11000101;
	17181 :	11111010;
	17180 :	11000101;
	17179 :	10011001;
	17178 :	10110101;
	17177 :	11111010;
	17176 :	11000101;
	17175 :	11111010;
	17174 :	11000101;
	17173 :	10011001;
	17172 :	10110101;
	17171 :	11111010;
	17170 :	11000101;
	17169 :	11011010;
	17168 :	10111101;
	17167 :	11111010;
	17166 :	11000101;
	17165 :	10011001;
	17164 :	10110101;
	17163 :	00011001;
	17162 :	10111110;
	17161 :	10011001;
	17160 :	10110101;
	17159 :	11111010;
	17158 :	11000101;
	17157 :	11011010;
	17156 :	10111101;
	17155 :	11111100;
	17154 :	11000101;
	17153 :	11011010;
	17152 :	10111101;
	17151 :	10011001;
	17150 :	10101101;
	17149 :	01111100;
	17148 :	11010110;
	17147 :	00011111;
	17146 :	11011111;
	17145 :	00011011;
	17144 :	11000110;
	17143 :	10011001;
	17142 :	10110101;
	17141 :	10111101;
	17140 :	11010110;
	17139 :	00011111;
	17138 :	11011111;
	17137 :	10011011;
	17136 :	11010110;
	17135 :	11011110;
	17134 :	11011110;
	17133 :	00011101;
	17132 :	11011111;
	17131 :	11011110;
	17130 :	11011110;
	17129 :	11011110;
	17128 :	11011110;
	17127 :	10111101;
	17126 :	11100110;
	17125 :	11111010;
	17124 :	11000101;
	17123 :	01111010;
	17122 :	10101101;
	17121 :	01111000;
	17120 :	11000101;
	17119 :	01011000;
	17118 :	10101101;
	17117 :	00011101;
	17116 :	11011111;
	17115 :	00111111;
	17114 :	11100111;
	17113 :	10111101;
	17112 :	11010110;
	17111 :	00011111;
	17110 :	11011111;
	17109 :	00111011;
	17108 :	11010110;
	17107 :	00011001;
	17106 :	10111110;
	17105 :	01111000;
	17104 :	10110101;
	17103 :	01111000;
	17102 :	11000101;
	17101 :	11111010;
	17100 :	11000101;
	17099 :	00110111;
	17098 :	10110101;
	17097 :	11110110;
	17096 :	10110100;
	17095 :	01011000;
	17094 :	10101101;
	17093 :	11110110;
	17092 :	10110100;
	17091 :	00110111;
	17090 :	10110101;
	17089 :	11110110;
	17088 :	10100100;
	17087 :	00110111;
	17086 :	10110101;
	17085 :	00110111;
	17084 :	10101101;
	17083 :	00110111;
	17082 :	10110101;
	17081 :	00110111;
	17080 :	10110101;
	17079 :	11111010;
	17078 :	11010101;
	17077 :	00111001;
	17076 :	11011110;
	17075 :	10110111;
	17074 :	11010101;
	17073 :	10010010;
	17072 :	10101100;
	17071 :	00101010;
	17070 :	10010011;
	17069 :	00101010;
	17068 :	10010011;
	17067 :	00101010;
	17066 :	10010011;
	17065 :	00101010;
	17064 :	10010011;
	17063 :	00001001;
	17062 :	10011011;
	17061 :	10000111;
	17060 :	01111010;
	17059 :	10101000;
	17058 :	10010010;
	17057 :	10000111;
	17056 :	01111010;
	17055 :	10000111;
	17054 :	01111010;
	17053 :	00100110;
	17052 :	01101010;
	17051 :	00100111;
	17050 :	01010010;
	17049 :	10100101;
	17048 :	01100001;
	17047 :	10000011;
	17046 :	01011001;
	17045 :	10000101;
	17044 :	01001001;
	17043 :	01100100;
	17042 :	00110001;
	17041 :	01100100;
	17040 :	00110001;
	17039 :	10000101;
	17038 :	01001001;
	17037 :	01100100;
	17036 :	00110001;
	17035 :	01101001;
	17034 :	00111001;
	17033 :	01100100;
	17032 :	00110001;
	17031 :	11001000;
	17030 :	01001001;
	17029 :	10000101;
	17028 :	01001001;
	17027 :	11001000;
	17026 :	01001001;
	17025 :	11001000;
	17024 :	01001001;
	17023 :	11001000;
	17022 :	01101001;
	17021 :	11111010;
	17020 :	11000101;
	17019 :	11111010;
	17018 :	11000101;
	17017 :	10111001;
	17016 :	11000101;
	17015 :	11111010;
	17014 :	11010101;
	17013 :	11111010;
	17012 :	11000101;
	17011 :	01111000;
	17010 :	11000101;
	17009 :	10001101;
	17008 :	10110011;
	17007 :	11001001;
	17006 :	10100010;
	17005 :	11101010;
	17004 :	11001010;
	17003 :	11001101;
	17002 :	11000011;
	17001 :	11001101;
	17000 :	11000011;
	16999 :	11110000;
	16998 :	11001011;
	16997 :	11101010;
	16996 :	11001010;
	16995 :	11001101;
	16994 :	11000011;
	16993 :	01001011;
	16992 :	10110011;
	16991 :	00101010;
	16990 :	10101011;
	16989 :	01001011;
	16988 :	10110011;
	16987 :	01001011;
	16986 :	10110011;
	16985 :	01001011;
	16984 :	10110011;
	16983 :	01001010;
	16982 :	11000011;
	16981 :	10001011;
	16980 :	11000011;
	16979 :	00101001;
	16978 :	10110011;
	16977 :	11000110;
	16976 :	10110010;
	16975 :	01100111;
	16974 :	10100010;
	16973 :	10101000;
	16972 :	10010010;
	16971 :	01010110;
	16970 :	11010101;
	16969 :	01010110;
	16968 :	11000101;
	16967 :	01010110;
	16966 :	11010101;
	16965 :	01111001;
	16964 :	11101110;
	16963 :	00010001;
	16962 :	11010101;
	16961 :	11001111;
	16960 :	11010100;
	16959 :	10101111;
	16958 :	11000100;
	16957 :	01010010;
	16956 :	11001100;
	16955 :	00110101;
	16954 :	11000101;
	16953 :	10110111;
	16952 :	11010101;
	16951 :	01010110;
	16950 :	11000101;
	16949 :	01111000;
	16948 :	10110101;
	16947 :	01111000;
	16946 :	10110101;
	16945 :	11111110;
	16944 :	11100110;
	16943 :	10111101;
	16942 :	11100110;
	16941 :	10111101;
	16940 :	11100110;
	16939 :	10111101;
	16938 :	11100110;
	16937 :	11111110;
	16936 :	11100110;
	16935 :	11111110;
	16934 :	11100110;
	16933 :	11111110;
	16932 :	11100110;
	16931 :	11111010;
	16930 :	11010101;
	16929 :	10011001;
	16928 :	10110101;
	16927 :	11111010;
	16926 :	11000101;
	16925 :	01111000;
	16924 :	11000101;
	16923 :	11111010;
	16922 :	11000101;
	16921 :	10111001;
	16920 :	11000101;
	16919 :	10111001;
	16918 :	11000101;
	16917 :	11111010;
	16916 :	11000101;
	16915 :	11011010;
	16914 :	10111101;
	16913 :	11111010;
	16912 :	11000101;
	16911 :	11011010;
	16910 :	10111101;
	16909 :	00011011;
	16908 :	11000110;
	16907 :	11011010;
	16906 :	10111101;
	16905 :	00011001;
	16904 :	10111110;
	16903 :	11111010;
	16902 :	11000101;
	16901 :	11011010;
	16900 :	10111101;
	16899 :	11011010;
	16898 :	10111101;
	16897 :	11011010;
	16896 :	10111101;
	16895 :	10011010;
	16894 :	10101101;
	16893 :	10011101;
	16892 :	11001110;
	16891 :	10111101;
	16890 :	11010110;
	16889 :	10011101;
	16888 :	11001110;
	16887 :	11011010;
	16886 :	10111101;
	16885 :	10111101;
	16884 :	11010110;
	16883 :	00111100;
	16882 :	11000110;
	16881 :	00011011;
	16880 :	10111110;
	16879 :	11011110;
	16878 :	11011110;
	16877 :	11011110;
	16876 :	11011110;
	16875 :	11011110;
	16874 :	11011110;
	16873 :	11011110;
	16872 :	11011110;
	16871 :	01111100;
	16870 :	11010110;
	16869 :	11111010;
	16868 :	11000101;
	16867 :	10011001;
	16866 :	10110101;
	16865 :	01111010;
	16864 :	10101101;
	16863 :	00011001;
	16862 :	10111110;
	16861 :	01111100;
	16860 :	11010110;
	16859 :	10011011;
	16858 :	11010110;
	16857 :	10011011;
	16856 :	11010110;
	16855 :	11011110;
	16854 :	11011110;
	16853 :	01111100;
	16852 :	11010110;
	16851 :	01111100;
	16850 :	11010110;
	16849 :	01111100;
	16848 :	11010110;
	16847 :	00011011;
	16846 :	11000110;
	16845 :	00011011;
	16844 :	11000110;
	16843 :	10010111;
	16842 :	10111101;
	16841 :	11110110;
	16840 :	10100100;
	16839 :	00110111;
	16838 :	10110101;
	16837 :	11110110;
	16836 :	10100100;
	16835 :	00110111;
	16834 :	10110101;
	16833 :	11110110;
	16832 :	10110100;
	16831 :	00110111;
	16830 :	10101101;
	16829 :	00110111;
	16828 :	10110101;
	16827 :	11110110;
	16826 :	10110100;
	16825 :	00110111;
	16824 :	10110101;
	16823 :	00110111;
	16822 :	10110101;
	16821 :	10111001;
	16820 :	11000101;
	16819 :	10111001;
	16818 :	11000101;
	16817 :	11011000;
	16816 :	11010101;
	16815 :	11011000;
	16814 :	11010101;
	16813 :	10110111;
	16812 :	11010101;
	16811 :	01010110;
	16810 :	11010101;
	16809 :	10010010;
	16808 :	10101100;
	16807 :	10010010;
	16806 :	10101100;
	16805 :	11010000;
	16804 :	10101011;
	16803 :	00101111;
	16802 :	10010100;
	16801 :	10001011;
	16800 :	10101011;
	16799 :	00101010;
	16798 :	10010011;
	16797 :	10000111;
	16796 :	01111010;
	16795 :	00100110;
	16794 :	01111010;
	16793 :	00000101;
	16792 :	01101010;
	16791 :	00100110;
	16790 :	01101010;
	16789 :	10000111;
	16788 :	01111010;
	16787 :	00100110;
	16786 :	01101010;
	16785 :	10000101;
	16784 :	01001001;
	16783 :	01100100;
	16782 :	00110001;
	16781 :	10000101;
	16780 :	01001001;
	16779 :	01100100;
	16778 :	00110001;
	16777 :	01101001;
	16776 :	00111001;
	16775 :	01101001;
	16774 :	00111001;
	16773 :	01101001;
	16772 :	00111001;
	16771 :	11001000;
	16770 :	01001001;
	16769 :	11001000;
	16768 :	01001001;
	16767 :	11001000;
	16766 :	01001001;
	16765 :	11111010;
	16764 :	11000101;
	16763 :	11111010;
	16762 :	11000101;
	16761 :	11111010;
	16760 :	11010101;
	16759 :	11111010;
	16758 :	11000101;
	16757 :	01010110;
	16756 :	11010101;
	16755 :	10001101;
	16754 :	10110011;
	16753 :	11101010;
	16752 :	11001010;
	16751 :	11001101;
	16750 :	11000011;
	16749 :	11110000;
	16748 :	11001011;
	16747 :	11110000;
	16746 :	11001011;
	16745 :	11001101;
	16744 :	11000011;
	16743 :	11001101;
	16742 :	11000011;
	16741 :	11001101;
	16740 :	11000011;
	16739 :	10001101;
	16738 :	10110011;
	16737 :	01001011;
	16736 :	10110011;
	16735 :	11101010;
	16734 :	11001010;
	16733 :	01001011;
	16732 :	10110011;
	16731 :	01001011;
	16730 :	10110011;
	16729 :	01001011;
	16728 :	10110011;
	16727 :	01001011;
	16726 :	10110011;
	16725 :	10001011;
	16724 :	11000011;
	16723 :	00101100;
	16722 :	11010100;
	16721 :	01100111;
	16720 :	10100010;
	16719 :	11000110;
	16718 :	10110010;
	16717 :	00001001;
	16716 :	10100011;
	16715 :	01010100;
	16714 :	11010101;
	16713 :	01010110;
	16712 :	11010101;
	16711 :	00010110;
	16710 :	11011110;
	16709 :	00110111;
	16708 :	11100110;
	16707 :	00110010;
	16706 :	11001101;
	16705 :	00110101;
	16704 :	11000101;
	16703 :	10110111;
	16702 :	11000101;
	16701 :	01010110;
	16700 :	11000101;
	16699 :	01010110;
	16698 :	11000101;
	16697 :	11110110;
	16696 :	10110100;
	16695 :	11110110;
	16694 :	10110100;
	16693 :	00110111;
	16692 :	10110101;
	16691 :	01011000;
	16690 :	10101101;
	16689 :	00110111;
	16688 :	10110101;
	16687 :	01111000;
	16686 :	10110101;
	16685 :	10010111;
	16684 :	10111101;
	16683 :	00110111;
	16682 :	10101101;
	16681 :	01111000;
	16680 :	11000101;
	16679 :	01111000;
	16678 :	10110101;
	16677 :	10011001;
	16676 :	10110101;
	16675 :	11111010;
	16674 :	11000101;
	16673 :	10111001;
	16672 :	11000101;
	16671 :	10111001;
	16670 :	11000101;
	16669 :	10111001;
	16668 :	11000101;
	16667 :	00011001;
	16666 :	10111110;
	16665 :	11111010;
	16664 :	11000101;
	16663 :	11011010;
	16662 :	10111101;
	16661 :	00011001;
	16660 :	10111110;
	16659 :	11011010;
	16658 :	10111101;
	16657 :	00011011;
	16656 :	11000110;
	16655 :	11111010;
	16654 :	11000101;
	16653 :	00011011;
	16652 :	11000110;
	16651 :	11011010;
	16650 :	10111101;
	16649 :	00011011;
	16648 :	11000110;
	16647 :	11011010;
	16646 :	10111101;
	16645 :	11111010;
	16644 :	11000101;
	16643 :	11111010;
	16642 :	11000101;
	16641 :	11111010;
	16640 :	11000101;
	16639 :	00110111;
	16638 :	10101101;
	16637 :	00111100;
	16636 :	11000110;
	16635 :	11011110;
	16634 :	11011110;
	16633 :	11011110;
	16632 :	11011110;
	16631 :	11111100;
	16630 :	11000101;
	16629 :	00011111;
	16628 :	11011111;
	16627 :	11011110;
	16626 :	11011110;
	16625 :	00111011;
	16624 :	11010110;
	16623 :	00111111;
	16622 :	11100111;
	16621 :	11011110;
	16620 :	11011110;
	16619 :	11011110;
	16618 :	11011110;
	16617 :	10111101;
	16616 :	11100110;
	16615 :	10111101;
	16614 :	11100110;
	16613 :	11011010;
	16612 :	10111101;
	16611 :	01111000;
	16610 :	10110101;
	16609 :	10011001;
	16608 :	10110101;
	16607 :	01111100;
	16606 :	11010110;
	16605 :	01111100;
	16604 :	11010110;
	16603 :	10111101;
	16602 :	11010110;
	16601 :	00111100;
	16600 :	11000110;
	16599 :	01111100;
	16598 :	11010110;
	16597 :	00111100;
	16596 :	11000110;
	16595 :	00111011;
	16594 :	11010110;
	16593 :	01011000;
	16592 :	10101101;
	16591 :	00011011;
	16590 :	11000110;
	16589 :	00011011;
	16588 :	11000110;
	16587 :	01111000;
	16586 :	11000101;
	16585 :	00110111;
	16584 :	10101101;
	16583 :	11110110;
	16582 :	10110100;
	16581 :	01011000;
	16580 :	10101101;
	16579 :	11110110;
	16578 :	10100100;
	16577 :	00110111;
	16576 :	10110101;
	16575 :	00110111;
	16574 :	10110101;
	16573 :	11110110;
	16572 :	10100100;
	16571 :	00110111;
	16570 :	10110101;
	16569 :	00110111;
	16568 :	10110101;
	16567 :	01011000;
	16566 :	10101101;
	16565 :	10111001;
	16564 :	11000101;
	16563 :	10111001;
	16562 :	11000101;
	16561 :	11111010;
	16560 :	11010101;
	16559 :	10111001;
	16558 :	11000101;
	16557 :	10110111;
	16556 :	11000101;
	16555 :	01010110;
	16554 :	11000101;
	16553 :	10110111;
	16552 :	11000101;
	16551 :	01010110;
	16550 :	11010101;
	16549 :	11011000;
	16548 :	11010101;
	16547 :	11010111;
	16546 :	11100101;
	16545 :	01010110;
	16544 :	11010101;
	16543 :	11010000;
	16542 :	10101011;
	16541 :	00101010;
	16540 :	10010011;
	16539 :	00101010;
	16538 :	10010011;
	16537 :	10000111;
	16536 :	01111010;
	16535 :	10000111;
	16534 :	10001010;
	16533 :	00101010;
	16532 :	10010011;
	16531 :	00101010;
	16530 :	10010011;
	16529 :	00100110;
	16528 :	01101010;
	16527 :	01100100;
	16526 :	00110001;
	16525 :	01100100;
	16524 :	00110001;
	16523 :	10000101;
	16522 :	01001001;
	16521 :	10000101;
	16520 :	01001001;
	16519 :	10000101;
	16518 :	01001001;
	16517 :	11001000;
	16516 :	01001001;
	16515 :	11001000;
	16514 :	01001001;
	16513 :	11001000;
	16512 :	01001001;
	16511 :	11001000;
	16510 :	01001001;
	16509 :	11111010;
	16508 :	11000101;
	16507 :	11111010;
	16506 :	11010101;
	16505 :	11111010;
	16504 :	11010101;
	16503 :	11111010;
	16502 :	11000101;
	16501 :	10001101;
	16500 :	10110011;
	16499 :	00101010;
	16498 :	10101011;
	16497 :	11001101;
	16496 :	11000011;
	16495 :	00101111;
	16494 :	11010100;
	16493 :	00101111;
	16492 :	11010100;
	16491 :	11001101;
	16490 :	11000011;
	16489 :	11001101;
	16488 :	11000011;
	16487 :	11001101;
	16486 :	11000011;
	16485 :	11001101;
	16484 :	11000011;
	16483 :	10001101;
	16482 :	10110011;
	16481 :	01001011;
	16480 :	10110011;
	16479 :	01001011;
	16478 :	10110011;
	16477 :	01001011;
	16476 :	10110011;
	16475 :	00101010;
	16474 :	10101011;
	16473 :	01001011;
	16472 :	10110011;
	16471 :	01001011;
	16470 :	10110011;
	16469 :	10001011;
	16468 :	11000011;
	16467 :	11001101;
	16466 :	11000011;
	16465 :	01001011;
	16464 :	11010011;
	16463 :	01100111;
	16462 :	10100010;
	16461 :	11001001;
	16460 :	10100010;
	16459 :	01010100;
	16458 :	11010101;
	16457 :	01010110;
	16456 :	11010101;
	16455 :	01111001;
	16454 :	11101110;
	16453 :	00110101;
	16452 :	11000101;
	16451 :	00111001;
	16450 :	11011110;
	16449 :	11011000;
	16448 :	11010101;
	16447 :	00110101;
	16446 :	10110101;
	16445 :	00110111;
	16444 :	10110101;
	16443 :	00110111;
	16442 :	10101101;
	16441 :	00110111;
	16440 :	10110101;
	16439 :	01011000;
	16438 :	10101101;
	16437 :	00110111;
	16436 :	10101101;
	16435 :	01111000;
	16434 :	10110101;
	16433 :	00110111;
	16432 :	10110101;
	16431 :	01111000;
	16430 :	10110101;
	16429 :	01111000;
	16428 :	11000101;
	16427 :	01111000;
	16426 :	11000101;
	16425 :	10011001;
	16424 :	10110101;
	16423 :	10111001;
	16422 :	11000101;
	16421 :	10111001;
	16420 :	11000101;
	16419 :	10111001;
	16418 :	11000101;
	16417 :	11111010;
	16416 :	11000101;
	16415 :	10111001;
	16414 :	11000101;
	16413 :	00011001;
	16412 :	10111110;
	16411 :	10011001;
	16410 :	10110101;
	16409 :	11011010;
	16408 :	10111101;
	16407 :	10111001;
	16406 :	11000101;
	16405 :	11111010;
	16404 :	11000101;
	16403 :	10111101;
	16402 :	11100110;
	16401 :	00111111;
	16400 :	11100111;
	16399 :	11111100;
	16398 :	11000101;
	16397 :	11111010;
	16396 :	11000101;
	16395 :	00011011;
	16394 :	11000110;
	16393 :	11111010;
	16392 :	11000101;
	16391 :	11111010;
	16390 :	11000101;
	16389 :	11111100;
	16388 :	11000101;
	16387 :	11111100;
	16386 :	11000101;
	16385 :	11111100;
	16384 :	11000101;
	16383 :	00110111;
	16382 :	10101101;
	16381 :	10011010;
	16380 :	10101101;
	16379 :	10011101;
	16378 :	11001110;
	16377 :	00011111;
	16376 :	11011111;
	16375 :	00111100;
	16374 :	11000110;
	16373 :	10111101;
	16372 :	11010110;
	16371 :	10111101;
	16370 :	11100110;
	16369 :	00111100;
	16368 :	11000110;
	16367 :	00011111;
	16366 :	11011111;
	16365 :	00111011;
	16364 :	11010110;
	16363 :	11111010;
	16362 :	11000101;
	16361 :	11111010;
	16360 :	11000101;
	16359 :	11011110;
	16358 :	11011110;
	16357 :	10111001;
	16356 :	11000101;
	16355 :	10011001;
	16354 :	10110101;
	16353 :	10011001;
	16352 :	10110101;
	16351 :	11011110;
	16350 :	11011110;
	16349 :	11111110;
	16348 :	11100110;
	16347 :	00011101;
	16346 :	11011111;
	16345 :	00011101;
	16344 :	11011111;
	16343 :	00011101;
	16342 :	11011111;
	16341 :	10111101;
	16340 :	11010110;
	16339 :	10111101;
	16338 :	11010110;
	16337 :	01111100;
	16336 :	11010110;
	16335 :	00111011;
	16334 :	11010110;
	16333 :	01111100;
	16332 :	11010110;
	16331 :	10010111;
	16330 :	10111101;
	16329 :	00110111;
	16328 :	10110101;
	16327 :	11110110;
	16326 :	10100100;
	16325 :	00110111;
	16324 :	10101101;
	16323 :	11110110;
	16322 :	10110100;
	16321 :	11110110;
	16320 :	10100100;
	16319 :	00110111;
	16318 :	10110101;
	16317 :	00110111;
	16316 :	10110101;
	16315 :	00110111;
	16314 :	10101101;
	16313 :	00110111;
	16312 :	10110101;
	16311 :	00110111;
	16310 :	10110101;
	16309 :	10110111;
	16308 :	11000101;
	16307 :	10111001;
	16306 :	11000101;
	16305 :	10111001;
	16304 :	11000101;
	16303 :	00111001;
	16302 :	11011110;
	16301 :	11111010;
	16300 :	11000101;
	16299 :	10111001;
	16298 :	11000101;
	16297 :	01111000;
	16296 :	10110101;
	16295 :	00110101;
	16294 :	10110101;
	16293 :	00110101;
	16292 :	10110101;
	16291 :	00110111;
	16290 :	10110101;
	16289 :	00110101;
	16288 :	10110101;
	16287 :	00110101;
	16286 :	10110101;
	16285 :	00110101;
	16284 :	11000101;
	16283 :	00010110;
	16282 :	11011110;
	16281 :	00110010;
	16280 :	11001101;
	16279 :	10110010;
	16278 :	11001100;
	16277 :	00101110;
	16276 :	10110100;
	16275 :	10001010;
	16274 :	10011011;
	16273 :	00101010;
	16272 :	10010011;
	16271 :	00100111;
	16270 :	01010010;
	16269 :	10000101;
	16268 :	01001001;
	16267 :	10000101;
	16266 :	01001001;
	16265 :	10000101;
	16264 :	01001001;
	16263 :	11001000;
	16262 :	01001001;
	16261 :	11001000;
	16260 :	01001001;
	16259 :	11001000;
	16258 :	01001001;
	16257 :	01101001;
	16256 :	01011010;
	16255 :	11010000;
	16254 :	10001011;
	16253 :	00111011;
	16252 :	11010110;
	16251 :	01111000;
	16250 :	11000101;
	16249 :	01111000;
	16248 :	11000101;
	16247 :	11010000;
	16246 :	10101011;
	16245 :	11101010;
	16244 :	11001010;
	16243 :	00001111;
	16242 :	11100100;
	16241 :	11110000;
	16240 :	11001011;
	16239 :	11110000;
	16238 :	11001011;
	16237 :	11001101;
	16236 :	11000011;
	16235 :	11110000;
	16234 :	11001011;
	16233 :	10001110;
	16232 :	11101011;
	16231 :	11001101;
	16230 :	11000011;
	16229 :	11001101;
	16228 :	11000011;
	16227 :	01001010;
	16226 :	11000011;
	16225 :	01001011;
	16224 :	10110011;
	16223 :	00101010;
	16222 :	10101011;
	16221 :	00101010;
	16220 :	10101011;
	16219 :	01001011;
	16218 :	10110011;
	16217 :	10001101;
	16216 :	10110011;
	16215 :	01001011;
	16214 :	10110011;
	16213 :	01001011;
	16212 :	10110011;
	16211 :	01001011;
	16210 :	10110011;
	16209 :	00110000;
	16208 :	11110101;
	16207 :	11000110;
	16206 :	10110010;
	16205 :	00001011;
	16204 :	10111100;
	16203 :	01010100;
	16202 :	11010101;
	16201 :	11010111;
	16200 :	11100101;
	16199 :	00011001;
	16198 :	11001110;
	16197 :	01111100;
	16196 :	11100110;
	16195 :	10011111;
	16194 :	11101111;
	16193 :	10111101;
	16192 :	11100110;
	16191 :	00110111;
	16190 :	10101101;
	16189 :	00110111;
	16188 :	10101101;
	16187 :	00110111;
	16186 :	10110101;
	16185 :	00110111;
	16184 :	10101101;
	16183 :	00110111;
	16182 :	10110101;
	16181 :	00110111;
	16180 :	10110101;
	16179 :	10010111;
	16178 :	10111101;
	16177 :	01111000;
	16176 :	10110101;
	16175 :	10011001;
	16174 :	10110101;
	16173 :	10011001;
	16172 :	10110101;
	16171 :	10111001;
	16170 :	11000101;
	16169 :	10110111;
	16168 :	11000101;
	16167 :	10011001;
	16166 :	10110101;
	16165 :	11111010;
	16164 :	11000101;
	16163 :	10011001;
	16162 :	10110101;
	16161 :	10111001;
	16160 :	11000101;
	16159 :	10011001;
	16158 :	10110101;
	16157 :	11111010;
	16156 :	11000101;
	16155 :	11111010;
	16154 :	11000101;
	16153 :	11111010;
	16152 :	11010101;
	16151 :	11111010;
	16150 :	11000101;
	16149 :	01011111;
	16148 :	11110111;
	16147 :	00111111;
	16146 :	11100111;
	16145 :	10111101;
	16144 :	11100110;
	16143 :	00111100;
	16142 :	11000110;
	16141 :	00011011;
	16140 :	11000110;
	16139 :	11111010;
	16138 :	11000101;
	16137 :	11111100;
	16136 :	11000101;
	16135 :	00011011;
	16134 :	11000110;
	16133 :	00011011;
	16132 :	11000110;
	16131 :	00111100;
	16130 :	11000110;
	16129 :	11111100;
	16128 :	11000101;
	16127 :	01111000;
	16126 :	10110101;
	16125 :	01011000;
	16124 :	10101101;
	16123 :	10011001;
	16122 :	10110101;
	16121 :	11011110;
	16120 :	11011110;
	16119 :	11011010;
	16118 :	10111101;
	16117 :	11111100;
	16116 :	11000101;
	16115 :	10111101;
	16114 :	11010110;
	16113 :	00011111;
	16112 :	11011111;
	16111 :	10011111;
	16110 :	11101111;
	16109 :	11111110;
	16108 :	11100110;
	16107 :	11011110;
	16106 :	11011110;
	16105 :	10111101;
	16104 :	11100110;
	16103 :	01111100;
	16102 :	11010110;
	16101 :	11011010;
	16100 :	10111101;
	16099 :	10011001;
	16098 :	10110101;
	16097 :	10011001;
	16096 :	10110101;
	16095 :	11011010;
	16094 :	10111101;
	16093 :	00011011;
	16092 :	11000110;
	16091 :	11011010;
	16090 :	10111101;
	16089 :	10011001;
	16088 :	10101101;
	16087 :	10011001;
	16086 :	10101101;
	16085 :	00110111;
	16084 :	10101101;
	16083 :	00010110;
	16082 :	10011101;
	16081 :	00010101;
	16080 :	10101101;
	16079 :	00110111;
	16078 :	10101101;
	16077 :	00110111;
	16076 :	10101101;
	16075 :	01111000;
	16074 :	10110101;
	16073 :	01010110;
	16072 :	11000101;
	16071 :	00110111;
	16070 :	10110101;
	16069 :	00110111;
	16068 :	10101101;
	16067 :	00110111;
	16066 :	10101101;
	16065 :	00110111;
	16064 :	10110101;
	16063 :	00110111;
	16062 :	10110101;
	16061 :	11110110;
	16060 :	10100100;
	16059 :	00110111;
	16058 :	10110101;
	16057 :	00110111;
	16056 :	10101101;
	16055 :	00110111;
	16054 :	10101101;
	16053 :	10010111;
	16052 :	10111101;
	16051 :	10111001;
	16050 :	11000101;
	16049 :	10111001;
	16048 :	11000101;
	16047 :	11011000;
	16046 :	11010101;
	16045 :	11111010;
	16044 :	11000101;
	16043 :	10010111;
	16042 :	10111101;
	16041 :	00110101;
	16040 :	10110101;
	16039 :	00110111;
	16038 :	10101101;
	16037 :	00010101;
	16036 :	10101101;
	16035 :	11110101;
	16034 :	10110100;
	16033 :	11110110;
	16032 :	10110100;
	16031 :	01010110;
	16030 :	11000101;
	16029 :	00110101;
	16028 :	10110101;
	16027 :	11110110;
	16026 :	10110100;
	16025 :	01010110;
	16024 :	11000101;
	16023 :	00110101;
	16022 :	11000101;
	16021 :	00110101;
	16020 :	11000101;
	16019 :	00110101;
	16018 :	11000101;
	16017 :	00110101;
	16016 :	11000101;
	16015 :	00110010;
	16014 :	11001101;
	16013 :	01001001;
	16012 :	10000011;
	16011 :	10000101;
	16010 :	01001001;
	16009 :	10000101;
	16008 :	01001001;
	16007 :	10000101;
	16006 :	01001001;
	16005 :	11001000;
	16004 :	01001001;
	16003 :	11001000;
	16002 :	01001001;
	16001 :	11001000;
	16000 :	01101001;
	15999 :	01111000;
	15998 :	11000101;
	15997 :	11111010;
	15996 :	11000101;
	15995 :	11111010;
	15994 :	11010101;
	15993 :	00110011;
	15992 :	11101100;
	15991 :	11001101;
	15990 :	11000011;
	15989 :	01110010;
	15988 :	11010100;
	15987 :	01010001;
	15986 :	11010100;
	15985 :	00001111;
	15984 :	11100100;
	15983 :	11001101;
	15982 :	11000011;
	15981 :	00001111;
	15980 :	11100100;
	15979 :	11110000;
	15978 :	11001011;
	15977 :	11001101;
	15976 :	11000011;
	15975 :	11001101;
	15974 :	11000011;
	15973 :	11001101;
	15972 :	11000011;
	15971 :	10001101;
	15970 :	10110011;
	15969 :	01001011;
	15968 :	10110011;
	15967 :	00101010;
	15966 :	10101011;
	15965 :	01001011;
	15964 :	10110011;
	15963 :	00101010;
	15962 :	10101011;
	15961 :	01001011;
	15960 :	10110011;
	15959 :	01001011;
	15958 :	10110011;
	15957 :	10001011;
	15956 :	10111011;
	15955 :	10001011;
	15954 :	11000011;
	15953 :	11110010;
	15952 :	11101100;
	15951 :	00001001;
	15950 :	11000011;
	15949 :	11110000;
	15948 :	11101100;
	15947 :	11010100;
	15946 :	11000100;
	15945 :	00111001;
	15944 :	11011110;
	15943 :	00110111;
	15942 :	10101101;
	15941 :	00110111;
	15940 :	10110101;
	15939 :	00110111;
	15938 :	10101101;
	15937 :	10010111;
	15936 :	10111101;
	15935 :	00110111;
	15934 :	10101101;
	15933 :	00110111;
	15932 :	10110101;
	15931 :	00110111;
	15930 :	10101101;
	15929 :	00110111;
	15928 :	10110101;
	15927 :	00110111;
	15926 :	10101101;
	15925 :	01011000;
	15924 :	10101101;
	15923 :	01011000;
	15922 :	10101101;
	15921 :	10011001;
	15920 :	10110101;
	15919 :	10010111;
	15918 :	10111101;
	15917 :	10011001;
	15916 :	10110101;
	15915 :	10011001;
	15914 :	10110101;
	15913 :	10011001;
	15912 :	10110101;
	15911 :	11011010;
	15910 :	10111101;
	15909 :	10111001;
	15908 :	11000101;
	15907 :	11111010;
	15906 :	11000101;
	15905 :	00011001;
	15904 :	10111110;
	15903 :	11111010;
	15902 :	11000101;
	15901 :	11111010;
	15900 :	11000101;
	15899 :	11111100;
	15898 :	11000101;
	15897 :	11111010;
	15896 :	11000101;
	15895 :	00011111;
	15894 :	11011111;
	15893 :	00111111;
	15892 :	11100111;
	15891 :	00111111;
	15890 :	11100111;
	15889 :	10111101;
	15888 :	11100110;
	15887 :	00111100;
	15886 :	11000110;
	15885 :	00111100;
	15884 :	11000110;
	15883 :	00111100;
	15882 :	11000110;
	15881 :	11111100;
	15880 :	11000101;
	15879 :	11111100;
	15878 :	11000101;
	15877 :	00011011;
	15876 :	11000110;
	15875 :	00111100;
	15874 :	11000110;
	15873 :	11111100;
	15872 :	11000101;
	15871 :	10011001;
	15870 :	10101101;
	15869 :	01011000;
	15868 :	10101101;
	15867 :	01011000;
	15866 :	10101101;
	15865 :	10111101;
	15864 :	11010110;
	15863 :	00111100;
	15862 :	11000110;
	15861 :	10111101;
	15860 :	11010110;
	15859 :	10111101;
	15858 :	11010110;
	15857 :	11011110;
	15856 :	11011110;
	15855 :	10111101;
	15854 :	11010110;
	15853 :	10011101;
	15852 :	11001110;
	15851 :	11111110;
	15850 :	11100110;
	15849 :	01111100;
	15848 :	11010110;
	15847 :	11111100;
	15846 :	11000101;
	15845 :	01111000;
	15844 :	11000101;
	15843 :	01111010;
	15842 :	10110101;
	15841 :	10111001;
	15840 :	11000101;
	15839 :	11111110;
	15838 :	11100110;
	15837 :	00011111;
	15836 :	11011111;
	15835 :	10111101;
	15834 :	11010110;
	15833 :	11011110;
	15832 :	11011110;
	15831 :	10111101;
	15830 :	11010110;
	15829 :	10011011;
	15828 :	11010110;
	15827 :	01111100;
	15826 :	11010110;
	15825 :	01111100;
	15824 :	11010110;
	15823 :	01111100;
	15822 :	11010110;
	15821 :	01111100;
	15820 :	11010110;
	15819 :	00011001;
	15818 :	10111110;
	15817 :	00110111;
	15816 :	10101101;
	15815 :	11110110;
	15814 :	10100100;
	15813 :	00110111;
	15812 :	10110101;
	15811 :	11110110;
	15810 :	10110100;
	15809 :	00110111;
	15808 :	10101101;
	15807 :	00110111;
	15806 :	10110101;
	15805 :	11110110;
	15804 :	10110100;
	15803 :	00110111;
	15802 :	10110101;
	15801 :	00110111;
	15800 :	10110101;
	15799 :	00110111;
	15798 :	10101101;
	15797 :	10110111;
	15796 :	11000101;
	15795 :	00011011;
	15794 :	11000110;
	15793 :	00111011;
	15792 :	11010110;
	15791 :	11111010;
	15790 :	11000101;
	15789 :	00110111;
	15788 :	10110101;
	15787 :	00110111;
	15786 :	10110101;
	15785 :	00110111;
	15784 :	10101101;
	15783 :	00110101;
	15782 :	10110101;
	15781 :	00010101;
	15780 :	10101101;
	15779 :	11110110;
	15778 :	10110100;
	15777 :	11110110;
	15776 :	10110100;
	15775 :	11110110;
	15774 :	10110100;
	15773 :	11110110;
	15772 :	10110100;
	15771 :	01010110;
	15770 :	11010101;
	15769 :	00111011;
	15768 :	11010110;
	15767 :	10011001;
	15766 :	11011110;
	15765 :	01111001;
	15764 :	11101110;
	15763 :	00111001;
	15762 :	11011110;
	15761 :	01111001;
	15760 :	11101110;
	15759 :	10110111;
	15758 :	11010101;
	15757 :	00010110;
	15756 :	11011110;
	15755 :	00101111;
	15754 :	10010100;
	15753 :	10100110;
	15752 :	01101001;
	15751 :	11001000;
	15750 :	01001001;
	15749 :	10000101;
	15748 :	01001001;
	15747 :	11001000;
	15746 :	01001001;
	15745 :	11001000;
	15744 :	01001001;
	15743 :	11111010;
	15742 :	11010101;
	15741 :	11011000;
	15740 :	11010101;
	15739 :	10111000;
	15738 :	11100101;
	15737 :	10001101;
	15736 :	10110011;
	15735 :	01110010;
	15734 :	11010100;
	15733 :	00110000;
	15732 :	11100100;
	15731 :	11110000;
	15730 :	11001011;
	15729 :	00001111;
	15728 :	11100100;
	15727 :	11110000;
	15726 :	11001011;
	15725 :	11001101;
	15724 :	11000011;
	15723 :	00101111;
	15722 :	11010100;
	15721 :	11001101;
	15720 :	11000011;
	15719 :	00101111;
	15718 :	11000100;
	15717 :	11001101;
	15716 :	11000011;
	15715 :	11001101;
	15714 :	11000011;
	15713 :	01001011;
	15712 :	10110011;
	15711 :	00101010;
	15710 :	10101011;
	15709 :	01001011;
	15708 :	10110011;
	15707 :	01001011;
	15706 :	10110011;
	15705 :	00101010;
	15704 :	10101011;
	15703 :	01001011;
	15702 :	10110011;
	15701 :	01001011;
	15700 :	10110011;
	15699 :	01001011;
	15698 :	10110011;
	15697 :	11110000;
	15696 :	11101100;
	15695 :	00001111;
	15694 :	11100100;
	15693 :	01010100;
	15692 :	11100101;
	15691 :	01111000;
	15690 :	10110101;
	15689 :	00110111;
	15688 :	10110101;
	15687 :	10010111;
	15686 :	10111101;
	15685 :	10010111;
	15684 :	10111101;
	15683 :	00110111;
	15682 :	10101101;
	15681 :	10010111;
	15680 :	10111101;
	15679 :	01011000;
	15678 :	10101101;
	15677 :	00110111;
	15676 :	10110101;
	15675 :	01111000;
	15674 :	10110101;
	15673 :	00110111;
	15672 :	10101101;
	15671 :	10011001;
	15670 :	10101101;
	15669 :	00110111;
	15668 :	10110101;
	15667 :	01111000;
	15666 :	10110101;
	15665 :	01111000;
	15664 :	10110101;
	15663 :	01111000;
	15662 :	10110101;
	15661 :	00011001;
	15660 :	10111110;
	15659 :	10010111;
	15658 :	10111101;
	15657 :	00011001;
	15656 :	10111110;
	15655 :	10010111;
	15654 :	10111101;
	15653 :	11111010;
	15652 :	11000101;
	15651 :	10111001;
	15650 :	11000101;
	15649 :	11111010;
	15648 :	11000101;
	15647 :	11111010;
	15646 :	11000101;
	15645 :	00011011;
	15644 :	11000110;
	15643 :	10011111;
	15642 :	11110111;
	15641 :	11011110;
	15640 :	11011110;
	15639 :	10111101;
	15638 :	11100110;
	15637 :	11111110;
	15636 :	11100110;
	15635 :	11111110;
	15634 :	11100110;
	15633 :	11011110;
	15632 :	11011110;
	15631 :	11111010;
	15630 :	11010101;
	15629 :	00111100;
	15628 :	11000110;
	15627 :	11111100;
	15626 :	11000101;
	15625 :	00011011;
	15624 :	11000110;
	15623 :	11111010;
	15622 :	11000101;
	15621 :	00111100;
	15620 :	11000110;
	15619 :	11111100;
	15618 :	11000101;
	15617 :	00011011;
	15616 :	11000110;
	15615 :	00110111;
	15614 :	10101101;
	15613 :	01111000;
	15612 :	10110101;
	15611 :	01111000;
	15610 :	10110101;
	15609 :	00011101;
	15608 :	11011111;
	15607 :	10111101;
	15606 :	11010110;
	15605 :	10111101;
	15604 :	11100110;
	15603 :	11111110;
	15602 :	11100110;
	15601 :	00011111;
	15600 :	11011111;
	15599 :	01011111;
	15598 :	11110111;
	15597 :	11111110;
	15596 :	11100110;
	15595 :	00111111;
	15594 :	11100111;
	15593 :	01111100;
	15592 :	11010110;
	15591 :	11111010;
	15590 :	11010101;
	15589 :	10111001;
	15588 :	11000101;
	15587 :	10011001;
	15586 :	10110101;
	15585 :	11111010;
	15584 :	11000101;
	15583 :	00011111;
	15582 :	11011111;
	15581 :	10011101;
	15580 :	11001110;
	15579 :	10011101;
	15578 :	11001110;
	15577 :	01111100;
	15576 :	11010110;
	15575 :	10111101;
	15574 :	11010110;
	15573 :	10111101;
	15572 :	11010110;
	15571 :	01111100;
	15570 :	11010110;
	15569 :	10011011;
	15568 :	11010110;
	15567 :	00111011;
	15566 :	11010110;
	15565 :	00011011;
	15564 :	11000110;
	15563 :	00011001;
	15562 :	11001110;
	15561 :	00110111;
	15560 :	10101101;
	15559 :	00110111;
	15558 :	10101101;
	15557 :	11110110;
	15556 :	10110100;
	15555 :	00110111;
	15554 :	10110101;
	15553 :	11110110;
	15552 :	10110100;
	15551 :	00110111;
	15550 :	10110101;
	15549 :	00110111;
	15548 :	10110101;
	15547 :	00110111;
	15546 :	10101101;
	15545 :	11110110;
	15544 :	10110100;
	15543 :	00110111;
	15542 :	10110101;
	15541 :	00110111;
	15540 :	10110101;
	15539 :	00110111;
	15538 :	10110101;
	15537 :	01111000;
	15536 :	11000101;
	15535 :	00110111;
	15534 :	10110101;
	15533 :	00110111;
	15532 :	10101101;
	15531 :	00110111;
	15530 :	10110101;
	15529 :	11110110;
	15528 :	10110100;
	15527 :	00110111;
	15526 :	10101101;
	15525 :	00110111;
	15524 :	10110101;
	15523 :	11110110;
	15522 :	10110100;
	15521 :	11110110;
	15520 :	10100100;
	15519 :	01111100;
	15518 :	11100110;
	15517 :	01111100;
	15516 :	11100110;
	15515 :	10111101;
	15514 :	11100110;
	15513 :	10111101;
	15512 :	11100110;
	15511 :	10111101;
	15510 :	11100110;
	15509 :	11111110;
	15508 :	11110110;
	15507 :	01111100;
	15506 :	11100110;
	15505 :	01111100;
	15504 :	11100110;
	15503 :	10011001;
	15502 :	11011110;
	15501 :	10010101;
	15500 :	11000101;
	15499 :	00110101;
	15498 :	11000101;
	15497 :	00010011;
	15496 :	10110101;
	15495 :	00100111;
	15494 :	01010010;
	15493 :	00100111;
	15492 :	01010010;
	15491 :	11001000;
	15490 :	01001001;
	15489 :	11001000;
	15488 :	01101001;
	15487 :	11111010;
	15486 :	11010101;
	15485 :	10111000;
	15484 :	11100101;
	15483 :	11010000;
	15482 :	10101011;
	15481 :	00110000;
	15480 :	11100100;
	15479 :	01110010;
	15478 :	11010100;
	15477 :	11110000;
	15476 :	11001011;
	15475 :	00101111;
	15474 :	11010100;
	15473 :	11110000;
	15472 :	11001011;
	15471 :	00101111;
	15470 :	11000100;
	15469 :	11110000;
	15468 :	11001011;
	15467 :	00101111;
	15466 :	11010100;
	15465 :	11110000;
	15464 :	11001011;
	15463 :	11001101;
	15462 :	11000011;
	15461 :	00101111;
	15460 :	11000100;
	15459 :	11001101;
	15458 :	11000011;
	15457 :	10001101;
	15456 :	10110011;
	15455 :	01001011;
	15454 :	10110011;
	15453 :	00101010;
	15452 :	10101011;
	15451 :	01001011;
	15450 :	10110011;
	15449 :	01001011;
	15448 :	10110011;
	15447 :	00101010;
	15446 :	10101011;
	15445 :	10001011;
	15444 :	10111011;
	15443 :	01001011;
	15442 :	10110011;
	15441 :	01010001;
	15440 :	11100101;
	15439 :	10010010;
	15438 :	11010100;
	15437 :	10010101;
	15436 :	11000101;
	15435 :	10010111;
	15434 :	10111101;
	15433 :	10010111;
	15432 :	10111101;
	15431 :	00110111;
	15430 :	10101101;
	15429 :	10010111;
	15428 :	10111101;
	15427 :	00110111;
	15426 :	10101101;
	15425 :	10010111;
	15424 :	10111101;
	15423 :	10010111;
	15422 :	10111101;
	15421 :	00110111;
	15420 :	10101101;
	15419 :	00110111;
	15418 :	10101101;
	15417 :	10111101;
	15416 :	11010110;
	15415 :	10111101;
	15414 :	11100110;
	15413 :	00011001;
	15412 :	10111110;
	15411 :	00110111;
	15410 :	10101101;
	15409 :	10011001;
	15408 :	10110101;
	15407 :	10010111;
	15406 :	10111101;
	15405 :	01111000;
	15404 :	10110101;
	15403 :	10011001;
	15402 :	10110101;
	15401 :	01111000;
	15400 :	11000101;
	15399 :	11011010;
	15398 :	10111101;
	15397 :	11111010;
	15396 :	11000101;
	15395 :	11111010;
	15394 :	11000101;
	15393 :	11111010;
	15392 :	11000101;
	15391 :	00011001;
	15390 :	10111110;
	15389 :	11111010;
	15388 :	11000101;
	15387 :	11111100;
	15386 :	11000101;
	15385 :	10111101;
	15384 :	11100110;
	15383 :	11111110;
	15382 :	11110110;
	15381 :	00111111;
	15380 :	11100111;
	15379 :	11111110;
	15378 :	11100110;
	15377 :	11111110;
	15376 :	11100110;
	15375 :	11111100;
	15374 :	11000101;
	15373 :	00111100;
	15372 :	11000110;
	15371 :	00111011;
	15370 :	11010110;
	15369 :	00111100;
	15368 :	11000110;
	15367 :	00111100;
	15366 :	11000110;
	15365 :	00011011;
	15364 :	11000110;
	15363 :	00111100;
	15362 :	11000110;
	15361 :	11111100;
	15360 :	11000101;
	15359 :	00110111;
	15358 :	10101101;
	15357 :	01011000;
	15356 :	10101101;
	15355 :	10011001;
	15354 :	10101101;
	15353 :	11011010;
	15352 :	10111101;
	15351 :	10011001;
	15350 :	10110101;
	15349 :	00111100;
	15348 :	11000110;
	15347 :	11011110;
	15346 :	11011110;
	15345 :	10111101;
	15344 :	11010110;
	15343 :	01111100;
	15342 :	11010110;
	15341 :	11111010;
	15340 :	11000101;
	15339 :	00011001;
	15338 :	10111110;
	15337 :	10011001;
	15336 :	10110101;
	15335 :	11011010;
	15334 :	10111101;
	15333 :	10011001;
	15332 :	10110101;
	15331 :	10011001;
	15330 :	10110101;
	15329 :	11011010;
	15328 :	10111101;
	15327 :	10111101;
	15326 :	11010110;
	15325 :	10011011;
	15324 :	11010110;
	15323 :	01111100;
	15322 :	11010110;
	15321 :	10111101;
	15320 :	11010110;
	15319 :	10111101;
	15318 :	11010110;
	15317 :	10111101;
	15316 :	11010110;
	15315 :	10111101;
	15314 :	11010110;
	15313 :	10011011;
	15312 :	11010110;
	15311 :	00011011;
	15310 :	11000110;
	15309 :	00011011;
	15308 :	11000110;
	15307 :	00011001;
	15306 :	10111110;
	15305 :	00110111;
	15304 :	10110101;
	15303 :	00110111;
	15302 :	10101101;
	15301 :	11110110;
	15300 :	10110100;
	15299 :	11110110;
	15298 :	10100100;
	15297 :	00110111;
	15296 :	10110101;
	15295 :	11110110;
	15294 :	10100100;
	15293 :	00110111;
	15292 :	10110101;
	15291 :	11110110;
	15290 :	10110100;
	15289 :	00110111;
	15288 :	10101101;
	15287 :	11110110;
	15286 :	10110100;
	15285 :	00011011;
	15284 :	11000110;
	15283 :	10111001;
	15282 :	11000101;
	15281 :	00110111;
	15280 :	10110101;
	15279 :	00110111;
	15278 :	10110101;
	15277 :	00110111;
	15276 :	10110101;
	15275 :	11110110;
	15274 :	10110100;
	15273 :	00110111;
	15272 :	10110101;
	15271 :	00110111;
	15270 :	10101101;
	15269 :	00110111;
	15268 :	10110101;
	15267 :	01011000;
	15266 :	10101101;
	15265 :	11111010;
	15264 :	11010101;
	15263 :	10111101;
	15262 :	11010110;
	15261 :	10111101;
	15260 :	11010110;
	15259 :	11111010;
	15258 :	11010101;
	15257 :	00111011;
	15256 :	11010110;
	15255 :	11111010;
	15254 :	11010101;
	15253 :	10111001;
	15252 :	11000101;
	15251 :	01111000;
	15250 :	11000101;
	15249 :	10110111;
	15248 :	11000101;
	15247 :	00011001;
	15246 :	11001110;
	15245 :	00111001;
	15244 :	11011110;
	15243 :	00110101;
	15242 :	11000101;
	15241 :	10110010;
	15240 :	11001100;
	15239 :	10010101;
	15238 :	11000101;
	15237 :	11001000;
	15236 :	01101001;
	15235 :	11001000;
	15234 :	01101001;
	15233 :	11001000;
	15232 :	01101001;
	15231 :	11111010;
	15230 :	11010101;
	15229 :	11110000;
	15228 :	11001011;
	15227 :	01110010;
	15226 :	11010100;
	15225 :	01110010;
	15224 :	11010100;
	15223 :	00110000;
	15222 :	11100100;
	15221 :	01010001;
	15220 :	11010100;
	15219 :	11110000;
	15218 :	11001011;
	15217 :	01010001;
	15216 :	11010100;
	15215 :	01010000;
	15214 :	11001100;
	15213 :	00101111;
	15212 :	11010100;
	15211 :	00101111;
	15210 :	11000100;
	15209 :	00101111;
	15208 :	11010100;
	15207 :	00101111;
	15206 :	11000100;
	15205 :	00101111;
	15204 :	11010100;
	15203 :	11001101;
	15202 :	11000011;
	15201 :	10001011;
	15200 :	10111011;
	15199 :	01001011;
	15198 :	10110011;
	15197 :	10001011;
	15196 :	10101011;
	15195 :	01001011;
	15194 :	10110011;
	15193 :	01001011;
	15192 :	10110011;
	15191 :	01001011;
	15190 :	10110011;
	15189 :	01001011;
	15188 :	10110011;
	15187 :	01001011;
	15186 :	10110011;
	15185 :	10010010;
	15184 :	11010100;
	15183 :	11010100;
	15182 :	11000100;
	15181 :	01010110;
	15180 :	11000101;
	15179 :	00110111;
	15178 :	10101101;
	15177 :	00110111;
	15176 :	10101101;
	15175 :	00110111;
	15174 :	10101101;
	15173 :	10010111;
	15172 :	10111101;
	15171 :	01011000;
	15170 :	10101101;
	15169 :	01011000;
	15168 :	10101101;
	15167 :	01011000;
	15166 :	10101101;
	15165 :	01011000;
	15164 :	10101101;
	15163 :	01111000;
	15162 :	10110101;
	15161 :	00011101;
	15160 :	11011111;
	15159 :	00111111;
	15158 :	11100111;
	15157 :	00011101;
	15156 :	11011111;
	15155 :	00111111;
	15154 :	11100111;
	15153 :	10011111;
	15152 :	11101111;
	15151 :	00111111;
	15150 :	11100111;
	15149 :	00011001;
	15148 :	11001110;
	15147 :	11111010;
	15146 :	11000101;
	15145 :	00011001;
	15144 :	10111110;
	15143 :	10111001;
	15142 :	11000101;
	15141 :	10111001;
	15140 :	11000101;
	15139 :	00011001;
	15138 :	10111110;
	15137 :	11111010;
	15136 :	11000101;
	15135 :	11111100;
	15134 :	11000101;
	15133 :	11111010;
	15132 :	11000101;
	15131 :	00111011;
	15130 :	11010110;
	15129 :	01111110;
	15128 :	11010110;
	15127 :	00111111;
	15126 :	11100111;
	15125 :	11111110;
	15124 :	11110110;
	15123 :	11111110;
	15122 :	11100110;
	15121 :	11111110;
	15120 :	11110110;
	15119 :	00111100;
	15118 :	11000110;
	15117 :	00111100;
	15116 :	11000110;
	15115 :	00111100;
	15114 :	11000110;
	15113 :	00111100;
	15112 :	11000110;
	15111 :	00011011;
	15110 :	11000110;
	15109 :	00111100;
	15108 :	11000110;
	15107 :	11111100;
	15106 :	11000101;
	15105 :	11111100;
	15104 :	11000101;
	15103 :	01011000;
	15102 :	10101101;
	15101 :	10011001;
	15100 :	10101101;
	15099 :	01111000;
	15098 :	10110101;
	15097 :	11011010;
	15096 :	10111101;
	15095 :	11011010;
	15094 :	10111101;
	15093 :	10111101;
	15092 :	11010110;
	15091 :	10111101;
	15090 :	11100110;
	15089 :	00011101;
	15088 :	11011111;
	15087 :	11011010;
	15086 :	10111101;
	15085 :	10011001;
	15084 :	10110101;
	15083 :	01111010;
	15082 :	10101101;
	15081 :	10011001;
	15080 :	10110101;
	15079 :	10111001;
	15078 :	11000101;
	15077 :	10011001;
	15076 :	10110101;
	15075 :	10011001;
	15074 :	10110101;
	15073 :	11111010;
	15072 :	11000101;
	15071 :	00111111;
	15070 :	11100111;
	15069 :	00011111;
	15068 :	11011111;
	15067 :	10111101;
	15066 :	11010110;
	15065 :	11011110;
	15064 :	11011110;
	15063 :	11011110;
	15062 :	11011110;
	15061 :	10011011;
	15060 :	11010110;
	15059 :	01111100;
	15058 :	11010110;
	15057 :	01111100;
	15056 :	11010110;
	15055 :	10011011;
	15054 :	11010110;
	15053 :	00011011;
	15052 :	11000110;
	15051 :	00011001;
	15050 :	10111110;
	15049 :	00110111;
	15048 :	10101101;
	15047 :	11110110;
	15046 :	10100100;
	15045 :	00110111;
	15044 :	10110101;
	15043 :	00110111;
	15042 :	10101101;
	15041 :	11110110;
	15040 :	10110100;
	15039 :	00110111;
	15038 :	10110101;
	15037 :	11110110;
	15036 :	10100100;
	15035 :	00110111;
	15034 :	10110101;
	15033 :	11110110;
	15032 :	10100100;
	15031 :	11110110;
	15030 :	10110100;
	15029 :	11111010;
	15028 :	11000101;
	15027 :	01111000;
	15026 :	11000101;
	15025 :	00110111;
	15024 :	10110101;
	15023 :	00110111;
	15022 :	10110101;
	15021 :	11110110;
	15020 :	10100100;
	15019 :	00110111;
	15018 :	10110101;
	15017 :	00110111;
	15016 :	10110101;
	15015 :	00110111;
	15014 :	10110101;
	15013 :	00110111;
	15012 :	10110101;
	15011 :	11111010;
	15010 :	11000101;
	15009 :	01111100;
	15008 :	11100110;
	15007 :	00111011;
	15006 :	11010110;
	15005 :	01111100;
	15004 :	11100110;
	15003 :	11111010;
	15002 :	11000101;
	15001 :	01111100;
	15000 :	11100110;
	14999 :	10111101;
	14998 :	11010110;
	14997 :	01111100;
	14996 :	11100110;
	14995 :	00111011;
	14994 :	11010110;
	14993 :	00111011;
	14992 :	11010110;
	14991 :	00111001;
	14990 :	11011110;
	14989 :	00111011;
	14988 :	11010110;
	14987 :	01111100;
	14986 :	11100110;
	14985 :	11110110;
	14984 :	10110100;
	14983 :	11110101;
	14982 :	10110100;
	14981 :	11011000;
	14980 :	11010101;
	14979 :	11001000;
	14978 :	01101001;
	14977 :	11001000;
	14976 :	01101001;
	14975 :	11010111;
	14974 :	11100101;
	14973 :	11010000;
	14972 :	10101011;
	14971 :	00101111;
	14970 :	11010100;
	14969 :	01010001;
	14968 :	11010100;
	14967 :	11110000;
	14966 :	11001011;
	14965 :	01010001;
	14964 :	11010100;
	14963 :	01010001;
	14962 :	11010100;
	14961 :	01010001;
	14960 :	11010100;
	14959 :	00101111;
	14958 :	11010100;
	14957 :	00101111;
	14956 :	11000100;
	14955 :	11001101;
	14954 :	11000011;
	14953 :	11001101;
	14952 :	11000011;
	14951 :	11001101;
	14950 :	11000011;
	14949 :	10001101;
	14948 :	10110011;
	14947 :	10001011;
	14946 :	10111011;
	14945 :	01001011;
	14944 :	10110011;
	14943 :	01001011;
	14942 :	10110011;
	14941 :	01001011;
	14940 :	10110011;
	14939 :	01001011;
	14938 :	10110011;
	14937 :	00101010;
	14936 :	10101011;
	14935 :	01001011;
	14934 :	10110011;
	14933 :	01001011;
	14932 :	10110011;
	14931 :	10001101;
	14930 :	10110011;
	14929 :	01010010;
	14928 :	11001100;
	14927 :	00110111;
	14926 :	10110101;
	14925 :	00110111;
	14924 :	10110101;
	14923 :	01111000;
	14922 :	10110101;
	14921 :	10010111;
	14920 :	10111101;
	14919 :	01011000;
	14918 :	10101101;
	14917 :	01011000;
	14916 :	10101101;
	14915 :	10010111;
	14914 :	10111101;
	14913 :	10010111;
	14912 :	10111101;
	14911 :	10010111;
	14910 :	10111101;
	14909 :	10010111;
	14908 :	10111101;
	14907 :	11011110;
	14906 :	11011110;
	14905 :	10011111;
	14904 :	11101111;
	14903 :	00111101;
	14902 :	11100111;
	14901 :	00011101;
	14900 :	11011111;
	14899 :	10011111;
	14898 :	11101111;
	14897 :	10011111;
	14896 :	11110111;
	14895 :	10011111;
	14894 :	11101111;
	14893 :	10011111;
	14892 :	11110111;
	14891 :	00111101;
	14890 :	11100111;
	14889 :	10011111;
	14888 :	11101111;
	14887 :	00011011;
	14886 :	11000110;
	14885 :	00011011;
	14884 :	11000110;
	14883 :	11111010;
	14882 :	11000101;
	14881 :	11011010;
	14880 :	10111101;
	14879 :	11111010;
	14878 :	11010101;
	14877 :	11111100;
	14876 :	11000101;
	14875 :	11111100;
	14874 :	11000101;
	14873 :	11111010;
	14872 :	11010101;
	14871 :	11111100;
	14870 :	11000101;
	14869 :	11111110;
	14868 :	11110110;
	14867 :	11111110;
	14866 :	11110110;
	14865 :	01111110;
	14864 :	11010110;
	14863 :	00111100;
	14862 :	11000110;
	14861 :	00111100;
	14860 :	11000110;
	14859 :	11111010;
	14858 :	11010101;
	14857 :	11111100;
	14856 :	11000101;
	14855 :	00111100;
	14854 :	11000110;
	14853 :	00111100;
	14852 :	11000110;
	14851 :	00111100;
	14850 :	11000110;
	14849 :	11111100;
	14848 :	11000101;
	14847 :	00110111;
	14846 :	10101101;
	14845 :	10011001;
	14844 :	10101101;
	14843 :	10011010;
	14842 :	10101101;
	14841 :	10011001;
	14840 :	10110101;
	14839 :	11011010;
	14838 :	10111101;
	14837 :	11011010;
	14836 :	10111101;
	14835 :	10011010;
	14834 :	10101101;
	14833 :	10011001;
	14832 :	10110101;
	14831 :	10011001;
	14830 :	10110101;
	14829 :	01111000;
	14828 :	10110101;
	14827 :	10011001;
	14826 :	10110101;
	14825 :	10011001;
	14824 :	10110101;
	14823 :	10011001;
	14822 :	10110101;
	14821 :	10011001;
	14820 :	10110101;
	14819 :	10011001;
	14818 :	10110101;
	14817 :	01111000;
	14816 :	10110101;
	14815 :	00010110;
	14814 :	10011101;
	14813 :	00010110;
	14812 :	10011101;
	14811 :	10110100;
	14810 :	10011100;
	14809 :	10110100;
	14808 :	10011100;
	14807 :	10110100;
	14806 :	10011100;
	14805 :	00010110;
	14804 :	10011101;
	14803 :	00010110;
	14802 :	10011101;
	14801 :	00110111;
	14800 :	10101101;
	14799 :	10011001;
	14798 :	10110101;
	14797 :	00011001;
	14796 :	10111110;
	14795 :	01111000;
	14794 :	10110101;
	14793 :	00110111;
	14792 :	10110101;
	14791 :	00110111;
	14790 :	10110101;
	14789 :	11110110;
	14788 :	10100100;
	14787 :	00110111;
	14786 :	10101101;
	14785 :	11110110;
	14784 :	10100100;
	14783 :	00110111;
	14782 :	10110101;
	14781 :	11110110;
	14780 :	10100100;
	14779 :	00110111;
	14778 :	10110101;
	14777 :	11110110;
	14776 :	10110100;
	14775 :	11110110;
	14774 :	10100100;
	14773 :	10011001;
	14772 :	10110101;
	14771 :	11110110;
	14770 :	10110100;
	14769 :	00110111;
	14768 :	10110101;
	14767 :	11110110;
	14766 :	10100100;
	14765 :	00110111;
	14764 :	10110101;
	14763 :	00110111;
	14762 :	10110101;
	14761 :	00110111;
	14760 :	10101101;
	14759 :	00110111;
	14758 :	10110101;
	14757 :	00110111;
	14756 :	10110101;
	14755 :	00111011;
	14754 :	11010110;
	14753 :	10011011;
	14752 :	11010110;
	14751 :	01111100;
	14750 :	11010110;
	14749 :	01111100;
	14748 :	11010110;
	14747 :	10011001;
	14746 :	10110101;
	14745 :	10111101;
	14744 :	11100110;
	14743 :	01111100;
	14742 :	11100110;
	14741 :	10111101;
	14740 :	11100110;
	14739 :	00111011;
	14738 :	11010110;
	14737 :	00111011;
	14736 :	11010110;
	14735 :	00111011;
	14734 :	11010110;
	14733 :	01111100;
	14732 :	11100110;
	14731 :	00111011;
	14730 :	11010110;
	14729 :	10110111;
	14728 :	11000101;
	14727 :	00110101;
	14726 :	11000101;
	14725 :	11110110;
	14724 :	10110100;
	14723 :	01111001;
	14722 :	11101110;
	14721 :	11101101;
	14720 :	10000010;
	14719 :	00110111;
	14718 :	11100110;
	14717 :	01010000;
	14716 :	11001100;
	14715 :	01010000;
	14714 :	11001100;
	14713 :	01010000;
	14712 :	11001100;
	14711 :	01010001;
	14710 :	11010100;
	14709 :	01010000;
	14708 :	11001100;
	14707 :	01010000;
	14706 :	11001100;
	14705 :	01010000;
	14704 :	11001100;
	14703 :	10001101;
	14702 :	10110011;
	14701 :	10001101;
	14700 :	10110011;
	14699 :	00101001;
	14698 :	10110011;
	14697 :	11001001;
	14696 :	10100010;
	14695 :	10101000;
	14694 :	10010010;
	14693 :	10100111;
	14692 :	10100010;
	14691 :	10100111;
	14690 :	10100010;
	14689 :	11001001;
	14688 :	10100010;
	14687 :	00101001;
	14686 :	10110011;
	14685 :	10001011;
	14684 :	10101011;
	14683 :	01001011;
	14682 :	10110011;
	14681 :	10001101;
	14680 :	10110011;
	14679 :	01001011;
	14678 :	10110011;
	14677 :	01001011;
	14676 :	10110011;
	14675 :	10001011;
	14674 :	11000011;
	14673 :	01010010;
	14672 :	11001100;
	14671 :	10010111;
	14670 :	10111101;
	14669 :	00110111;
	14668 :	10101101;
	14667 :	00110111;
	14666 :	10101101;
	14665 :	10010111;
	14664 :	10111101;
	14663 :	01011000;
	14662 :	10101101;
	14661 :	10010111;
	14660 :	10111101;
	14659 :	01011000;
	14658 :	10101101;
	14657 :	01111000;
	14656 :	10110101;
	14655 :	01011000;
	14654 :	10101101;
	14653 :	00110111;
	14652 :	10101101;
	14651 :	10011011;
	14650 :	11010110;
	14649 :	10011001;
	14648 :	10101101;
	14647 :	10011001;
	14646 :	10110101;
	14645 :	01011000;
	14644 :	10101101;
	14643 :	00011001;
	14642 :	10111110;
	14641 :	00011011;
	14640 :	11000110;
	14639 :	00011001;
	14638 :	10111110;
	14637 :	00011001;
	14636 :	10111110;
	14635 :	01011000;
	14634 :	10101101;
	14633 :	01111000;
	14632 :	10110101;
	14631 :	11111010;
	14630 :	11000101;
	14629 :	00011001;
	14628 :	10111110;
	14627 :	11111100;
	14626 :	11000101;
	14625 :	11111010;
	14624 :	11000101;
	14623 :	11111010;
	14622 :	11000101;
	14621 :	11111010;
	14620 :	11000101;
	14619 :	11111010;
	14618 :	11000101;
	14617 :	11111100;
	14616 :	11000101;
	14615 :	11111010;
	14614 :	11010101;
	14613 :	01111110;
	14612 :	11010110;
	14611 :	01111110;
	14610 :	11010110;
	14609 :	11111010;
	14608 :	11010101;
	14607 :	01111110;
	14606 :	11010110;
	14605 :	00111100;
	14604 :	11000110;
	14603 :	00111100;
	14602 :	11000110;
	14601 :	00111100;
	14600 :	11000110;
	14599 :	00111100;
	14598 :	11000110;
	14597 :	00111100;
	14596 :	11000110;
	14595 :	00111100;
	14594 :	11000110;
	14593 :	00111100;
	14592 :	11000110;
	14591 :	01011000;
	14590 :	10101101;
	14589 :	01011000;
	14588 :	10101101;
	14587 :	10011001;
	14586 :	10101101;
	14585 :	10011001;
	14584 :	10101101;
	14583 :	10011001;
	14582 :	10101101;
	14581 :	10011001;
	14580 :	10110101;
	14579 :	10011001;
	14578 :	10110101;
	14577 :	10011001;
	14576 :	10110101;
	14575 :	10011001;
	14574 :	10110101;
	14573 :	11011010;
	14572 :	10111101;
	14571 :	10010111;
	14570 :	10111101;
	14569 :	01111010;
	14568 :	10101101;
	14567 :	11011010;
	14566 :	10111101;
	14565 :	10011001;
	14564 :	10110101;
	14563 :	10011001;
	14562 :	10110101;
	14561 :	01111000;
	14560 :	10110101;
	14559 :	00011101;
	14558 :	11011111;
	14557 :	11011110;
	14556 :	11011110;
	14555 :	11011110;
	14554 :	11011110;
	14553 :	10111101;
	14552 :	11010110;
	14551 :	11011110;
	14550 :	11011110;
	14549 :	10111101;
	14548 :	11010110;
	14547 :	10111101;
	14546 :	11010110;
	14545 :	10011101;
	14544 :	11001110;
	14543 :	10011101;
	14542 :	11001110;
	14541 :	00111011;
	14540 :	11010110;
	14539 :	00111100;
	14538 :	11000110;
	14537 :	00110111;
	14536 :	10101101;
	14535 :	11110110;
	14534 :	10100100;
	14533 :	11110110;
	14532 :	10110100;
	14531 :	00110111;
	14530 :	10110101;
	14529 :	00110111;
	14528 :	10101101;
	14527 :	11110110;
	14526 :	10110100;
	14525 :	00110111;
	14524 :	10110101;
	14523 :	11110110;
	14522 :	10100100;
	14521 :	00110111;
	14520 :	10101101;
	14519 :	00110111;
	14518 :	10110101;
	14517 :	11110110;
	14516 :	10100100;
	14515 :	11110110;
	14514 :	10110100;
	14513 :	00110111;
	14512 :	10101101;
	14511 :	00110111;
	14510 :	10110101;
	14509 :	00110111;
	14508 :	10110101;
	14507 :	00110111;
	14506 :	10101101;
	14505 :	00110111;
	14504 :	10110101;
	14503 :	00110111;
	14502 :	10101101;
	14501 :	00110111;
	14500 :	10110101;
	14499 :	00011011;
	14498 :	11000110;
	14497 :	01111100;
	14496 :	11010110;
	14495 :	01111100;
	14494 :	11010110;
	14493 :	00111100;
	14492 :	11000110;
	14491 :	10110111;
	14490 :	11000101;
	14489 :	01111100;
	14488 :	11010110;
	14487 :	10111101;
	14486 :	11100110;
	14485 :	01111110;
	14484 :	11010110;
	14483 :	00111011;
	14482 :	11010110;
	14481 :	00111011;
	14480 :	11010110;
	14479 :	10011011;
	14478 :	11010110;
	14477 :	00111011;
	14476 :	11010110;
	14475 :	00111011;
	14474 :	11010110;
	14473 :	00111011;
	14472 :	11010110;
	14471 :	10010111;
	14470 :	10111101;
	14469 :	00110111;
	14468 :	10110101;
	14467 :	00110111;
	14466 :	10110101;
	14465 :	00011001;
	14464 :	11001110;
	14463 :	01010110;
	14462 :	11010101;
	14461 :	01010000;
	14460 :	11001100;
	14459 :	01010010;
	14458 :	11001100;
	14457 :	01010000;
	14456 :	11001100;
	14455 :	01010000;
	14454 :	11001100;
	14453 :	00101111;
	14452 :	11000100;
	14451 :	10001101;
	14450 :	10110011;
	14449 :	10001101;
	14448 :	10110011;
	14447 :	00101010;
	14446 :	10101011;
	14445 :	11001001;
	14444 :	10100010;
	14443 :	00001001;
	14442 :	10100011;
	14441 :	10101000;
	14440 :	10010010;
	14439 :	10100111;
	14438 :	10100010;
	14437 :	10100111;
	14436 :	10010010;
	14435 :	01000111;
	14434 :	10010010;
	14433 :	01000111;
	14432 :	10010010;
	14431 :	10101000;
	14430 :	10010010;
	14429 :	00101001;
	14428 :	10110011;
	14427 :	01001011;
	14426 :	10110011;
	14425 :	10001011;
	14424 :	10111011;
	14423 :	00101010;
	14422 :	10101011;
	14421 :	01001011;
	14420 :	10110011;
	14419 :	10001101;
	14418 :	10110011;
	14417 :	10110010;
	14416 :	11001100;
	14415 :	00110111;
	14414 :	10110101;
	14413 :	00110111;
	14412 :	10110101;
	14411 :	01011000;
	14410 :	10101101;
	14409 :	10010111;
	14408 :	10111101;
	14407 :	01011000;
	14406 :	10101101;
	14405 :	01111000;
	14404 :	10110101;
	14403 :	01111000;
	14402 :	10110101;
	14401 :	01111000;
	14400 :	10110101;
	14399 :	01111000;
	14398 :	10110101;
	14397 :	10011101;
	14396 :	11001110;
	14395 :	10111101;
	14394 :	11010110;
	14393 :	11011110;
	14392 :	11011110;
	14391 :	10111101;
	14390 :	11010110;
	14389 :	00011111;
	14388 :	11011111;
	14387 :	00111111;
	14386 :	11100111;
	14385 :	10011111;
	14384 :	11101111;
	14383 :	00111111;
	14382 :	11100111;
	14381 :	10011111;
	14380 :	11101111;
	14379 :	11011110;
	14378 :	11011110;
	14377 :	10011111;
	14376 :	11110111;
	14375 :	00111111;
	14374 :	11100111;
	14373 :	01011111;
	14372 :	11110111;
	14371 :	01111100;
	14370 :	11010110;
	14369 :	11111010;
	14368 :	11010101;
	14367 :	11111010;
	14366 :	11000101;
	14365 :	11111100;
	14364 :	11000101;
	14363 :	11111010;
	14362 :	11000101;
	14361 :	11111010;
	14360 :	11000101;
	14359 :	11111100;
	14358 :	11000101;
	14357 :	11111010;
	14356 :	11000101;
	14355 :	01111110;
	14354 :	11010110;
	14353 :	01111110;
	14352 :	11010110;
	14351 :	11111100;
	14350 :	11000101;
	14349 :	00111100;
	14348 :	11000110;
	14347 :	00111100;
	14346 :	11000110;
	14345 :	00111100;
	14344 :	11000110;
	14343 :	00111100;
	14342 :	11000110;
	14341 :	00111100;
	14340 :	11000110;
	14339 :	01111100;
	14338 :	11010110;
	14337 :	00111100;
	14336 :	11000110;
	14335 :	10011010;
	14334 :	10101101;
	14333 :	10011001;
	14332 :	10101101;
	14331 :	10011001;
	14330 :	10101101;
	14329 :	10011001;
	14328 :	10101101;
	14327 :	10011001;
	14326 :	10101101;
	14325 :	10011001;
	14324 :	10110101;
	14323 :	01111000;
	14322 :	10110101;
	14321 :	10011010;
	14320 :	10101101;
	14319 :	10011001;
	14318 :	10110101;
	14317 :	10011001;
	14316 :	10110101;
	14315 :	11011010;
	14314 :	10111101;
	14313 :	10011001;
	14312 :	10110101;
	14311 :	11011010;
	14310 :	10111101;
	14309 :	10011001;
	14308 :	10110101;
	14307 :	10011001;
	14306 :	10110101;
	14305 :	01111000;
	14304 :	10110101;
	14303 :	01011000;
	14302 :	10101101;
	14301 :	10011001;
	14300 :	10110101;
	14299 :	00011011;
	14298 :	11000110;
	14297 :	00011011;
	14296 :	11000110;
	14295 :	00011011;
	14294 :	11000110;
	14293 :	00011011;
	14292 :	10111110;
	14291 :	00011011;
	14290 :	11000110;
	14289 :	00011011;
	14288 :	11000110;
	14287 :	00011011;
	14286 :	10111110;
	14285 :	00011011;
	14284 :	11000110;
	14283 :	01111000;
	14282 :	10110101;
	14281 :	00010101;
	14280 :	10101101;
	14279 :	00110111;
	14278 :	10110101;
	14277 :	11110110;
	14276 :	10100100;
	14275 :	00110111;
	14274 :	10101101;
	14273 :	11110110;
	14272 :	10110100;
	14271 :	01011000;
	14270 :	10101101;
	14269 :	11110110;
	14268 :	10100100;
	14267 :	00110111;
	14266 :	10101101;
	14265 :	11110110;
	14264 :	10100100;
	14263 :	00110111;
	14262 :	10110101;
	14261 :	11110110;
	14260 :	10100100;
	14259 :	00110111;
	14258 :	10110101;
	14257 :	11110110;
	14256 :	10100100;
	14255 :	00110111;
	14254 :	10101101;
	14253 :	11110110;
	14252 :	10100100;
	14251 :	00110111;
	14250 :	10101101;
	14249 :	00110111;
	14248 :	10101101;
	14247 :	01011000;
	14246 :	10101101;
	14245 :	10110100;
	14244 :	10011100;
	14243 :	01110010;
	14242 :	10010100;
	14241 :	10110100;
	14240 :	10011100;
	14239 :	01110010;
	14238 :	10010100;
	14237 :	11110110;
	14236 :	10110100;
	14235 :	01111000;
	14234 :	10110101;
	14233 :	00011001;
	14232 :	10111110;
	14231 :	00011011;
	14230 :	11000110;
	14229 :	00111011;
	14228 :	11010110;
	14227 :	01111100;
	14226 :	11100110;
	14225 :	00111011;
	14224 :	11010110;
	14223 :	10011011;
	14222 :	11010110;
	14221 :	10111101;
	14220 :	11010110;
	14219 :	01111100;
	14218 :	11100110;
	14217 :	00111011;
	14216 :	11010110;
	14215 :	00111011;
	14214 :	11010110;
	14213 :	10111001;
	14212 :	11000101;
	14211 :	00110111;
	14210 :	10110101;
	14209 :	11110110;
	14208 :	10110100;
	14207 :	01010110;
	14206 :	11010101;
	14205 :	01010010;
	14204 :	11001100;
	14203 :	01010000;
	14202 :	11001100;
	14201 :	11001101;
	14200 :	11000011;
	14199 :	11010000;
	14198 :	10101011;
	14197 :	00101110;
	14196 :	10110100;
	14195 :	10001101;
	14194 :	10110011;
	14193 :	10001101;
	14192 :	10110011;
	14191 :	11001101;
	14190 :	11000011;
	14189 :	11001101;
	14188 :	11000011;
	14187 :	10001011;
	14186 :	11000011;
	14185 :	10001011;
	14184 :	10101011;
	14183 :	11001001;
	14182 :	10100010;
	14181 :	00001001;
	14180 :	10100011;
	14179 :	11001001;
	14178 :	10100010;
	14177 :	10101000;
	14176 :	10010010;
	14175 :	00101001;
	14174 :	10110011;
	14173 :	10001011;
	14172 :	10101011;
	14171 :	11001001;
	14170 :	10100010;
	14169 :	00101001;
	14168 :	10110011;
	14167 :	01001011;
	14166 :	10110011;
	14165 :	00101010;
	14164 :	10101011;
	14163 :	01001011;
	14162 :	10110011;
	14161 :	10010010;
	14160 :	10101100;
	14159 :	00110111;
	14158 :	10101101;
	14157 :	00110111;
	14156 :	10101101;
	14155 :	10010111;
	14154 :	10111101;
	14153 :	01111000;
	14152 :	10110101;
	14151 :	01111000;
	14150 :	10110101;
	14149 :	01111000;
	14148 :	10110101;
	14147 :	01111000;
	14146 :	10110101;
	14145 :	10011001;
	14144 :	10101101;
	14143 :	10111101;
	14142 :	11010110;
	14141 :	00011111;
	14140 :	11011111;
	14139 :	00011111;
	14138 :	11011111;
	14137 :	11111110;
	14136 :	11100110;
	14135 :	00011101;
	14134 :	11011111;
	14133 :	11011110;
	14132 :	11011110;
	14131 :	00111111;
	14130 :	11100111;
	14129 :	00111111;
	14128 :	11100111;
	14127 :	00111111;
	14126 :	11100111;
	14125 :	00111111;
	14124 :	11100111;
	14123 :	00011111;
	14122 :	11011111;
	14121 :	00111111;
	14120 :	11100111;
	14119 :	00111111;
	14118 :	11100111;
	14117 :	11111110;
	14116 :	11100110;
	14115 :	11011110;
	14114 :	11011110;
	14113 :	11111010;
	14112 :	11000101;
	14111 :	11111100;
	14110 :	11000101;
	14109 :	11111100;
	14108 :	11000101;
	14107 :	11111010;
	14106 :	11010101;
	14105 :	11111010;
	14104 :	11000101;
	14103 :	11111010;
	14102 :	11000101;
	14101 :	11111100;
	14100 :	11000101;
	14099 :	11111110;
	14098 :	11110110;
	14097 :	01111110;
	14096 :	11010110;
	14095 :	11111100;
	14094 :	11000101;
	14093 :	11111100;
	14092 :	11000101;
	14091 :	00111100;
	14090 :	11000110;
	14089 :	11111010;
	14088 :	11010101;
	14087 :	11111100;
	14086 :	11000101;
	14085 :	00111100;
	14084 :	11000110;
	14083 :	00111100;
	14082 :	11000110;
	14081 :	00111100;
	14080 :	11000110;
	14079 :	10011010;
	14078 :	10101101;
	14077 :	01011000;
	14076 :	10101101;
	14075 :	00111000;
	14074 :	10011101;
	14073 :	10010111;
	14072 :	10111101;
	14071 :	10011001;
	14070 :	10101101;
	14069 :	10011001;
	14068 :	10110101;
	14067 :	10011001;
	14066 :	10101101;
	14065 :	10011001;
	14064 :	10101101;
	14063 :	10011001;
	14062 :	10110101;
	14061 :	11011010;
	14060 :	10111101;
	14059 :	10011001;
	14058 :	10110101;
	14057 :	11011010;
	14056 :	10111101;
	14055 :	00011011;
	14054 :	11000110;
	14053 :	10011001;
	14052 :	10110101;
	14051 :	10011001;
	14050 :	10110101;
	14049 :	10011001;
	14048 :	10110101;
	14047 :	01011000;
	14046 :	10101101;
	14045 :	01011000;
	14044 :	10101101;
	14043 :	10111101;
	14042 :	11010110;
	14041 :	10011101;
	14040 :	11001110;
	14039 :	11011110;
	14038 :	11011110;
	14037 :	00011001;
	14036 :	10111110;
	14035 :	01011000;
	14034 :	10101101;
	14033 :	01111100;
	14032 :	11010110;
	14031 :	10111101;
	14030 :	11010110;
	14029 :	10111101;
	14028 :	11010110;
	14027 :	01111000;
	14026 :	10110101;
	14025 :	00110111;
	14024 :	10101101;
	14023 :	11110110;
	14022 :	10100100;
	14021 :	11110110;
	14020 :	10110100;
	14019 :	11110110;
	14018 :	10100100;
	14017 :	00110111;
	14016 :	10110101;
	14015 :	11110110;
	14014 :	10100100;
	14013 :	11110110;
	14012 :	10110100;
	14011 :	11110110;
	14010 :	10110100;
	14009 :	00110111;
	14008 :	10101101;
	14007 :	11110110;
	14006 :	10100100;
	14005 :	00110111;
	14004 :	10101101;
	14003 :	11110110;
	14002 :	10110100;
	14001 :	00110111;
	14000 :	10101101;
	13999 :	00110111;
	13998 :	10101101;
	13997 :	01111000;
	13996 :	10110101;
	13995 :	00011011;
	13994 :	11000110;
	13993 :	11011110;
	13992 :	11011110;
	13991 :	00111011;
	13990 :	11010110;
	13989 :	00011001;
	13988 :	10111110;
	13987 :	00111011;
	13986 :	11010110;
	13985 :	01111100;
	13984 :	11010110;
	13983 :	01111100;
	13982 :	11010110;
	13981 :	10111101;
	13980 :	11010110;
	13979 :	00011011;
	13978 :	11000110;
	13977 :	01111100;
	13976 :	11010110;
	13975 :	01111100;
	13974 :	11010110;
	13973 :	01111110;
	13972 :	11010110;
	13971 :	00011011;
	13970 :	11000110;
	13969 :	00111011;
	13968 :	11010110;
	13967 :	00111011;
	13966 :	11010110;
	13965 :	10011011;
	13964 :	11010110;
	13963 :	10111001;
	13962 :	11000101;
	13961 :	00011011;
	13960 :	11000110;
	13959 :	00011001;
	13958 :	11001110;
	13957 :	10111001;
	13956 :	11000101;
	13955 :	00011001;
	13954 :	11001110;
	13953 :	01111000;
	13952 :	11000101;
	13951 :	10110111;
	13950 :	11010101;
	13949 :	00101111;
	13948 :	11000100;
	13947 :	01010000;
	13946 :	11001100;
	13945 :	11010000;
	13944 :	10101011;
	13943 :	00101111;
	13942 :	11000100;
	13941 :	11001101;
	13940 :	11000011;
	13939 :	01010000;
	13938 :	11001100;
	13937 :	00001101;
	13936 :	11000100;
	13935 :	01010001;
	13934 :	11010100;
	13933 :	10101111;
	13932 :	11000100;
	13931 :	01010000;
	13930 :	11001100;
	13929 :	11001101;
	13928 :	11000011;
	13927 :	10001011;
	13926 :	11000011;
	13925 :	01001011;
	13924 :	10110011;
	13923 :	00001001;
	13922 :	10100011;
	13921 :	00001001;
	13920 :	10100011;
	13919 :	00101010;
	13918 :	10101011;
	13917 :	10001011;
	13916 :	10111011;
	13915 :	10001011;
	13914 :	11000011;
	13913 :	10001011;
	13912 :	10101011;
	13911 :	11001001;
	13910 :	10100010;
	13909 :	01001011;
	13908 :	10110011;
	13907 :	10001011;
	13906 :	10111011;
	13905 :	11010100;
	13904 :	11000100;
	13903 :	00110111;
	13902 :	10101101;
	13901 :	00110111;
	13900 :	10110101;
	13899 :	01011000;
	13898 :	10101101;
	13897 :	01111000;
	13896 :	10110101;
	13895 :	00110111;
	13894 :	10110101;
	13893 :	00110111;
	13892 :	10101101;
	13891 :	00110111;
	13890 :	10110101;
	13889 :	01111100;
	13888 :	11010110;
	13887 :	11011110;
	13886 :	11011110;
	13885 :	11011110;
	13884 :	11011110;
	13883 :	00111111;
	13882 :	11100111;
	13881 :	00011111;
	13880 :	11011111;
	13879 :	00011101;
	13878 :	11011111;
	13877 :	00111011;
	13876 :	11010110;
	13875 :	11011110;
	13874 :	11011110;
	13873 :	00011111;
	13872 :	11011111;
	13871 :	10111101;
	13870 :	11100110;
	13869 :	00011111;
	13868 :	11011111;
	13867 :	01111100;
	13866 :	11010110;
	13865 :	00111111;
	13864 :	11100111;
	13863 :	01011111;
	13862 :	11110111;
	13861 :	00011111;
	13860 :	11011111;
	13859 :	10111101;
	13858 :	11100110;
	13857 :	11111100;
	13856 :	11000101;
	13855 :	11111100;
	13854 :	11000101;
	13853 :	11111010;
	13852 :	11000101;
	13851 :	11111100;
	13850 :	11000101;
	13849 :	11111010;
	13848 :	11000101;
	13847 :	11111100;
	13846 :	11000101;
	13845 :	11111100;
	13844 :	11000101;
	13843 :	11111100;
	13842 :	11000101;
	13841 :	11111100;
	13840 :	11000101;
	13839 :	11111010;
	13838 :	11010101;
	13837 :	01111110;
	13836 :	11010110;
	13835 :	11111100;
	13834 :	11000101;
	13833 :	00111100;
	13832 :	11000110;
	13831 :	00111100;
	13830 :	11000110;
	13829 :	00111100;
	13828 :	11000110;
	13827 :	00111100;
	13826 :	11000110;
	13825 :	10011101;
	13824 :	11001110;
	13823 :	01011000;
	13822 :	10101101;
	13821 :	00111000;
	13820 :	10011101;
	13819 :	10011001;
	13818 :	10101101;
	13817 :	01011000;
	13816 :	10101101;
	13815 :	10011001;
	13814 :	10101101;
	13813 :	10011001;
	13812 :	10101101;
	13811 :	10011001;
	13810 :	10101101;
	13809 :	10011010;
	13808 :	10101101;
	13807 :	10011001;
	13806 :	10110101;
	13805 :	10011101;
	13804 :	11001110;
	13803 :	01011111;
	13802 :	11110111;
	13801 :	00111111;
	13800 :	11100111;
	13799 :	10011001;
	13798 :	10110101;
	13797 :	10011001;
	13796 :	10110101;
	13795 :	01111000;
	13794 :	10110101;
	13793 :	01011000;
	13792 :	10101101;
	13791 :	10011001;
	13790 :	10110101;
	13789 :	10011001;
	13788 :	10110101;
	13787 :	01011000;
	13786 :	10101101;
	13785 :	10011001;
	13784 :	10110101;
	13783 :	10011001;
	13782 :	10110101;
	13781 :	00111100;
	13780 :	11000110;
	13779 :	10011001;
	13778 :	10110101;
	13777 :	10011001;
	13776 :	10101101;
	13775 :	00011011;
	13774 :	10111110;
	13773 :	00011001;
	13772 :	10111110;
	13771 :	00110111;
	13770 :	10101101;
	13769 :	00110111;
	13768 :	10101101;
	13767 :	00110111;
	13766 :	10101101;
	13765 :	00110111;
	13764 :	10101101;
	13763 :	11110110;
	13762 :	10100100;
	13761 :	00110111;
	13760 :	10110101;
	13759 :	11110110;
	13758 :	10110100;
	13757 :	11110110;
	13756 :	10100100;
	13755 :	11110110;
	13754 :	10110100;
	13753 :	00110111;
	13752 :	10101101;
	13751 :	00110111;
	13750 :	10110101;
	13749 :	11110110;
	13748 :	10100100;
	13747 :	00110111;
	13746 :	10101101;
	13745 :	00110111;
	13744 :	10101101;
	13743 :	01111000;
	13742 :	10110101;
	13741 :	00011001;
	13740 :	10111110;
	13739 :	00011011;
	13738 :	11000110;
	13737 :	00011011;
	13736 :	11000110;
	13735 :	10111101;
	13734 :	11010110;
	13733 :	10011001;
	13732 :	10110101;
	13731 :	01111100;
	13730 :	11010110;
	13729 :	01111100;
	13728 :	11010110;
	13727 :	10111101;
	13726 :	11010110;
	13725 :	01111100;
	13724 :	11010110;
	13723 :	00011011;
	13722 :	11000110;
	13721 :	10111101;
	13720 :	11100110;
	13719 :	10111101;
	13718 :	11010110;
	13717 :	10111101;
	13716 :	11100110;
	13715 :	00011011;
	13714 :	11000110;
	13713 :	10011011;
	13712 :	11010110;
	13711 :	10111101;
	13710 :	11010110;
	13709 :	00011011;
	13708 :	11000110;
	13707 :	01111100;
	13706 :	11010110;
	13705 :	00111001;
	13704 :	11011110;
	13703 :	01111100;
	13702 :	11010110;
	13701 :	00111011;
	13700 :	11010110;
	13699 :	00111011;
	13698 :	11010110;
	13697 :	00011011;
	13696 :	11000110;
	13695 :	11010100;
	13694 :	11000100;
	13693 :	00101110;
	13692 :	10110100;
	13691 :	00101111;
	13690 :	11000100;
	13689 :	00101110;
	13688 :	10110100;
	13687 :	11110000;
	13686 :	11001011;
	13685 :	00101110;
	13684 :	10110100;
	13683 :	01010000;
	13682 :	11001100;
	13681 :	10110001;
	13680 :	11001100;
	13679 :	10010010;
	13678 :	11010100;
	13677 :	10010010;
	13676 :	11010100;
	13675 :	00110000;
	13674 :	11100100;
	13673 :	10110001;
	13672 :	11010100;
	13671 :	00101111;
	13670 :	11010100;
	13669 :	11001101;
	13668 :	11000011;
	13667 :	01001011;
	13666 :	10110011;
	13665 :	10001011;
	13664 :	10111011;
	13663 :	01001011;
	13662 :	10110011;
	13661 :	00101010;
	13660 :	10101011;
	13659 :	01001011;
	13658 :	10110011;
	13657 :	10101111;
	13656 :	11000100;
	13655 :	00101111;
	13654 :	11010100;
	13653 :	00101010;
	13652 :	10101011;
	13651 :	10001101;
	13650 :	10110011;
	13649 :	00110101;
	13648 :	10110101;
	13647 :	00110111;
	13646 :	10101101;
	13645 :	00110111;
	13644 :	10110101;
	13643 :	01111000;
	13642 :	10110101;
	13641 :	00110111;
	13640 :	10101101;
	13639 :	00011001;
	13638 :	10111110;
	13637 :	00110111;
	13636 :	10101101;
	13635 :	01111100;
	13634 :	11010110;
	13633 :	00011001;
	13632 :	10111110;
	13631 :	00011011;
	13630 :	11000110;
	13629 :	10111101;
	13628 :	11010110;
	13627 :	11011110;
	13626 :	11011110;
	13625 :	00111111;
	13624 :	11100111;
	13623 :	11011110;
	13622 :	11011110;
	13621 :	00011101;
	13620 :	11011111;
	13619 :	10011111;
	13618 :	11101111;
	13617 :	10011111;
	13616 :	11101111;
	13615 :	10011111;
	13614 :	11101111;
	13613 :	10011111;
	13612 :	11101111;
	13611 :	00011101;
	13610 :	11011111;
	13609 :	10011111;
	13608 :	11101111;
	13607 :	10011111;
	13606 :	11101111;
	13605 :	01011111;
	13604 :	11110111;
	13603 :	10111101;
	13602 :	11010110;
	13601 :	11011010;
	13600 :	10111101;
	13599 :	00011011;
	13598 :	11000110;
	13597 :	00111100;
	13596 :	11000110;
	13595 :	11111100;
	13594 :	11000101;
	13593 :	00111100;
	13592 :	11000110;
	13591 :	11111100;
	13590 :	11000101;
	13589 :	11111010;
	13588 :	11010101;
	13587 :	11111100;
	13586 :	11000101;
	13585 :	11111100;
	13584 :	11000101;
	13583 :	11111100;
	13582 :	11000101;
	13581 :	11111100;
	13580 :	11000101;
	13579 :	11111100;
	13578 :	11000101;
	13577 :	00111100;
	13576 :	11000110;
	13575 :	11111010;
	13574 :	11010101;
	13573 :	00111100;
	13572 :	11000110;
	13571 :	00111100;
	13570 :	11000110;
	13569 :	11111100;
	13568 :	11000101;
	13567 :	10011010;
	13566 :	10101101;
	13565 :	01011000;
	13564 :	10101101;
	13563 :	01011000;
	13562 :	10101101;
	13561 :	01011000;
	13560 :	10101101;
	13559 :	01011000;
	13558 :	10101101;
	13557 :	01011000;
	13556 :	10101101;
	13555 :	10011010;
	13554 :	10101101;
	13553 :	10011001;
	13552 :	10110101;
	13551 :	00011111;
	13550 :	11011111;
	13549 :	00011111;
	13548 :	11011111;
	13547 :	10111101;
	13546 :	11010110;
	13545 :	00111100;
	13544 :	11000110;
	13543 :	00011001;
	13542 :	10111110;
	13541 :	10011001;
	13540 :	10101101;
	13539 :	01111000;
	13538 :	10110101;
	13537 :	10011001;
	13536 :	10101101;
	13535 :	00110111;
	13534 :	10110101;
	13533 :	10011010;
	13532 :	10101101;
	13531 :	10011001;
	13530 :	10110101;
	13529 :	00011011;
	13528 :	11000110;
	13527 :	00011101;
	13526 :	11011111;
	13525 :	01111100;
	13524 :	11010110;
	13523 :	10111101;
	13522 :	11010110;
	13521 :	00011011;
	13520 :	10111110;
	13519 :	00110111;
	13518 :	10101101;
	13517 :	00110111;
	13516 :	10101101;
	13515 :	00110111;
	13514 :	10101101;
	13513 :	00110111;
	13512 :	10101101;
	13511 :	11110110;
	13510 :	10110100;
	13509 :	00110111;
	13508 :	10101101;
	13507 :	00110111;
	13506 :	10101101;
	13505 :	11110110;
	13504 :	10100100;
	13503 :	11110110;
	13502 :	10110100;
	13501 :	01011000;
	13500 :	10101101;
	13499 :	00110111;
	13498 :	10101101;
	13497 :	00110111;
	13496 :	10101101;
	13495 :	11110110;
	13494 :	10100100;
	13493 :	01011000;
	13492 :	10101101;
	13491 :	11110110;
	13490 :	10100100;
	13489 :	00110111;
	13488 :	10101101;
	13487 :	00111011;
	13486 :	11010110;
	13485 :	00111100;
	13484 :	11000110;
	13483 :	01111100;
	13482 :	11010110;
	13481 :	01111100;
	13480 :	11010110;
	13479 :	01111100;
	13478 :	11010110;
	13477 :	00011001;
	13476 :	11001110;
	13475 :	00111100;
	13474 :	11000110;
	13473 :	10111101;
	13472 :	11010110;
	13471 :	01111100;
	13470 :	11010110;
	13469 :	00111100;
	13468 :	11000110;
	13467 :	00011011;
	13466 :	11000110;
	13465 :	10111101;
	13464 :	11010110;
	13463 :	01111100;
	13462 :	11010110;
	13461 :	10111101;
	13460 :	11100110;
	13459 :	11111010;
	13458 :	11000101;
	13457 :	00011011;
	13456 :	11000110;
	13455 :	01111100;
	13454 :	11010110;
	13453 :	00011011;
	13452 :	11000110;
	13451 :	11111010;
	13450 :	11000101;
	13449 :	00011001;
	13448 :	10111110;
	13447 :	00111001;
	13446 :	11011110;
	13445 :	01111100;
	13444 :	11010110;
	13443 :	00111011;
	13442 :	11010110;
	13441 :	01111100;
	13440 :	11010110;
	13439 :	01010010;
	13438 :	11001100;
	13437 :	00101111;
	13436 :	11000100;
	13435 :	00101111;
	13434 :	11000100;
	13433 :	00101111;
	13432 :	11000100;
	13431 :	10101111;
	13430 :	11000100;
	13429 :	01010000;
	13428 :	11001100;
	13427 :	01010000;
	13426 :	11001100;
	13425 :	10110001;
	13424 :	11010100;
	13423 :	01110010;
	13422 :	11010100;
	13421 :	10010010;
	13420 :	11010100;
	13419 :	01110010;
	13418 :	11010100;
	13417 :	00101111;
	13416 :	11010100;
	13415 :	11110000;
	13414 :	11001011;
	13413 :	00101111;
	13412 :	11000100;
	13411 :	10001101;
	13410 :	10110011;
	13409 :	10001011;
	13408 :	11000011;
	13407 :	10001011;
	13406 :	10111011;
	13405 :	01001011;
	13404 :	10110011;
	13403 :	10001011;
	13402 :	10111011;
	13401 :	00101010;
	13400 :	10101011;
	13399 :	10110001;
	13398 :	11010100;
	13397 :	01010010;
	13396 :	11100101;
	13395 :	10010010;
	13394 :	11010100;
	13393 :	00110101;
	13392 :	11000101;
	13391 :	00110111;
	13390 :	10101101;
	13389 :	01111000;
	13388 :	10110101;
	13387 :	00110111;
	13386 :	10101101;
	13385 :	01011000;
	13384 :	10101101;
	13383 :	00011001;
	13382 :	10111110;
	13381 :	00011101;
	13380 :	11011111;
	13379 :	00111111;
	13378 :	11100111;
	13377 :	11011110;
	13376 :	11011110;
	13375 :	10011101;
	13374 :	11001110;
	13373 :	10111101;
	13372 :	11010110;
	13371 :	11011110;
	13370 :	11011110;
	13369 :	00011111;
	13368 :	11011111;
	13367 :	00111111;
	13366 :	11100111;
	13365 :	00011111;
	13364 :	11011111;
	13363 :	00111111;
	13362 :	11100111;
	13361 :	10011111;
	13360 :	11101111;
	13359 :	00111111;
	13358 :	11100111;
	13357 :	10011111;
	13356 :	11101111;
	13355 :	00011101;
	13354 :	11011111;
	13353 :	10011111;
	13352 :	11110111;
	13351 :	10011111;
	13350 :	11101111;
	13349 :	10011111;
	13348 :	11101111;
	13347 :	01011111;
	13346 :	11110111;
	13345 :	01011111;
	13344 :	11110111;
	13343 :	11111110;
	13342 :	11100110;
	13341 :	00011011;
	13340 :	11000110;
	13339 :	00111100;
	13338 :	11000110;
	13337 :	00111100;
	13336 :	11000110;
	13335 :	00111100;
	13334 :	11000110;
	13333 :	01111110;
	13332 :	11010110;
	13331 :	11111100;
	13330 :	11000101;
	13329 :	11111100;
	13328 :	11000101;
	13327 :	01111110;
	13326 :	11010110;
	13325 :	11111100;
	13324 :	11000101;
	13323 :	01111110;
	13322 :	11010110;
	13321 :	00111100;
	13320 :	11000110;
	13319 :	00111100;
	13318 :	11000110;
	13317 :	00111100;
	13316 :	11000110;
	13315 :	00111100;
	13314 :	11000110;
	13313 :	10011101;
	13312 :	11001110;
	13311 :	00110111;
	13310 :	10101101;
	13309 :	00111000;
	13308 :	10011101;
	13307 :	00110111;
	13306 :	10101101;
	13305 :	00111000;
	13304 :	10011101;
	13303 :	10011001;
	13302 :	10101101;
	13301 :	10011001;
	13300 :	10101101;
	13299 :	10011001;
	13298 :	10101101;
	13297 :	00011011;
	13296 :	10111110;
	13295 :	10011101;
	13294 :	11001110;
	13293 :	10111101;
	13292 :	11010110;
	13291 :	11011110;
	13290 :	11011110;
	13289 :	00011111;
	13288 :	11011111;
	13287 :	10111101;
	13286 :	11010110;
	13285 :	10011011;
	13284 :	11010110;
	13283 :	10011001;
	13282 :	10101101;
	13281 :	01111000;
	13280 :	10110101;
	13279 :	10011010;
	13278 :	10101101;
	13277 :	00110111;
	13276 :	10110101;
	13275 :	01011000;
	13274 :	10101101;
	13273 :	01011000;
	13272 :	10101101;
	13271 :	10011101;
	13270 :	11001110;
	13269 :	00011011;
	13268 :	11000110;
	13267 :	00011011;
	13266 :	10111110;
	13265 :	10111101;
	13264 :	11010110;
	13263 :	01111000;
	13262 :	10110101;
	13261 :	00110111;
	13260 :	10101101;
	13259 :	00110111;
	13258 :	10101101;
	13257 :	00110111;
	13256 :	10101101;
	13255 :	00110111;
	13254 :	10101101;
	13253 :	00110111;
	13252 :	10101101;
	13251 :	00110111;
	13250 :	10101101;
	13249 :	00110111;
	13248 :	10101101;
	13247 :	00110111;
	13246 :	10101101;
	13245 :	11110110;
	13244 :	10110100;
	13243 :	11110110;
	13242 :	10100100;
	13241 :	00110111;
	13240 :	10110101;
	13239 :	11110110;
	13238 :	10100100;
	13237 :	00110111;
	13236 :	10110101;
	13235 :	00110111;
	13234 :	10101101;
	13233 :	10011001;
	13232 :	10110101;
	13231 :	10111101;
	13230 :	11100110;
	13229 :	00111100;
	13228 :	11000110;
	13227 :	00011101;
	13226 :	11011111;
	13225 :	00011101;
	13224 :	11011111;
	13223 :	10011101;
	13222 :	11001110;
	13221 :	00111011;
	13220 :	11010110;
	13219 :	01111100;
	13218 :	11010110;
	13217 :	00011101;
	13216 :	11011111;
	13215 :	11011110;
	13214 :	11011110;
	13213 :	01111100;
	13212 :	11010110;
	13211 :	11111100;
	13210 :	11000101;
	13209 :	11011110;
	13208 :	11011110;
	13207 :	10011101;
	13206 :	11001110;
	13205 :	10111101;
	13204 :	11100110;
	13203 :	00011011;
	13202 :	11000110;
	13201 :	01111100;
	13200 :	11010110;
	13199 :	10111101;
	13198 :	11010110;
	13197 :	10111101;
	13196 :	11100110;
	13195 :	00011101;
	13194 :	11011111;
	13193 :	01111100;
	13192 :	11010110;
	13191 :	00111011;
	13190 :	11010110;
	13189 :	01111100;
	13188 :	11010110;
	13187 :	10011011;
	13186 :	11010110;
	13185 :	00111001;
	13184 :	11011110;
	13183 :	10010010;
	13182 :	10101100;
	13181 :	00101111;
	13180 :	11000100;
	13179 :	00101110;
	13178 :	10110100;
	13177 :	00101111;
	13176 :	11000100;
	13175 :	01010000;
	13174 :	11001100;
	13173 :	01010000;
	13172 :	11001100;
	13171 :	01010000;
	13170 :	11001100;
	13169 :	01110010;
	13168 :	11010100;
	13167 :	01010001;
	13166 :	11010100;
	13165 :	11110000;
	13164 :	11001011;
	13163 :	00001111;
	13162 :	11100100;
	13161 :	11110000;
	13160 :	11001011;
	13159 :	00101111;
	13158 :	11000100;
	13157 :	11001101;
	13156 :	11000011;
	13155 :	11001101;
	13154 :	11000011;
	13153 :	01001011;
	13152 :	10110011;
	13151 :	10001101;
	13150 :	10110011;
	13149 :	10001101;
	13148 :	10110011;
	13147 :	10001011;
	13146 :	11000011;
	13145 :	10001011;
	13144 :	10111011;
	13143 :	00101010;
	13142 :	10101011;
	13141 :	01010010;
	13140 :	11100101;
	13139 :	01010100;
	13138 :	11010101;
	13137 :	01010110;
	13136 :	11000101;
	13135 :	01011000;
	13134 :	10101101;
	13133 :	10010111;
	13132 :	10111101;
	13131 :	10011101;
	13130 :	11001110;
	13129 :	10111101;
	13128 :	11010110;
	13127 :	00011011;
	13126 :	11000110;
	13125 :	00011101;
	13124 :	11011111;
	13123 :	11011110;
	13122 :	11011110;
	13121 :	00011101;
	13120 :	11011111;
	13119 :	11011110;
	13118 :	11011110;
	13117 :	10111101;
	13116 :	11010110;
	13115 :	00011111;
	13114 :	11011111;
	13113 :	00011101;
	13112 :	11011111;
	13111 :	00011111;
	13110 :	11011111;
	13109 :	01111100;
	13108 :	11010110;
	13107 :	00111111;
	13106 :	11100111;
	13105 :	00111111;
	13104 :	11100111;
	13103 :	00111111;
	13102 :	11100111;
	13101 :	01011111;
	13100 :	11110111;
	13099 :	00111111;
	13098 :	11100111;
	13097 :	10011111;
	13096 :	11101111;
	13095 :	01011111;
	13094 :	11110111;
	13093 :	01011111;
	13092 :	11110111;
	13091 :	00111111;
	13090 :	11100111;
	13089 :	10011111;
	13088 :	11110111;
	13087 :	10011111;
	13086 :	11101111;
	13085 :	10011111;
	13084 :	11110111;
	13083 :	00111111;
	13082 :	11100111;
	13081 :	00111011;
	13080 :	11010110;
	13079 :	01011110;
	13078 :	11001110;
	13077 :	11111100;
	13076 :	11000101;
	13075 :	01111110;
	13074 :	11010110;
	13073 :	11111100;
	13072 :	11000101;
	13071 :	11111100;
	13070 :	11000101;
	13069 :	01111110;
	13068 :	11010110;
	13067 :	11111100;
	13066 :	11000101;
	13065 :	00111100;
	13064 :	11000110;
	13063 :	00111100;
	13062 :	11000110;
	13061 :	00111100;
	13060 :	11000110;
	13059 :	00111100;
	13058 :	11000110;
	13057 :	00111100;
	13056 :	11000110;
	13055 :	01011000;
	13054 :	10101101;
	13053 :	01011000;
	13052 :	10101101;
	13051 :	00110111;
	13050 :	10101101;
	13049 :	10011001;
	13048 :	10101101;
	13047 :	10011001;
	13046 :	10101101;
	13045 :	10011001;
	13044 :	10101101;
	13043 :	10011010;
	13042 :	10101101;
	13041 :	00011011;
	13040 :	10111110;
	13039 :	11011010;
	13038 :	10111101;
	13037 :	00011011;
	13036 :	10111110;
	13035 :	00011011;
	13034 :	11000110;
	13033 :	00011011;
	13032 :	10111110;
	13031 :	10011101;
	13030 :	11001110;
	13029 :	00011011;
	13028 :	10111110;
	13027 :	10011001;
	13026 :	10110101;
	13025 :	10011001;
	13024 :	10101101;
	13023 :	01111000;
	13022 :	10110101;
	13021 :	10011001;
	13020 :	10101101;
	13019 :	01011000;
	13018 :	10101101;
	13017 :	01011000;
	13016 :	10101101;
	13015 :	00110111;
	13014 :	10101101;
	13013 :	10011001;
	13012 :	10110101;
	13011 :	00011001;
	13010 :	10111110;
	13009 :	01111100;
	13008 :	11010110;
	13007 :	00110111;
	13006 :	10101101;
	13005 :	00110111;
	13004 :	10101101;
	13003 :	00110111;
	13002 :	10101101;
	13001 :	00110111;
	13000 :	10101101;
	12999 :	00110111;
	12998 :	10101101;
	12997 :	11110110;
	12996 :	10100100;
	12995 :	00110111;
	12994 :	10101101;
	12993 :	00110111;
	12992 :	10101101;
	12991 :	11110110;
	12990 :	10100100;
	12989 :	00110111;
	12988 :	10110101;
	12987 :	11110110;
	12986 :	10100100;
	12985 :	00110111;
	12984 :	10101101;
	12983 :	11110110;
	12982 :	10100100;
	12981 :	00110111;
	12980 :	10101101;
	12979 :	00110111;
	12978 :	10101101;
	12977 :	00110111;
	12976 :	10101101;
	12975 :	00011001;
	12974 :	10111110;
	12973 :	00011011;
	12972 :	11000110;
	12971 :	00011011;
	12970 :	11000110;
	12969 :	00011011;
	12968 :	11000110;
	12967 :	00011001;
	12966 :	10111110;
	12965 :	01111000;
	12964 :	10110101;
	12963 :	00110111;
	12962 :	10101101;
	12961 :	01011000;
	12960 :	10101101;
	12959 :	00010110;
	12958 :	10011101;
	12957 :	00010110;
	12956 :	10011101;
	12955 :	01110010;
	12954 :	10010100;
	12953 :	01110010;
	12952 :	10010100;
	12951 :	01110010;
	12950 :	10010100;
	12949 :	00010110;
	12948 :	10011101;
	12947 :	00110111;
	12946 :	10101101;
	12945 :	00110111;
	12944 :	10101101;
	12943 :	00011011;
	12942 :	10111110;
	12941 :	00011011;
	12940 :	11000110;
	12939 :	11011010;
	12938 :	10111101;
	12937 :	00111011;
	12936 :	11010110;
	12935 :	10011011;
	12934 :	11010110;
	12933 :	11111110;
	12932 :	11110110;
	12931 :	11111110;
	12930 :	11110110;
	12929 :	10011011;
	12928 :	11010110;
	12927 :	01010010;
	12926 :	11001100;
	12925 :	00101111;
	12924 :	11000100;
	12923 :	00101111;
	12922 :	11000100;
	12921 :	10101111;
	12920 :	11000100;
	12919 :	00101111;
	12918 :	11000100;
	12917 :	11110000;
	12916 :	11001011;
	12915 :	01010001;
	12914 :	11010100;
	12913 :	01110010;
	12912 :	11010100;
	12911 :	00110000;
	12910 :	11100100;
	12909 :	11110000;
	12908 :	11001011;
	12907 :	11110000;
	12906 :	11001011;
	12905 :	11001101;
	12904 :	11000011;
	12903 :	10001101;
	12902 :	10110011;
	12901 :	01001010;
	12900 :	11000011;
	12899 :	10001101;
	12898 :	10110011;
	12897 :	10001101;
	12896 :	10110011;
	12895 :	10001011;
	12894 :	11000011;
	12893 :	10001011;
	12892 :	11000011;
	12891 :	10001011;
	12890 :	11000011;
	12889 :	10001101;
	12888 :	10110011;
	12887 :	10101001;
	12886 :	10110011;
	12885 :	11001101;
	12884 :	11000011;
	12883 :	01010100;
	12882 :	11100101;
	12881 :	01010110;
	12880 :	11000101;
	12879 :	00111111;
	12878 :	11100111;
	12877 :	11011110;
	12876 :	11011110;
	12875 :	00011111;
	12874 :	11011111;
	12873 :	00111100;
	12872 :	11000110;
	12871 :	00111011;
	12870 :	11010110;
	12869 :	00011101;
	12868 :	11011111;
	12867 :	00011111;
	12866 :	11011111;
	12865 :	00011111;
	12864 :	11011111;
	12863 :	10011110;
	12862 :	11001110;
	12861 :	11011110;
	12860 :	11011110;
	12859 :	00011111;
	12858 :	11011111;
	12857 :	11011110;
	12856 :	11011110;
	12855 :	11011110;
	12854 :	11011110;
	12853 :	11011110;
	12852 :	11011110;
	12851 :	00011101;
	12850 :	11011111;
	12849 :	00111111;
	12848 :	11100111;
	12847 :	00111111;
	12846 :	11100111;
	12845 :	10111101;
	12844 :	11100110;
	12843 :	00111111;
	12842 :	11100111;
	12841 :	10011111;
	12840 :	11101111;
	12839 :	10011111;
	12838 :	11101111;
	12837 :	00111111;
	12836 :	11100111;
	12835 :	00111111;
	12834 :	11100111;
	12833 :	10011111;
	12832 :	11101111;
	12831 :	10011111;
	12830 :	11110111;
	12829 :	10011111;
	12828 :	11110111;
	12827 :	11111110;
	12826 :	11110110;
	12825 :	11111110;
	12824 :	11100110;
	12823 :	11111010;
	12822 :	11010101;
	12821 :	01111110;
	12820 :	11010110;
	12819 :	11111100;
	12818 :	11000101;
	12817 :	11111100;
	12816 :	11000101;
	12815 :	01111110;
	12814 :	11010110;
	12813 :	11111100;
	12812 :	11000101;
	12811 :	11111100;
	12810 :	11000101;
	12809 :	01111110;
	12808 :	11010110;
	12807 :	00111100;
	12806 :	11000110;
	12805 :	00111100;
	12804 :	11000110;
	12803 :	01011110;
	12802 :	11001110;
	12801 :	00111100;
	12800 :	11000110;
	12799 :	01011000;
	12798 :	10101101;
	12797 :	01011000;
	12796 :	10101101;
	12795 :	11011010;
	12794 :	10111101;
	12793 :	00011111;
	12792 :	11011111;
	12791 :	10011101;
	12790 :	11001110;
	12789 :	10011101;
	12788 :	11001110;
	12787 :	00011100;
	12786 :	10111110;
	12785 :	00011100;
	12784 :	10111110;
	12783 :	10011110;
	12782 :	11001110;
	12781 :	10011101;
	12780 :	11001110;
	12779 :	10011101;
	12778 :	11001110;
	12777 :	00011011;
	12776 :	10111110;
	12775 :	10011101;
	12774 :	11001110;
	12773 :	10011110;
	12772 :	11001110;
	12771 :	10010111;
	12770 :	10111101;
	12769 :	01011000;
	12768 :	10101101;
	12767 :	01011000;
	12766 :	10101101;
	12765 :	01011000;
	12764 :	10101101;
	12763 :	00110111;
	12762 :	10101101;
	12761 :	00110111;
	12760 :	10101101;
	12759 :	00111000;
	12758 :	10011101;
	12757 :	00011011;
	12756 :	10111110;
	12755 :	00011011;
	12754 :	11000110;
	12753 :	10011001;
	12752 :	10110101;
	12751 :	00010110;
	12750 :	10011101;
	12749 :	00110111;
	12748 :	10101101;
	12747 :	00110111;
	12746 :	10101101;
	12745 :	00110111;
	12744 :	10101101;
	12743 :	00110111;
	12742 :	10101101;
	12741 :	00110111;
	12740 :	10101101;
	12739 :	00110111;
	12738 :	10101101;
	12737 :	00110111;
	12736 :	10110101;
	12735 :	11110110;
	12734 :	10100100;
	12733 :	11110110;
	12732 :	10100100;
	12731 :	00110111;
	12730 :	10110101;
	12729 :	00110111;
	12728 :	10101101;
	12727 :	00110111;
	12726 :	10110101;
	12725 :	11110110;
	12724 :	10100100;
	12723 :	00110111;
	12722 :	10101101;
	12721 :	01111000;
	12720 :	10110101;
	12719 :	00111100;
	12718 :	11000110;
	12717 :	00011011;
	12716 :	11000110;
	12715 :	10011011;
	12714 :	11010110;
	12713 :	00011011;
	12712 :	11000110;
	12711 :	10111101;
	12710 :	11010110;
	12709 :	00011011;
	12708 :	11000110;
	12707 :	00111100;
	12706 :	11000110;
	12705 :	10011011;
	12704 :	11010110;
	12703 :	01111100;
	12702 :	11010110;
	12701 :	01111100;
	12700 :	11010110;
	12699 :	00111011;
	12698 :	11010110;
	12697 :	10111101;
	12696 :	11010110;
	12695 :	10111101;
	12694 :	11100110;
	12693 :	01111100;
	12692 :	11010110;
	12691 :	01111100;
	12690 :	11010110;
	12689 :	00111011;
	12688 :	11010110;
	12687 :	10111101;
	12686 :	11100110;
	12685 :	10111101;
	12684 :	11100110;
	12683 :	00011101;
	12682 :	11011111;
	12681 :	01111100;
	12680 :	11010110;
	12679 :	11111010;
	12678 :	11010101;
	12677 :	10011011;
	12676 :	11010110;
	12675 :	01111100;
	12674 :	11010110;
	12673 :	01111001;
	12672 :	11101110;
	12671 :	00101111;
	12670 :	11000100;
	12669 :	00101111;
	12668 :	11000100;
	12667 :	01010000;
	12666 :	11001100;
	12665 :	00101111;
	12664 :	11000100;
	12663 :	11110000;
	12662 :	11001011;
	12661 :	00101111;
	12660 :	11000100;
	12659 :	01010001;
	12658 :	11010100;
	12657 :	11110000;
	12656 :	11001011;
	12655 :	11110000;
	12654 :	11001011;
	12653 :	11001101;
	12652 :	11000011;
	12651 :	11001101;
	12650 :	11000011;
	12649 :	11001101;
	12648 :	11000011;
	12647 :	11101010;
	12646 :	11001010;
	12645 :	11001001;
	12644 :	10100010;
	12643 :	00001001;
	12642 :	11000011;
	12641 :	01001011;
	12640 :	10110011;
	12639 :	01001011;
	12638 :	10110011;
	12637 :	10001101;
	12636 :	10110011;
	12635 :	10001011;
	12634 :	10111011;
	12633 :	10001011;
	12632 :	10111011;
	12631 :	01001011;
	12630 :	10110011;
	12629 :	10001101;
	12628 :	10110011;
	12627 :	10110001;
	12626 :	11001100;
	12625 :	10110111;
	12624 :	11000101;
	12623 :	11111110;
	12622 :	11100110;
	12621 :	00111111;
	12620 :	11100111;
	12619 :	10111101;
	12618 :	11010110;
	12617 :	00111011;
	12616 :	11010110;
	12615 :	00011011;
	12614 :	10111110;
	12613 :	00011111;
	12612 :	11011111;
	12611 :	00011111;
	12610 :	11011111;
	12609 :	00011111;
	12608 :	11011111;
	12607 :	00111111;
	12606 :	11100111;
	12605 :	00011111;
	12604 :	11011111;
	12603 :	00011111;
	12602 :	11011111;
	12601 :	00111111;
	12600 :	11100111;
	12599 :	00011111;
	12598 :	11011111;
	12597 :	00111111;
	12596 :	11100111;
	12595 :	01011111;
	12594 :	11110111;
	12593 :	10011111;
	12592 :	11110111;
	12591 :	10011111;
	12590 :	11101111;
	12589 :	10011111;
	12588 :	11110111;
	12587 :	10011111;
	12586 :	11110111;
	12585 :	10011111;
	12584 :	11110111;
	12583 :	10011111;
	12582 :	11110111;
	12581 :	10011111;
	12580 :	11110111;
	12579 :	10011111;
	12578 :	11110111;
	12577 :	10011111;
	12576 :	11110111;
	12575 :	10011111;
	12574 :	11110111;
	12573 :	10011111;
	12572 :	11101111;
	12571 :	10011111;
	12570 :	11110111;
	12569 :	10011111;
	12568 :	11110111;
	12567 :	11111110;
	12566 :	11100110;
	12565 :	11111100;
	12564 :	11000101;
	12563 :	01111110;
	12562 :	11010110;
	12561 :	11111100;
	12560 :	11000101;
	12559 :	01111110;
	12558 :	11010110;
	12557 :	00111100;
	12556 :	11000110;
	12555 :	01011110;
	12554 :	11001110;
	12553 :	11111100;
	12552 :	11000101;
	12551 :	01111110;
	12550 :	11010110;
	12549 :	01011110;
	12548 :	11001110;
	12547 :	00111100;
	12546 :	11000110;
	12545 :	00111100;
	12544 :	11000110;
	12543 :	01011000;
	12542 :	10101101;
	12541 :	01011000;
	12540 :	10101101;
	12539 :	10011110;
	12538 :	11001110;
	12537 :	00011011;
	12536 :	11000110;
	12535 :	10011101;
	12534 :	11001110;
	12533 :	10011010;
	12532 :	10101101;
	12531 :	00011011;
	12530 :	10111110;
	12529 :	00011100;
	12528 :	10111110;
	12527 :	10011110;
	12526 :	11001110;
	12525 :	10011101;
	12524 :	11001110;
	12523 :	00011011;
	12522 :	10111110;
	12521 :	10011101;
	12520 :	11001110;
	12519 :	10011101;
	12518 :	11001110;
	12517 :	00011011;
	12516 :	10111110;
	12515 :	10011001;
	12514 :	10110101;
	12513 :	01011000;
	12512 :	10101101;
	12511 :	01011000;
	12510 :	10101101;
	12509 :	01011000;
	12508 :	10101101;
	12507 :	00110111;
	12506 :	10101101;
	12505 :	00110111;
	12504 :	10101101;
	12503 :	00110111;
	12502 :	10101101;
	12501 :	00111011;
	12500 :	11010110;
	12499 :	00111100;
	12498 :	11000110;
	12497 :	00110111;
	12496 :	10101101;
	12495 :	00110111;
	12494 :	10101101;
	12493 :	00110111;
	12492 :	10101101;
	12491 :	00110111;
	12490 :	10101101;
	12489 :	00110111;
	12488 :	10101101;
	12487 :	00110111;
	12486 :	10101101;
	12485 :	00110111;
	12484 :	10101101;
	12483 :	00110111;
	12482 :	10101101;
	12481 :	00110111;
	12480 :	10101101;
	12479 :	00110111;
	12478 :	10110101;
	12477 :	00110111;
	12476 :	10101101;
	12475 :	11110110;
	12474 :	10100100;
	12473 :	00110111;
	12472 :	10101101;
	12471 :	11110110;
	12470 :	10100100;
	12469 :	00110111;
	12468 :	10110101;
	12467 :	11110110;
	12466 :	10100100;
	12465 :	00110111;
	12464 :	10101101;
	12463 :	00010110;
	12462 :	10011101;
	12461 :	00011001;
	12460 :	10111110;
	12459 :	01111100;
	12458 :	11010110;
	12457 :	11011110;
	12456 :	11011110;
	12455 :	01111100;
	12454 :	11010110;
	12453 :	00011011;
	12452 :	11000110;
	12451 :	00011011;
	12450 :	11000110;
	12449 :	01111100;
	12448 :	11010110;
	12447 :	10111101;
	12446 :	11010110;
	12445 :	00111100;
	12444 :	11000110;
	12443 :	11111010;
	12442 :	11000101;
	12441 :	10111101;
	12440 :	11100110;
	12439 :	01111100;
	12438 :	11010110;
	12437 :	10111101;
	12436 :	11010110;
	12435 :	00011011;
	12434 :	11000110;
	12433 :	11111010;
	12432 :	11000101;
	12431 :	10011011;
	12430 :	11010110;
	12429 :	01111100;
	12428 :	11010110;
	12427 :	00011011;
	12426 :	11000110;
	12425 :	01111000;
	12424 :	11000101;
	12423 :	11111010;
	12422 :	11000101;
	12421 :	01111100;
	12420 :	11100110;
	12419 :	10111101;
	12418 :	11010110;
	12417 :	00111001;
	12416 :	11011110;
	12415 :	01010000;
	12414 :	11001100;
	12413 :	10101111;
	12412 :	11000100;
	12411 :	01010000;
	12410 :	11001100;
	12409 :	00101111;
	12408 :	11000100;
	12407 :	00101111;
	12406 :	11000100;
	12405 :	10001101;
	12404 :	10110011;
	12403 :	01010001;
	12402 :	11010100;
	12401 :	01010001;
	12400 :	11010100;
	12399 :	00110000;
	12398 :	11100100;
	12397 :	00110011;
	12396 :	11101100;
	12395 :	00001111;
	12394 :	11100100;
	12393 :	11001101;
	12392 :	11000011;
	12391 :	11101010;
	12390 :	11001010;
	12389 :	11001001;
	12388 :	10100010;
	12387 :	11001001;
	12386 :	10100010;
	12385 :	01001011;
	12384 :	10110011;
	12383 :	10001011;
	12382 :	10111011;
	12381 :	10001011;
	12380 :	10111011;
	12379 :	01001011;
	12378 :	10110011;
	12377 :	10001011;
	12376 :	10111011;
	12375 :	10001011;
	12374 :	10111011;
	12373 :	10001011;
	12372 :	10111011;
	12371 :	10001011;
	12370 :	10111011;
	12369 :	01010110;
	12368 :	11000101;
	12367 :	11111010;
	12366 :	11000101;
	12365 :	00011011;
	12364 :	11000110;
	12363 :	10010111;
	12362 :	10111101;
	12361 :	10110100;
	12360 :	10011100;
	12359 :	01110010;
	12358 :	10010100;
	12357 :	11010000;
	12356 :	10001011;
	12355 :	01110010;
	12354 :	10010100;
	12353 :	11010000;
	12352 :	10001011;
	12351 :	11010000;
	12350 :	10001011;
	12349 :	01110010;
	12348 :	10010100;
	12347 :	10110100;
	12346 :	10011100;
	12345 :	00010110;
	12344 :	10011101;
	12343 :	01011000;
	12342 :	10101101;
	12341 :	00110111;
	12340 :	10101101;
	12339 :	00011001;
	12338 :	11001110;
	12337 :	10011011;
	12336 :	11010110;
	12335 :	10111101;
	12334 :	11010110;
	12333 :	01011111;
	12332 :	11110111;
	12331 :	00111101;
	12330 :	11100111;
	12329 :	10011111;
	12328 :	11110111;
	12327 :	10011111;
	12326 :	11110111;
	12325 :	10011111;
	12324 :	11110111;
	12323 :	10011111;
	12322 :	11110111;
	12321 :	10011111;
	12320 :	11110111;
	12319 :	10011111;
	12318 :	11110111;
	12317 :	10011111;
	12316 :	11110111;
	12315 :	10011111;
	12314 :	11110111;
	12313 :	10011111;
	12312 :	11110111;
	12311 :	11111110;
	12310 :	11110110;
	12309 :	01111110;
	12308 :	11010110;
	12307 :	11111100;
	12306 :	11000101;
	12305 :	01111110;
	12304 :	11010110;
	12303 :	11111100;
	12302 :	11000101;
	12301 :	01111110;
	12300 :	11010110;
	12299 :	11111100;
	12298 :	11000101;
	12297 :	01111110;
	12296 :	11010110;
	12295 :	00111100;
	12294 :	11000110;
	12293 :	01011110;
	12292 :	11001110;
	12291 :	00111100;
	12290 :	11000110;
	12289 :	00111100;
	12288 :	11000110;
	12287 :	01011000;
	12286 :	10101101;
	12285 :	01011000;
	12284 :	10101101;
	12283 :	01011000;
	12282 :	10101101;
	12281 :	10011010;
	12280 :	10101101;
	12279 :	00111100;
	12278 :	11000110;
	12277 :	00011011;
	12276 :	10111110;
	12275 :	00011011;
	12274 :	10111110;
	12273 :	10011010;
	12272 :	10101101;
	12271 :	00011100;
	12270 :	10111110;
	12269 :	10011110;
	12268 :	11001110;
	12267 :	00111100;
	12266 :	11000110;
	12265 :	10011110;
	12264 :	11001110;
	12263 :	01111100;
	12262 :	11010110;
	12261 :	00111100;
	12260 :	11000110;
	12259 :	00111100;
	12258 :	11000110;
	12257 :	11011010;
	12256 :	10111101;
	12255 :	01111000;
	12254 :	10110101;
	12253 :	10011001;
	12252 :	10101101;
	12251 :	01011000;
	12250 :	10101101;
	12249 :	01011000;
	12248 :	10101101;
	12247 :	00110111;
	12246 :	10101101;
	12245 :	01011000;
	12244 :	10101101;
	12243 :	00110111;
	12242 :	10101101;
	12241 :	00110111;
	12240 :	10101101;
	12239 :	00111000;
	12238 :	10011101;
	12237 :	00110111;
	12236 :	10101101;
	12235 :	00110111;
	12234 :	10101101;
	12233 :	00110111;
	12232 :	10101101;
	12231 :	00110111;
	12230 :	10101101;
	12229 :	00110111;
	12228 :	10110101;
	12227 :	00110111;
	12226 :	10101101;
	12225 :	00110111;
	12224 :	10101101;
	12223 :	11110110;
	12222 :	10100100;
	12221 :	00110111;
	12220 :	10101101;
	12219 :	00110111;
	12218 :	10101101;
	12217 :	11110110;
	12216 :	10100100;
	12215 :	00110111;
	12214 :	10101101;
	12213 :	00110111;
	12212 :	10101101;
	12211 :	00110111;
	12210 :	10101101;
	12209 :	00110111;
	12208 :	10101101;
	12207 :	00110111;
	12206 :	10101101;
	12205 :	10011010;
	12204 :	10101101;
	12203 :	10111101;
	12202 :	11010110;
	12201 :	01111100;
	12200 :	11010110;
	12199 :	01111100;
	12198 :	11010110;
	12197 :	00011011;
	12196 :	11000110;
	12195 :	00011011;
	12194 :	11000110;
	12193 :	01111100;
	12192 :	11010110;
	12191 :	11011110;
	12190 :	11011110;
	12189 :	10111101;
	12188 :	11010110;
	12187 :	11011010;
	12186 :	10111101;
	12185 :	10111101;
	12184 :	11010110;
	12183 :	10111101;
	12182 :	11010110;
	12181 :	10111101;
	12180 :	11100110;
	12179 :	00011011;
	12178 :	11000110;
	12177 :	11111100;
	12176 :	11000101;
	12175 :	01111100;
	12174 :	11100110;
	12173 :	01111100;
	12172 :	11010110;
	12171 :	10011011;
	12170 :	11010110;
	12169 :	01111100;
	12168 :	11100110;
	12167 :	11011000;
	12166 :	11010101;
	12165 :	10010010;
	12164 :	10101100;
	12163 :	01010010;
	12162 :	11001100;
	12161 :	00101111;
	12160 :	11000100;
	12159 :	01010000;
	12158 :	11001100;
	12157 :	01010001;
	12156 :	11010100;
	12155 :	01110010;
	12154 :	11010100;
	12153 :	10110001;
	12152 :	11010100;
	12151 :	00101111;
	12150 :	11000100;
	12149 :	00101010;
	12148 :	10101011;
	12147 :	01000111;
	12146 :	10010010;
	12145 :	11001001;
	12144 :	10100010;
	12143 :	01100111;
	12142 :	10100010;
	12141 :	11101010;
	12140 :	11001010;
	12139 :	11101010;
	12138 :	11001010;
	12137 :	11101010;
	12136 :	11001010;
	12135 :	11101010;
	12134 :	11001010;
	12133 :	11101010;
	12132 :	11001010;
	12131 :	11101010;
	12130 :	11001010;
	12129 :	10001011;
	12128 :	11000011;
	12127 :	00001001;
	12126 :	11000011;
	12125 :	00101001;
	12124 :	10110011;
	12123 :	01001011;
	12122 :	10110011;
	12121 :	01001011;
	12120 :	10110011;
	12119 :	10001011;
	12118 :	10111011;
	12117 :	10001011;
	12116 :	11000011;
	12115 :	11001101;
	12114 :	11000011;
	12113 :	11010100;
	12112 :	11000100;
	12111 :	00011101;
	12110 :	11011111;
	12109 :	11011110;
	12108 :	11011110;
	12107 :	10111101;
	12106 :	11100110;
	12105 :	10011011;
	12104 :	11010110;
	12103 :	00011011;
	12102 :	11000110;
	12101 :	00111111;
	12100 :	11100111;
	12099 :	00111111;
	12098 :	11100111;
	12097 :	00011111;
	12096 :	11011111;
	12095 :	10111101;
	12094 :	11010110;
	12093 :	00011111;
	12092 :	11011111;
	12091 :	00111111;
	12090 :	11100111;
	12089 :	01011111;
	12088 :	11110111;
	12087 :	01011111;
	12086 :	11110111;
	12085 :	00011111;
	12084 :	11011111;
	12083 :	00111111;
	12082 :	11100111;
	12081 :	01011111;
	12080 :	11110111;
	12079 :	10011111;
	12078 :	11110111;
	12077 :	10011111;
	12076 :	11110111;
	12075 :	10011111;
	12074 :	11110111;
	12073 :	10011111;
	12072 :	11110111;
	12071 :	10011111;
	12070 :	11110111;
	12069 :	00111101;
	12068 :	11100111;
	12067 :	10011111;
	12066 :	11101111;
	12065 :	10011111;
	12064 :	11110111;
	12063 :	10011111;
	12062 :	11110111;
	12061 :	10011111;
	12060 :	11110111;
	12059 :	10011111;
	12058 :	11110111;
	12057 :	11111110;
	12056 :	11110110;
	12055 :	11111110;
	12054 :	11110110;
	12053 :	11111100;
	12052 :	11000101;
	12051 :	11111100;
	12050 :	11000101;
	12049 :	01111110;
	12048 :	11010110;
	12047 :	11111100;
	12046 :	11000101;
	12045 :	01111110;
	12044 :	11010110;
	12043 :	11111100;
	12042 :	11000101;
	12041 :	01111110;
	12040 :	11010110;
	12039 :	00111100;
	12038 :	11000110;
	12037 :	00111100;
	12036 :	11000110;
	12035 :	01011110;
	12034 :	11001110;
	12033 :	00111100;
	12032 :	11000110;
	12031 :	01011000;
	12030 :	10101101;
	12029 :	01011000;
	12028 :	10101101;
	12027 :	10011001;
	12026 :	10101101;
	12025 :	11011010;
	12024 :	10111101;
	12023 :	11011110;
	12022 :	11011110;
	12021 :	00011011;
	12020 :	10111110;
	12019 :	00011100;
	12018 :	10111110;
	12017 :	00011111;
	12016 :	11011111;
	12015 :	10011110;
	12014 :	11001110;
	12013 :	10011101;
	12012 :	11001110;
	12011 :	00011011;
	12010 :	10111110;
	12009 :	11011010;
	12008 :	10111101;
	12007 :	00011011;
	12006 :	10111110;
	12005 :	10011010;
	12004 :	10101101;
	12003 :	00111100;
	12002 :	11000110;
	12001 :	11011110;
	12000 :	11011110;
	11999 :	00011100;
	11998 :	10111110;
	11997 :	10011001;
	11996 :	10110101;
	11995 :	00110111;
	11994 :	10101101;
	11993 :	01011000;
	11992 :	10101101;
	11991 :	00110111;
	11990 :	10101101;
	11989 :	01011000;
	11988 :	10101101;
	11987 :	00110111;
	11986 :	10101101;
	11985 :	01011000;
	11984 :	10101101;
	11983 :	00110111;
	11982 :	10101101;
	11981 :	00010110;
	11980 :	10011101;
	11979 :	00111100;
	11978 :	11000110;
	11977 :	10011011;
	11976 :	11010110;
	11975 :	00110111;
	11974 :	10101101;
	11973 :	00110111;
	11972 :	10101101;
	11971 :	00110111;
	11970 :	10101101;
	11969 :	00110111;
	11968 :	10110101;
	11967 :	01011000;
	11966 :	10101101;
	11965 :	11110110;
	11964 :	10100100;
	11963 :	00110111;
	11962 :	10110101;
	11961 :	00110111;
	11960 :	10101101;
	11959 :	00110111;
	11958 :	10101101;
	11957 :	11110110;
	11956 :	10100100;
	11955 :	00110111;
	11954 :	10101101;
	11953 :	00110111;
	11952 :	10101101;
	11951 :	00110111;
	11950 :	10101101;
	11949 :	00110111;
	11948 :	10101101;
	11947 :	00010110;
	11946 :	10011101;
	11945 :	10011001;
	11944 :	10110101;
	11943 :	10011001;
	11942 :	10110101;
	11941 :	00011001;
	11940 :	10111110;
	11939 :	00011001;
	11938 :	10111110;
	11937 :	00111100;
	11936 :	11000110;
	11935 :	10111101;
	11934 :	11010110;
	11933 :	00011101;
	11932 :	11011111;
	11931 :	00111011;
	11930 :	11010110;
	11929 :	00011101;
	11928 :	11011111;
	11927 :	00011111;
	11926 :	11011111;
	11925 :	10111101;
	11924 :	11100110;
	11923 :	00011101;
	11922 :	11011111;
	11921 :	00111011;
	11920 :	11010110;
	11919 :	11111110;
	11918 :	11100110;
	11917 :	11111110;
	11916 :	11100110;
	11915 :	00111001;
	11914 :	11011110;
	11913 :	11010100;
	11912 :	11000100;
	11911 :	01010000;
	11910 :	11001100;
	11909 :	01010000;
	11908 :	11001100;
	11907 :	00101111;
	11906 :	11000100;
	11905 :	01010000;
	11904 :	11001100;
	11903 :	01010000;
	11902 :	11001100;
	11901 :	10110001;
	11900 :	11010100;
	11899 :	01010000;
	11898 :	11001100;
	11897 :	10110001;
	11896 :	11010100;
	11895 :	01110010;
	11894 :	11010100;
	11893 :	10110001;
	11892 :	11010100;
	11891 :	01110010;
	11890 :	11010100;
	11889 :	10110010;
	11888 :	11001100;
	11887 :	01110010;
	11886 :	11010100;
	11885 :	00101111;
	11884 :	11000100;
	11883 :	11001101;
	11882 :	11000011;
	11881 :	11001001;
	11880 :	10100010;
	11879 :	01100111;
	11878 :	10100010;
	11877 :	01000111;
	11876 :	10010010;
	11875 :	01000111;
	11874 :	10010010;
	11873 :	11100101;
	11872 :	10000001;
	11871 :	01100111;
	11870 :	10100010;
	11869 :	11001001;
	11868 :	10100010;
	11867 :	01001011;
	11866 :	10110011;
	11865 :	01001011;
	11864 :	10110011;
	11863 :	01001011;
	11862 :	10110011;
	11861 :	10001011;
	11860 :	10111011;
	11859 :	11001101;
	11858 :	11000011;
	11857 :	00110101;
	11856 :	11000101;
	11855 :	01111100;
	11854 :	11100110;
	11853 :	11111110;
	11852 :	11110110;
	11851 :	00011111;
	11850 :	11011111;
	11849 :	00111011;
	11848 :	11010110;
	11847 :	00011011;
	11846 :	11000110;
	11845 :	10111101;
	11844 :	11010110;
	11843 :	11011110;
	11842 :	11011110;
	11841 :	00011111;
	11840 :	11011111;
	11839 :	10111101;
	11838 :	11010110;
	11837 :	00111111;
	11836 :	11100111;
	11835 :	00011111;
	11834 :	11011111;
	11833 :	00011111;
	11832 :	11011111;
	11831 :	00011111;
	11830 :	11011111;
	11829 :	00011011;
	11828 :	11000110;
	11827 :	00111111;
	11826 :	11100111;
	11825 :	01011111;
	11824 :	11110111;
	11823 :	10011111;
	11822 :	11110111;
	11821 :	10011111;
	11820 :	11101111;
	11819 :	10011111;
	11818 :	11101111;
	11817 :	10011111;
	11816 :	11101111;
	11815 :	00111101;
	11814 :	11100111;
	11813 :	01011111;
	11812 :	11110111;
	11811 :	10111101;
	11810 :	11010110;
	11809 :	00111101;
	11808 :	11100111;
	11807 :	00111101;
	11806 :	11100111;
	11805 :	00011101;
	11804 :	11011111;
	11803 :	11111110;
	11802 :	11110110;
	11801 :	01111110;
	11800 :	11010110;
	11799 :	01111110;
	11798 :	11010110;
	11797 :	01111110;
	11796 :	11010110;
	11795 :	11111100;
	11794 :	11000101;
	11793 :	01111110;
	11792 :	11010110;
	11791 :	11111100;
	11790 :	11000101;
	11789 :	01111110;
	11788 :	11010110;
	11787 :	11111100;
	11786 :	11000101;
	11785 :	00111100;
	11784 :	11000110;
	11783 :	00111100;
	11782 :	11000110;
	11781 :	00111100;
	11780 :	11000110;
	11779 :	00111100;
	11778 :	11000110;
	11777 :	00111100;
	11776 :	11000110;
	11775 :	01011000;
	11774 :	10101101;
	11773 :	01011000;
	11772 :	10101101;
	11771 :	00111000;
	11770 :	10011101;
	11769 :	10011001;
	11768 :	10101101;
	11767 :	00111000;
	11766 :	10011101;
	11765 :	01011000;
	11764 :	10101101;
	11763 :	10011010;
	11762 :	10101101;
	11761 :	00011100;
	11760 :	10111110;
	11759 :	10011110;
	11758 :	11001110;
	11757 :	10011110;
	11756 :	11001110;
	11755 :	10011110;
	11754 :	11001110;
	11753 :	10011110;
	11752 :	11001110;
	11751 :	00011011;
	11750 :	10111110;
	11749 :	10011010;
	11748 :	10101101;
	11747 :	11011010;
	11746 :	10111101;
	11745 :	11011110;
	11744 :	11011110;
	11743 :	00011011;
	11742 :	10111110;
	11741 :	00111100;
	11740 :	11000110;
	11739 :	10011010;
	11738 :	10101101;
	11737 :	01011000;
	11736 :	10101101;
	11735 :	00110111;
	11734 :	10101101;
	11733 :	01011000;
	11732 :	10101101;
	11731 :	00110111;
	11730 :	10101101;
	11729 :	01011000;
	11728 :	10101101;
	11727 :	00110111;
	11726 :	10101101;
	11725 :	10111101;
	11724 :	11010110;
	11723 :	01111100;
	11722 :	11010110;
	11721 :	00011011;
	11720 :	11000110;
	11719 :	00110111;
	11718 :	10101101;
	11717 :	01111000;
	11716 :	10110101;
	11715 :	00110111;
	11714 :	10101101;
	11713 :	00110111;
	11712 :	10101101;
	11711 :	00110111;
	11710 :	10110101;
	11709 :	00110111;
	11708 :	10101101;
	11707 :	00110111;
	11706 :	10101101;
	11705 :	00110111;
	11704 :	10101101;
	11703 :	11110110;
	11702 :	10100100;
	11701 :	00110111;
	11700 :	10110101;
	11699 :	00110111;
	11698 :	10101101;
	11697 :	00110111;
	11696 :	10101101;
	11695 :	00110111;
	11694 :	10101101;
	11693 :	00110111;
	11692 :	10101101;
	11691 :	00110111;
	11690 :	10101101;
	11689 :	00011101;
	11688 :	11011111;
	11687 :	10111101;
	11686 :	11010110;
	11685 :	00111011;
	11684 :	11010110;
	11683 :	00011011;
	11682 :	11000110;
	11681 :	01111100;
	11680 :	11010110;
	11679 :	00011101;
	11678 :	11011111;
	11677 :	10111101;
	11676 :	11010110;
	11675 :	00011011;
	11674 :	11000110;
	11673 :	01111100;
	11672 :	11010110;
	11671 :	01111100;
	11670 :	11010110;
	11669 :	10111101;
	11668 :	11010110;
	11667 :	01111100;
	11666 :	11010110;
	11665 :	00011011;
	11664 :	11000110;
	11663 :	00111011;
	11662 :	11010110;
	11661 :	01111100;
	11660 :	11010110;
	11659 :	01111001;
	11658 :	11101110;
	11657 :	01010010;
	11656 :	11001100;
	11655 :	01110010;
	11654 :	11010100;
	11653 :	01010000;
	11652 :	11001100;
	11651 :	11110000;
	11650 :	11001011;
	11649 :	10101111;
	11648 :	11000100;
	11647 :	01010000;
	11646 :	11001100;
	11645 :	10110001;
	11644 :	11010100;
	11643 :	10110001;
	11642 :	11010100;
	11641 :	01110010;
	11640 :	11010100;
	11639 :	10110001;
	11638 :	11010100;
	11637 :	01010000;
	11636 :	11001100;
	11635 :	10110001;
	11634 :	11001100;
	11633 :	10010010;
	11632 :	11010100;
	11631 :	10010010;
	11630 :	11010100;
	11629 :	01110010;
	11628 :	11010100;
	11627 :	00101111;
	11626 :	11000100;
	11625 :	00101111;
	11624 :	11000100;
	11623 :	00101111;
	11622 :	11000100;
	11621 :	01001010;
	11620 :	11000011;
	11619 :	01001011;
	11618 :	10110011;
	11617 :	10001011;
	11616 :	11000011;
	11615 :	01001011;
	11614 :	10110011;
	11613 :	01001011;
	11612 :	10110011;
	11611 :	10001011;
	11610 :	10111011;
	11609 :	10001011;
	11608 :	10111011;
	11607 :	01001011;
	11606 :	10110011;
	11605 :	10001101;
	11604 :	10110011;
	11603 :	11001101;
	11602 :	11000011;
	11601 :	01010100;
	11600 :	11010101;
	11599 :	11111110;
	11598 :	11100110;
	11597 :	11111110;
	11596 :	11100110;
	11595 :	11111110;
	11594 :	11100110;
	11593 :	00111100;
	11592 :	11000110;
	11591 :	00011001;
	11590 :	11001110;
	11589 :	00011101;
	11588 :	11011111;
	11587 :	00011111;
	11586 :	11011111;
	11585 :	00011111;
	11584 :	11011111;
	11583 :	10111101;
	11582 :	11010110;
	11581 :	10111101;
	11580 :	11010110;
	11579 :	10111101;
	11578 :	11010110;
	11577 :	10011101;
	11576 :	11001110;
	11575 :	01111100;
	11574 :	11010110;
	11573 :	00011011;
	11572 :	10111110;
	11571 :	01011111;
	11570 :	11110111;
	11569 :	00111111;
	11568 :	11100111;
	11567 :	00111111;
	11566 :	11100111;
	11565 :	00011111;
	11564 :	11011111;
	11563 :	01011111;
	11562 :	11110111;
	11561 :	10011111;
	11560 :	11110111;
	11559 :	10011111;
	11558 :	11101111;
	11557 :	10011111;
	11556 :	11101111;
	11555 :	00111111;
	11554 :	11100111;
	11553 :	10011111;
	11552 :	11110111;
	11551 :	10011111;
	11550 :	11110111;
	11549 :	01011111;
	11548 :	11110111;
	11547 :	00111111;
	11546 :	11100111;
	11545 :	11111110;
	11544 :	11110110;
	11543 :	11111100;
	11542 :	11000101;
	11541 :	11111100;
	11540 :	11000101;
	11539 :	01111110;
	11538 :	11010110;
	11537 :	11111100;
	11536 :	11000101;
	11535 :	01111110;
	11534 :	11010110;
	11533 :	00111100;
	11532 :	11000110;
	11531 :	11111100;
	11530 :	11000101;
	11529 :	01111110;
	11528 :	11010110;
	11527 :	00111100;
	11526 :	11000110;
	11525 :	00111100;
	11524 :	11000110;
	11523 :	01111110;
	11522 :	11010110;
	11521 :	00111100;
	11520 :	11000110;
	11519 :	01011000;
	11518 :	10101101;
	11517 :	01011000;
	11516 :	10101101;
	11515 :	01111010;
	11514 :	10101101;
	11513 :	00111000;
	11512 :	10011101;
	11511 :	00111000;
	11510 :	10011101;
	11509 :	00111000;
	11508 :	10011101;
	11507 :	01011000;
	11506 :	10101101;
	11505 :	10011110;
	11504 :	11001110;
	11503 :	10011101;
	11502 :	11001110;
	11501 :	00011100;
	11500 :	10111110;
	11499 :	00111100;
	11498 :	11000110;
	11497 :	00111100;
	11496 :	11000110;
	11495 :	00011011;
	11494 :	10111110;
	11493 :	10011001;
	11492 :	10101101;
	11491 :	10011001;
	11490 :	10110101;
	11489 :	00111100;
	11488 :	11000110;
	11487 :	11011010;
	11486 :	10111101;
	11485 :	00011011;
	11484 :	11000110;
	11483 :	11011010;
	11482 :	10111101;
	11481 :	00110111;
	11480 :	10101101;
	11479 :	01011000;
	11478 :	10101101;
	11477 :	01011000;
	11476 :	10101101;
	11475 :	01011000;
	11474 :	10101101;
	11473 :	01011000;
	11472 :	10101101;
	11471 :	11011110;
	11470 :	11011110;
	11469 :	11011110;
	11468 :	11011110;
	11467 :	10111101;
	11466 :	11010110;
	11465 :	00011011;
	11464 :	11000110;
	11463 :	00110111;
	11462 :	10101101;
	11461 :	00110111;
	11460 :	10101101;
	11459 :	00110111;
	11458 :	10101101;
	11457 :	00110111;
	11456 :	10101101;
	11455 :	00110111;
	11454 :	10101101;
	11453 :	01111000;
	11452 :	10110101;
	11451 :	00110111;
	11450 :	10101101;
	11449 :	00110111;
	11448 :	10101101;
	11447 :	00110111;
	11446 :	10101101;
	11445 :	11110110;
	11444 :	10100100;
	11443 :	00110111;
	11442 :	10101101;
	11441 :	00110111;
	11440 :	10101101;
	11439 :	00110111;
	11438 :	10101101;
	11437 :	00011001;
	11436 :	10111110;
	11435 :	01111100;
	11434 :	11010110;
	11433 :	10011101;
	11432 :	11001110;
	11431 :	10111101;
	11430 :	11010110;
	11429 :	00011011;
	11428 :	11000110;
	11427 :	00011011;
	11426 :	11000110;
	11425 :	10111101;
	11424 :	11010110;
	11423 :	10111101;
	11422 :	11010110;
	11421 :	10111101;
	11420 :	11010110;
	11419 :	00011011;
	11418 :	11000110;
	11417 :	10111101;
	11416 :	11010110;
	11415 :	01111100;
	11414 :	11010110;
	11413 :	01111100;
	11412 :	11010110;
	11411 :	10111101;
	11410 :	11100110;
	11409 :	00111011;
	11408 :	11010110;
	11407 :	01111100;
	11406 :	11010110;
	11405 :	11111010;
	11404 :	11010101;
	11403 :	11110110;
	11402 :	11101100;
	11401 :	00101111;
	11400 :	11010100;
	11399 :	00101111;
	11398 :	11010100;
	11397 :	01010000;
	11396 :	11001100;
	11395 :	01010000;
	11394 :	11001100;
	11393 :	01010000;
	11392 :	11001100;
	11391 :	01010001;
	11390 :	11010100;
	11389 :	01010001;
	11388 :	11010100;
	11387 :	10110001;
	11386 :	11010100;
	11385 :	01010001;
	11384 :	11010100;
	11383 :	01010001;
	11382 :	11010100;
	11381 :	01110010;
	11380 :	11010100;
	11379 :	10010010;
	11378 :	11010100;
	11377 :	01110010;
	11376 :	11010100;
	11375 :	01010010;
	11374 :	11011101;
	11373 :	10010010;
	11372 :	11010100;
	11371 :	01010000;
	11370 :	11001100;
	11369 :	01010000;
	11368 :	11001100;
	11367 :	00001101;
	11366 :	11000100;
	11365 :	10001101;
	11364 :	10110011;
	11363 :	01001011;
	11362 :	10110011;
	11361 :	01001011;
	11360 :	10110011;
	11359 :	01001011;
	11358 :	10110011;
	11357 :	01001011;
	11356 :	10110011;
	11355 :	10001011;
	11354 :	11000011;
	11353 :	01001011;
	11352 :	10110011;
	11351 :	10001011;
	11350 :	11000011;
	11349 :	10001011;
	11348 :	11000011;
	11347 :	00001101;
	11346 :	11000100;
	11345 :	01010100;
	11344 :	11111101;
	11343 :	01111001;
	11342 :	11101110;
	11341 :	01111001;
	11340 :	11101110;
	11339 :	10010110;
	11338 :	11111110;
	11337 :	10110111;
	11336 :	11010101;
	11335 :	01111000;
	11334 :	10110101;
	11333 :	00111111;
	11332 :	11100111;
	11331 :	00011111;
	11330 :	11011111;
	11329 :	00011111;
	11328 :	11011111;
	11327 :	10111101;
	11326 :	11010110;
	11325 :	00011101;
	11324 :	11011111;
	11323 :	00011111;
	11322 :	11011111;
	11321 :	01011111;
	11320 :	11110111;
	11319 :	10111101;
	11318 :	11010110;
	11317 :	10011011;
	11316 :	11010110;
	11315 :	01011111;
	11314 :	11110111;
	11313 :	00111101;
	11312 :	11100111;
	11311 :	10011111;
	11310 :	11101111;
	11309 :	10011111;
	11308 :	11101111;
	11307 :	00111101;
	11306 :	11100111;
	11305 :	00111101;
	11304 :	11100111;
	11303 :	10011111;
	11302 :	11101111;
	11301 :	00111101;
	11300 :	11100111;
	11299 :	10011001;
	11298 :	11011110;
	11297 :	10011111;
	11296 :	11110111;
	11295 :	01011111;
	11294 :	11110111;
	11293 :	10011111;
	11292 :	11110111;
	11291 :	01111110;
	11290 :	11010110;
	11289 :	00111100;
	11288 :	11000110;
	11287 :	01111110;
	11286 :	11010110;
	11285 :	01111110;
	11284 :	11010110;
	11283 :	11111100;
	11282 :	11000101;
	11281 :	01111110;
	11280 :	11010110;
	11279 :	01111110;
	11278 :	11010110;
	11277 :	11111100;
	11276 :	11000101;
	11275 :	01111110;
	11274 :	11010110;
	11273 :	11111100;
	11272 :	11000101;
	11271 :	01111110;
	11270 :	11010110;
	11269 :	00111100;
	11268 :	11000110;
	11267 :	00111100;
	11266 :	11000110;
	11265 :	00111100;
	11264 :	11000110;
	11263 :	01011000;
	11262 :	10101101;
	11261 :	10011001;
	11260 :	10101101;
	11259 :	00111000;
	11258 :	10011101;
	11257 :	01011000;
	11256 :	10101101;
	11255 :	01011000;
	11254 :	10101101;
	11253 :	01011000;
	11252 :	10101101;
	11251 :	01111010;
	11250 :	10101101;
	11249 :	00011011;
	11248 :	10111110;
	11247 :	10011010;
	11246 :	10101101;
	11245 :	10011010;
	11244 :	10101101;
	11243 :	10011001;
	11242 :	10101101;
	11241 :	11011010;
	11240 :	10111101;
	11239 :	01111100;
	11238 :	11010110;
	11237 :	01111100;
	11236 :	11010110;
	11235 :	00111100;
	11234 :	11000110;
	11233 :	00111100;
	11232 :	11000110;
	11231 :	00011011;
	11230 :	11000110;
	11229 :	11011010;
	11228 :	10111101;
	11227 :	01111000;
	11226 :	10110101;
	11225 :	01011000;
	11224 :	10101101;
	11223 :	01011000;
	11222 :	10101101;
	11221 :	00010110;
	11220 :	10011101;
	11219 :	00110111;
	11218 :	10101101;
	11217 :	00011011;
	11216 :	11000110;
	11215 :	11111100;
	11214 :	11000101;
	11213 :	11011010;
	11212 :	10111101;
	11211 :	00011011;
	11210 :	11000110;
	11209 :	01111100;
	11208 :	11010110;
	11207 :	01011000;
	11206 :	10101101;
	11205 :	00110111;
	11204 :	10101101;
	11203 :	00110111;
	11202 :	10101101;
	11201 :	01111000;
	11200 :	10110101;
	11199 :	00110111;
	11198 :	10101101;
	11197 :	00110111;
	11196 :	10101101;
	11195 :	00110111;
	11194 :	10101101;
	11193 :	00110111;
	11192 :	10101101;
	11191 :	01011000;
	11190 :	10101101;
	11189 :	00110111;
	11188 :	10110101;
	11187 :	00110111;
	11186 :	10101101;
	11185 :	00110111;
	11184 :	10101101;
	11183 :	10011010;
	11182 :	10101101;
	11181 :	00011011;
	11180 :	11000110;
	11179 :	01111100;
	11178 :	11010110;
	11177 :	01111100;
	11176 :	11010110;
	11175 :	01111100;
	11174 :	11010110;
	11173 :	10011011;
	11172 :	11010110;
	11171 :	00011011;
	11170 :	11000110;
	11169 :	01111100;
	11168 :	11010110;
	11167 :	00111100;
	11166 :	11000110;
	11165 :	01111100;
	11164 :	11010110;
	11163 :	11011010;
	11162 :	10111101;
	11161 :	10011001;
	11160 :	10110101;
	11159 :	00011011;
	11158 :	11000110;
	11157 :	00011011;
	11156 :	11000110;
	11155 :	00011011;
	11154 :	11000110;
	11153 :	11111010;
	11152 :	11000101;
	11151 :	11111010;
	11150 :	11010101;
	11149 :	01111100;
	11148 :	11100110;
	11147 :	00101111;
	11146 :	11000100;
	11145 :	11001101;
	11144 :	11000011;
	11143 :	01110010;
	11142 :	11010100;
	11141 :	01010000;
	11140 :	11001100;
	11139 :	01010000;
	11138 :	11001100;
	11137 :	01110010;
	11136 :	11010100;
	11135 :	00101111;
	11134 :	11000100;
	11133 :	01010001;
	11132 :	11010100;
	11131 :	01010001;
	11130 :	11010100;
	11129 :	01110010;
	11128 :	11010100;
	11127 :	01010001;
	11126 :	11010100;
	11125 :	01110010;
	11124 :	11010100;
	11123 :	10010010;
	11122 :	11010100;
	11121 :	10010010;
	11120 :	11010100;
	11119 :	10010010;
	11118 :	11010100;
	11117 :	10010010;
	11116 :	11010100;
	11115 :	00101111;
	11114 :	11000100;
	11113 :	11110000;
	11112 :	11001011;
	11111 :	00101111;
	11110 :	11000100;
	11109 :	10001011;
	11108 :	11000011;
	11107 :	01001011;
	11106 :	10110011;
	11105 :	01001011;
	11104 :	10110011;
	11103 :	01001011;
	11102 :	10110011;
	11101 :	01001011;
	11100 :	10110011;
	11099 :	01001011;
	11098 :	10110011;
	11097 :	10001011;
	11096 :	11000011;
	11095 :	01001011;
	11094 :	10110011;
	11093 :	10001011;
	11092 :	11000011;
	11091 :	00001101;
	11090 :	11000100;
	11089 :	01010100;
	11088 :	11111101;
	11087 :	10010110;
	11086 :	11111110;
	11085 :	01001010;
	11084 :	11000011;
	11083 :	01001010;
	11082 :	11000011;
	11081 :	01010100;
	11080 :	11010101;
	11079 :	11111010;
	11078 :	11000101;
	11077 :	11011110;
	11076 :	11011110;
	11075 :	00011111;
	11074 :	11011111;
	11073 :	00011111;
	11072 :	11011111;
	11071 :	11011110;
	11070 :	11011110;
	11069 :	00111111;
	11068 :	11100111;
	11067 :	00011111;
	11066 :	11011111;
	11065 :	00111111;
	11064 :	11100111;
	11063 :	11111110;
	11062 :	11100110;
	11061 :	00111011;
	11060 :	11010110;
	11059 :	00011101;
	11058 :	11011111;
	11057 :	00011111;
	11056 :	11011111;
	11055 :	00111011;
	11054 :	11010110;
	11053 :	10011011;
	11052 :	11010110;
	11051 :	01111100;
	11050 :	11010110;
	11049 :	01111100;
	11048 :	11010110;
	11047 :	10011011;
	11046 :	11010110;
	11045 :	10011011;
	11044 :	11010110;
	11043 :	01111100;
	11042 :	11010110;
	11041 :	01111100;
	11040 :	11010110;
	11039 :	00111111;
	11038 :	11100111;
	11037 :	10111101;
	11036 :	11100110;
	11035 :	01111100;
	11034 :	11100110;
	11033 :	01011110;
	11032 :	11001110;
	11031 :	00111100;
	11030 :	11000110;
	11029 :	11111100;
	11028 :	11000101;
	11027 :	00111100;
	11026 :	11000110;
	11025 :	00111100;
	11024 :	11000110;
	11023 :	11111100;
	11022 :	11000101;
	11021 :	01111110;
	11020 :	11010110;
	11019 :	11111100;
	11018 :	11000101;
	11017 :	01111110;
	11016 :	11010110;
	11015 :	00111100;
	11014 :	11000110;
	11013 :	00111100;
	11012 :	11000110;
	11011 :	01111110;
	11010 :	11010110;
	11009 :	00111100;
	11008 :	11000110;
	11007 :	10011001;
	11006 :	10101101;
	11005 :	01011000;
	11004 :	10101101;
	11003 :	10011001;
	11002 :	10101101;
	11001 :	10011001;
	11000 :	10101101;
	10999 :	10011001;
	10998 :	10101101;
	10997 :	00111000;
	10996 :	10011101;
	10995 :	10011001;
	10994 :	10101101;
	10993 :	11011110;
	10992 :	11011110;
	10991 :	10011101;
	10990 :	11001110;
	10989 :	10011101;
	10988 :	11001110;
	10987 :	11011110;
	10986 :	11011110;
	10985 :	10111101;
	10984 :	11010110;
	10983 :	11011110;
	10982 :	11011110;
	10981 :	00111100;
	10980 :	11000110;
	10979 :	00011011;
	10978 :	11000110;
	10977 :	11011010;
	10976 :	10111101;
	10975 :	01011000;
	10974 :	10101101;
	10973 :	01111000;
	10972 :	10110101;
	10971 :	01111010;
	10970 :	10101101;
	10969 :	01111000;
	10968 :	10110101;
	10967 :	01111000;
	10966 :	10110101;
	10965 :	01111010;
	10964 :	10101101;
	10963 :	11011010;
	10962 :	10111101;
	10961 :	11011110;
	10960 :	11011110;
	10959 :	01111100;
	10958 :	11010110;
	10957 :	10011101;
	10956 :	11001110;
	10955 :	11111100;
	10954 :	11000101;
	10953 :	00111011;
	10952 :	11010110;
	10951 :	00110111;
	10950 :	10101101;
	10949 :	00110111;
	10948 :	10101101;
	10947 :	10011001;
	10946 :	10101101;
	10945 :	00110111;
	10944 :	10101101;
	10943 :	01011000;
	10942 :	10101101;
	10941 :	00110111;
	10940 :	10101101;
	10939 :	00110111;
	10938 :	10101101;
	10937 :	01011000;
	10936 :	10101101;
	10935 :	00110111;
	10934 :	10101101;
	10933 :	01011000;
	10932 :	10101101;
	10931 :	11110110;
	10930 :	10110100;
	10929 :	00110111;
	10928 :	10101101;
	10927 :	11011110;
	10926 :	11011110;
	10925 :	01111100;
	10924 :	11010110;
	10923 :	10111101;
	10922 :	11010110;
	10921 :	10111101;
	10920 :	11010110;
	10919 :	01111100;
	10918 :	11010110;
	10917 :	01111100;
	10916 :	11010110;
	10915 :	00011011;
	10914 :	11000110;
	10913 :	10111101;
	10912 :	11100110;
	10911 :	11011110;
	10910 :	11011110;
	10909 :	11011110;
	10908 :	11011110;
	10907 :	11111100;
	10906 :	11000101;
	10905 :	10111101;
	10904 :	11010110;
	10903 :	11011110;
	10902 :	11011110;
	10901 :	10111101;
	10900 :	11100110;
	10899 :	11111110;
	10898 :	11100110;
	10897 :	01111100;
	10896 :	11100110;
	10895 :	01111100;
	10894 :	11100110;
	10893 :	01010010;
	10892 :	11001100;
	10891 :	00110000;
	10890 :	11100100;
	10889 :	01001010;
	10888 :	11000011;
	10887 :	01010000;
	10886 :	11001100;
	10885 :	11110000;
	10884 :	11001011;
	10883 :	01010000;
	10882 :	11001100;
	10881 :	01110010;
	10880 :	11010100;
	10879 :	01110010;
	10878 :	11010100;
	10877 :	01010001;
	10876 :	11010100;
	10875 :	01110010;
	10874 :	11010100;
	10873 :	00101111;
	10872 :	11010100;
	10871 :	01110010;
	10870 :	11010100;
	10869 :	00101111;
	10868 :	11010100;
	10867 :	10110001;
	10866 :	11010100;
	10865 :	00101111;
	10864 :	11010100;
	10863 :	11001101;
	10862 :	11000011;
	10861 :	00101111;
	10860 :	11010100;
	10859 :	11001101;
	10858 :	11000011;
	10857 :	10001101;
	10856 :	10110011;
	10855 :	00001001;
	10854 :	11000011;
	10853 :	01001010;
	10852 :	11000011;
	10851 :	01001011;
	10850 :	10110011;
	10849 :	01001011;
	10848 :	10110011;
	10847 :	10001011;
	10846 :	11000011;
	10845 :	10001011;
	10844 :	11000011;
	10843 :	01001010;
	10842 :	11000011;
	10841 :	01001011;
	10840 :	10110011;
	10839 :	01001011;
	10838 :	10110011;
	10837 :	10001011;
	10836 :	11000011;
	10835 :	11001101;
	10834 :	11000011;
	10833 :	01010100;
	10832 :	11100101;
	10831 :	10010110;
	10830 :	11111110;
	10829 :	00001001;
	10828 :	11000011;
	10827 :	01001011;
	10826 :	11010011;
	10825 :	11010100;
	10824 :	11000100;
	10823 :	10111001;
	10822 :	11000101;
	10821 :	11111110;
	10820 :	11100110;
	10819 :	01011111;
	10818 :	11110111;
	10817 :	11011110;
	10816 :	11011110;
	10815 :	10111101;
	10814 :	11100110;
	10813 :	00111111;
	10812 :	11100111;
	10811 :	00111111;
	10810 :	11100111;
	10809 :	00111111;
	10808 :	11100111;
	10807 :	00111111;
	10806 :	11100111;
	10805 :	00011101;
	10804 :	11011111;
	10803 :	00011111;
	10802 :	11011111;
	10801 :	01011111;
	10800 :	11110111;
	10799 :	00111111;
	10798 :	11100111;
	10797 :	00111111;
	10796 :	11100111;
	10795 :	10011111;
	10794 :	11101111;
	10793 :	10011111;
	10792 :	11101111;
	10791 :	10011111;
	10790 :	11101111;
	10789 :	10011111;
	10788 :	11101111;
	10787 :	00111101;
	10786 :	11100111;
	10785 :	10011111;
	10784 :	11110111;
	10783 :	10011111;
	10782 :	11110111;
	10781 :	00111111;
	10780 :	11100111;
	10779 :	00011011;
	10778 :	11000110;
	10777 :	00111100;
	10776 :	11000110;
	10775 :	00111100;
	10774 :	11000110;
	10773 :	01011110;
	10772 :	11001110;
	10771 :	00111100;
	10770 :	11000110;
	10769 :	00111100;
	10768 :	11000110;
	10767 :	01111110;
	10766 :	11010110;
	10765 :	11111100;
	10764 :	11000101;
	10763 :	11111100;
	10762 :	11000101;
	10761 :	01111110;
	10760 :	11010110;
	10759 :	01111110;
	10758 :	11010110;
	10757 :	01011110;
	10756 :	11001110;
	10755 :	01111110;
	10754 :	11010110;
	10753 :	01011110;
	10752 :	11001110;
	10751 :	10011001;
	10750 :	10101101;
	10749 :	10011010;
	10748 :	10101101;
	10747 :	10011001;
	10746 :	10110101;
	10745 :	01011000;
	10744 :	10101101;
	10743 :	10011001;
	10742 :	10101101;
	10741 :	10011010;
	10740 :	10101101;
	10739 :	01111010;
	10738 :	10101101;
	10737 :	00111100;
	10736 :	11000110;
	10735 :	11011010;
	10734 :	10111101;
	10733 :	00111100;
	10732 :	11000110;
	10731 :	11011110;
	10730 :	11011110;
	10729 :	11111100;
	10728 :	11000101;
	10727 :	01111100;
	10726 :	11010110;
	10725 :	11011010;
	10724 :	10111101;
	10723 :	10011001;
	10722 :	10101101;
	10721 :	01011000;
	10720 :	10101101;
	10719 :	01111000;
	10718 :	10110101;
	10717 :	01011000;
	10716 :	10101101;
	10715 :	01111000;
	10714 :	10110101;
	10713 :	01111010;
	10712 :	10101101;
	10711 :	01011000;
	10710 :	10101101;
	10709 :	11011010;
	10708 :	10111101;
	10707 :	11011110;
	10706 :	11011110;
	10705 :	11011110;
	10704 :	11011110;
	10703 :	01111100;
	10702 :	11010110;
	10701 :	11011110;
	10700 :	11011110;
	10699 :	11011010;
	10698 :	10111101;
	10697 :	10011001;
	10696 :	10110101;
	10695 :	01111000;
	10694 :	10110101;
	10693 :	00110111;
	10692 :	10101101;
	10691 :	01011000;
	10690 :	10101101;
	10689 :	00110111;
	10688 :	10101101;
	10687 :	01011000;
	10686 :	10101101;
	10685 :	00110111;
	10684 :	10101101;
	10683 :	01011000;
	10682 :	10101101;
	10681 :	00110111;
	10680 :	10101101;
	10679 :	01011000;
	10678 :	10101101;
	10677 :	00110111;
	10676 :	10110101;
	10675 :	01011000;
	10674 :	10101101;
	10673 :	00110111;
	10672 :	10101101;
	10671 :	11011010;
	10670 :	10111101;
	10669 :	00011001;
	10668 :	10111110;
	10667 :	11011010;
	10666 :	10111101;
	10665 :	00011001;
	10664 :	10111110;
	10663 :	00011011;
	10662 :	11000110;
	10661 :	00011011;
	10660 :	11000110;
	10659 :	10011001;
	10658 :	10101101;
	10657 :	00110111;
	10656 :	10101101;
	10655 :	00010110;
	10654 :	10011101;
	10653 :	00010110;
	10652 :	10011101;
	10651 :	10110100;
	10650 :	10011100;
	10649 :	10110100;
	10648 :	10011100;
	10647 :	00110111;
	10646 :	10101101;
	10645 :	00110111;
	10644 :	10101101;
	10643 :	00110111;
	10642 :	10110101;
	10641 :	01111000;
	10640 :	10110101;
	10639 :	10111000;
	10638 :	11100101;
	10637 :	10001101;
	10636 :	10110011;
	10635 :	01010000;
	10634 :	11110100;
	10633 :	01001011;
	10632 :	10110011;
	10631 :	11110000;
	10630 :	11001011;
	10629 :	01010001;
	10628 :	11010100;
	10627 :	01010000;
	10626 :	11001100;
	10625 :	01110010;
	10624 :	11010100;
	10623 :	10110001;
	10622 :	11010100;
	10621 :	01110010;
	10620 :	11010100;
	10619 :	01110010;
	10618 :	11010100;
	10617 :	10110001;
	10616 :	11010100;
	10615 :	01010001;
	10614 :	11010100;
	10613 :	01010001;
	10612 :	11010100;
	10611 :	11001101;
	10610 :	11000011;
	10609 :	10001101;
	10608 :	10110011;
	10607 :	01000111;
	10606 :	10010010;
	10605 :	11001101;
	10604 :	11000011;
	10603 :	11001001;
	10602 :	10100010;
	10601 :	00001001;
	10600 :	11000011;
	10599 :	11001001;
	10598 :	10100010;
	10597 :	01100111;
	10596 :	10100010;
	10595 :	00101001;
	10594 :	10110011;
	10593 :	01001011;
	10592 :	10110011;
	10591 :	01001011;
	10590 :	10110011;
	10589 :	10001011;
	10588 :	11000011;
	10587 :	10001011;
	10586 :	10111011;
	10585 :	10101001;
	10584 :	10110011;
	10583 :	01001010;
	10582 :	11000011;
	10581 :	01001011;
	10580 :	10110011;
	10579 :	11001101;
	10578 :	11000011;
	10577 :	01010010;
	10576 :	11100101;
	10575 :	10010110;
	10574 :	11111110;
	10573 :	01001010;
	10572 :	11000011;
	10571 :	01001011;
	10570 :	11010011;
	10569 :	11110110;
	10568 :	11101100;
	10567 :	01110100;
	10566 :	10100100;
	10565 :	11111110;
	10564 :	11100110;
	10563 :	11011110;
	10562 :	11011110;
	10561 :	11011110;
	10560 :	11011110;
	10559 :	10111101;
	10558 :	11010110;
	10557 :	11011110;
	10556 :	11011110;
	10555 :	11011110;
	10554 :	11011110;
	10553 :	00011111;
	10552 :	11011111;
	10551 :	10111101;
	10550 :	11010110;
	10549 :	11011110;
	10548 :	11011110;
	10547 :	00011111;
	10546 :	11011111;
	10545 :	11011110;
	10544 :	11011110;
	10543 :	00011111;
	10542 :	11011111;
	10541 :	00011111;
	10540 :	11011111;
	10539 :	00011101;
	10538 :	11011111;
	10537 :	00111101;
	10536 :	11100111;
	10535 :	00111101;
	10534 :	11100111;
	10533 :	00011101;
	10532 :	11011111;
	10531 :	10011011;
	10530 :	11010110;
	10529 :	10011111;
	10528 :	11101111;
	10527 :	10011111;
	10526 :	11101111;
	10525 :	10011111;
	10524 :	11101111;
	10523 :	00111111;
	10522 :	11100111;
	10521 :	01111110;
	10520 :	11010110;
	10519 :	01111110;
	10518 :	11010110;
	10517 :	11111100;
	10516 :	11000101;
	10515 :	00111100;
	10514 :	11000110;
	10513 :	00111100;
	10512 :	11000110;
	10511 :	01111110;
	10510 :	11010110;
	10509 :	01111110;
	10508 :	11010110;
	10507 :	01111110;
	10506 :	11010110;
	10505 :	00111100;
	10504 :	11000110;
	10503 :	01111110;
	10502 :	11010110;
	10501 :	00111100;
	10500 :	11000110;
	10499 :	01111110;
	10498 :	11010110;
	10497 :	00111100;
	10496 :	11000110;
	10495 :	11011010;
	10494 :	10111101;
	10493 :	10011010;
	10492 :	10101101;
	10491 :	10011010;
	10490 :	10101101;
	10489 :	10011001;
	10488 :	10101101;
	10487 :	10011010;
	10486 :	10101101;
	10485 :	00111000;
	10484 :	10011101;
	10483 :	11011010;
	10482 :	10111101;
	10481 :	11011010;
	10480 :	10111101;
	10479 :	11011010;
	10478 :	10111101;
	10477 :	11111100;
	10476 :	10111101;
	10475 :	11011110;
	10474 :	11011110;
	10473 :	11011110;
	10472 :	11011110;
	10471 :	11111100;
	10470 :	11000101;
	10469 :	01111010;
	10468 :	10110101;
	10467 :	01111000;
	10466 :	10110101;
	10465 :	01011000;
	10464 :	10101101;
	10463 :	01011000;
	10462 :	10101101;
	10461 :	01011000;
	10460 :	10101101;
	10459 :	01011000;
	10458 :	10101101;
	10457 :	01011000;
	10456 :	10101101;
	10455 :	10011001;
	10454 :	10101101;
	10453 :	00111000;
	10452 :	10011101;
	10451 :	00111100;
	10450 :	11000110;
	10449 :	00011111;
	10448 :	11011111;
	10447 :	10011101;
	10446 :	11001110;
	10445 :	11111100;
	10444 :	11000101;
	10443 :	11011110;
	10442 :	11011110;
	10441 :	01111100;
	10440 :	11010110;
	10439 :	00110111;
	10438 :	10101101;
	10437 :	01111000;
	10436 :	10110101;
	10435 :	01011000;
	10434 :	10101101;
	10433 :	00110111;
	10432 :	10101101;
	10431 :	01011000;
	10430 :	10101101;
	10429 :	00110111;
	10428 :	10101101;
	10427 :	00110111;
	10426 :	10101101;
	10425 :	00110111;
	10424 :	10101101;
	10423 :	00110111;
	10422 :	10110101;
	10421 :	00110111;
	10420 :	10101101;
	10419 :	00110111;
	10418 :	10101101;
	10417 :	00110111;
	10416 :	10110101;
	10415 :	00011011;
	10414 :	11000110;
	10413 :	00011011;
	10412 :	11000110;
	10411 :	00011011;
	10410 :	11000110;
	10409 :	01111100;
	10408 :	11010110;
	10407 :	10111101;
	10406 :	11010110;
	10405 :	10111101;
	10404 :	11010110;
	10403 :	00011011;
	10402 :	11000110;
	10401 :	10111101;
	10400 :	11010110;
	10399 :	10111101;
	10398 :	11010110;
	10397 :	10111101;
	10396 :	11100110;
	10395 :	10011101;
	10394 :	11001110;
	10393 :	10111101;
	10392 :	11100110;
	10391 :	01111100;
	10390 :	11100110;
	10389 :	10111101;
	10388 :	11010110;
	10387 :	10111101;
	10386 :	11100110;
	10385 :	01111100;
	10384 :	11100110;
	10383 :	01010110;
	10382 :	11111110;
	10381 :	10001101;
	10380 :	10110011;
	10379 :	00101111;
	10378 :	11010100;
	10377 :	01010000;
	10376 :	11001100;
	10375 :	01010000;
	10374 :	11001100;
	10373 :	01010010;
	10372 :	11001100;
	10371 :	01010000;
	10370 :	11001100;
	10369 :	01010010;
	10368 :	11001100;
	10367 :	01110010;
	10366 :	11010100;
	10365 :	10010010;
	10364 :	11010100;
	10363 :	10110001;
	10362 :	11010100;
	10361 :	01110010;
	10360 :	11010100;
	10359 :	01110010;
	10358 :	11010100;
	10357 :	01110010;
	10356 :	11010100;
	10355 :	01110010;
	10354 :	11010100;
	10353 :	01010000;
	10352 :	11001100;
	10351 :	11001101;
	10350 :	11000011;
	10349 :	00101111;
	10348 :	11010100;
	10347 :	01001010;
	10346 :	11000011;
	10345 :	11100101;
	10344 :	10000001;
	10343 :	11000001;
	10342 :	01101000;
	10341 :	01000111;
	10340 :	10010010;
	10339 :	00001001;
	10338 :	11000011;
	10337 :	00101001;
	10336 :	10110011;
	10335 :	10001011;
	10334 :	11000011;
	10333 :	01001011;
	10332 :	10110011;
	10331 :	01001010;
	10330 :	11000011;
	10329 :	01001010;
	10328 :	11000011;
	10327 :	01001011;
	10326 :	10110011;
	10325 :	10001011;
	10324 :	11000011;
	10323 :	10001011;
	10322 :	10111011;
	10321 :	10110100;
	10320 :	11110101;
	10319 :	01010110;
	10318 :	11111110;
	10317 :	01001011;
	10316 :	11010011;
	10315 :	10101000;
	10314 :	11100010;
	10313 :	01010100;
	10312 :	11111101;
	10311 :	11110110;
	10310 :	11101100;
	10309 :	11111110;
	10308 :	11110110;
	10307 :	11111110;
	10306 :	11110110;
	10305 :	00111111;
	10304 :	11100111;
	10303 :	11111110;
	10302 :	11100110;
	10301 :	00011111;
	10300 :	11011111;
	10299 :	00111111;
	10298 :	11100111;
	10297 :	00111111;
	10296 :	11100111;
	10295 :	00111111;
	10294 :	11100111;
	10293 :	00111111;
	10292 :	11100111;
	10291 :	10011111;
	10290 :	11101111;
	10289 :	10011111;
	10288 :	11101111;
	10287 :	00111111;
	10286 :	11100111;
	10285 :	10011111;
	10284 :	11101111;
	10283 :	10011111;
	10282 :	11101111;
	10281 :	10011111;
	10280 :	11110111;
	10279 :	10011111;
	10278 :	11110111;
	10277 :	10011111;
	10276 :	11110111;
	10275 :	10011011;
	10274 :	11010110;
	10273 :	10011111;
	10272 :	11110111;
	10271 :	10011111;
	10270 :	11101111;
	10269 :	01011111;
	10268 :	11110111;
	10267 :	00111111;
	10266 :	11100111;
	10265 :	11111110;
	10264 :	11100110;
	10263 :	00111100;
	10262 :	11000110;
	10261 :	01111110;
	10260 :	11010110;
	10259 :	01111110;
	10258 :	11010110;
	10257 :	00111100;
	10256 :	11000110;
	10255 :	01111110;
	10254 :	11010110;
	10253 :	11111100;
	10252 :	11000101;
	10251 :	01111110;
	10250 :	11010110;
	10249 :	01111110;
	10248 :	11010110;
	10247 :	00111100;
	10246 :	11000110;
	10245 :	01011110;
	10244 :	11001110;
	10243 :	01111110;
	10242 :	11010110;
	10241 :	00111100;
	10240 :	11000110;
	10239 :	10011010;
	10238 :	10101101;
	10237 :	10011010;
	10236 :	10101101;
	10235 :	10011010;
	10234 :	10101101;
	10233 :	11011010;
	10232 :	10111101;
	10231 :	10011010;
	10230 :	10101101;
	10229 :	10011010;
	10228 :	10101101;
	10227 :	01111010;
	10226 :	10101101;
	10225 :	10011001;
	10224 :	10101101;
	10223 :	10011001;
	10222 :	10101101;
	10221 :	01011000;
	10220 :	10101101;
	10219 :	01111010;
	10218 :	10110101;
	10217 :	01111010;
	10216 :	10101101;
	10215 :	01011000;
	10214 :	10101101;
	10213 :	01011000;
	10212 :	10101101;
	10211 :	00110111;
	10210 :	10101101;
	10209 :	00110111;
	10208 :	10101101;
	10207 :	01011000;
	10206 :	10101101;
	10205 :	01011000;
	10204 :	10101101;
	10203 :	00110111;
	10202 :	10101101;
	10201 :	01111010;
	10200 :	10101101;
	10199 :	01011000;
	10198 :	10101101;
	10197 :	11011010;
	10196 :	10111101;
	10195 :	00011100;
	10194 :	10111110;
	10193 :	11011010;
	10192 :	10111101;
	10191 :	11011010;
	10190 :	10111101;
	10189 :	11011010;
	10188 :	10111101;
	10187 :	01111110;
	10186 :	11010110;
	10185 :	00111100;
	10184 :	11000110;
	10183 :	01011000;
	10182 :	10101101;
	10181 :	01011000;
	10180 :	10101101;
	10179 :	00110111;
	10178 :	10101101;
	10177 :	01011000;
	10176 :	10101101;
	10175 :	00110111;
	10174 :	10101101;
	10173 :	00110111;
	10172 :	10101101;
	10171 :	00110111;
	10170 :	10101101;
	10169 :	01011000;
	10168 :	10101101;
	10167 :	00110111;
	10166 :	10101101;
	10165 :	01011000;
	10164 :	10101101;
	10163 :	00110111;
	10162 :	10101101;
	10161 :	00110111;
	10160 :	10101101;
	10159 :	11110110;
	10158 :	10100100;
	10157 :	00110111;
	10156 :	10101101;
	10155 :	10011001;
	10154 :	10110101;
	10153 :	00111011;
	10152 :	11010110;
	10151 :	01111100;
	10150 :	11010110;
	10149 :	01111100;
	10148 :	11010110;
	10147 :	00011001;
	10146 :	11001110;
	10145 :	01111100;
	10144 :	11010110;
	10143 :	00011101;
	10142 :	11011111;
	10141 :	10111101;
	10140 :	11010110;
	10139 :	00111011;
	10138 :	11010110;
	10137 :	10011011;
	10136 :	11010110;
	10135 :	10111101;
	10134 :	11010110;
	10133 :	10111101;
	10132 :	11100110;
	10131 :	01111100;
	10130 :	11100110;
	10129 :	01111100;
	10128 :	11100110;
	10127 :	01111001;
	10126 :	11101110;
	10125 :	00101010;
	10124 :	10101011;
	10123 :	10110001;
	10122 :	11010100;
	10121 :	10001101;
	10120 :	10110011;
	10119 :	11110000;
	10118 :	11001011;
	10117 :	01010010;
	10116 :	11001100;
	10115 :	10110010;
	10114 :	11001100;
	10113 :	01110010;
	10112 :	11010100;
	10111 :	10010010;
	10110 :	11010100;
	10109 :	01010010;
	10108 :	11001100;
	10107 :	10010010;
	10106 :	11010100;
	10105 :	01110010;
	10104 :	11010100;
	10103 :	01110010;
	10102 :	11010100;
	10101 :	01110010;
	10100 :	11010100;
	10099 :	10110010;
	10098 :	11001100;
	10097 :	10010010;
	10096 :	11010100;
	10095 :	01110010;
	10094 :	11010100;
	10093 :	10110001;
	10092 :	11010100;
	10091 :	00101111;
	10090 :	11000100;
	10089 :	10001011;
	10088 :	11000011;
	10087 :	01001011;
	10086 :	10110011;
	10085 :	11001001;
	10084 :	10100010;
	10083 :	01001011;
	10082 :	10110011;
	10081 :	01001011;
	10080 :	10110011;
	10079 :	01001011;
	10078 :	10110011;
	10077 :	01001011;
	10076 :	10110011;
	10075 :	01001011;
	10074 :	10110011;
	10073 :	01001011;
	10072 :	10110011;
	10071 :	10101000;
	10070 :	11000011;
	10069 :	01001011;
	10068 :	10110011;
	10067 :	10001011;
	10066 :	11000011;
	10065 :	01010010;
	10064 :	11011101;
	10063 :	01010110;
	10062 :	11111110;
	10061 :	00101100;
	10060 :	11010100;
	10059 :	01100111;
	10058 :	11101010;
	10057 :	10101000;
	10056 :	11100010;
	10055 :	10001110;
	10054 :	11101011;
	10053 :	10111000;
	10052 :	11100101;
	10051 :	11011010;
	10050 :	10111101;
	10049 :	10011001;
	10048 :	10110101;
	10047 :	00111000;
	10046 :	10011101;
	10045 :	10110100;
	10044 :	10011100;
	10043 :	01110010;
	10042 :	10010100;
	10041 :	11010000;
	10040 :	10001011;
	10039 :	01110010;
	10038 :	10010100;
	10037 :	11001101;
	10036 :	01101010;
	10035 :	10110100;
	10034 :	10011100;
	10033 :	00110111;
	10032 :	10101101;
	10031 :	00010110;
	10030 :	10011101;
	10029 :	10010111;
	10028 :	10111101;
	10027 :	10011011;
	10026 :	11010110;
	10025 :	10011011;
	10024 :	11010110;
	10023 :	00111101;
	10022 :	11100111;
	10021 :	00111101;
	10020 :	11100111;
	10019 :	00111101;
	10018 :	11100111;
	10017 :	10011111;
	10016 :	11101111;
	10015 :	10011111;
	10014 :	11110111;
	10013 :	10011111;
	10012 :	11110111;
	10011 :	10011111;
	10010 :	11101111;
	10009 :	11111110;
	10008 :	11110110;
	10007 :	01111110;
	10006 :	11010110;
	10005 :	01011110;
	10004 :	11001110;
	10003 :	01011110;
	10002 :	11001110;
	10001 :	01111110;
	10000 :	11010110;
	9999 :	00111100;
	9998 :	11000110;
	9997 :	01111110;
	9996 :	11010110;
	9995 :	11111100;
	9994 :	11000101;
	9993 :	01111110;
	9992 :	11010110;
	9991 :	01111110;
	9990 :	11010110;
	9989 :	01011110;
	9988 :	11001110;
	9987 :	01111110;
	9986 :	11010110;
	9985 :	01111110;
	9984 :	11010110;
	9983 :	11011010;
	9982 :	10111101;
	9981 :	10011010;
	9980 :	10101101;
	9979 :	10011010;
	9978 :	10101101;
	9977 :	10011010;
	9976 :	10101101;
	9975 :	10011010;
	9974 :	10101101;
	9973 :	01111010;
	9972 :	10101101;
	9971 :	01111010;
	9970 :	10101101;
	9969 :	10011001;
	9968 :	10101101;
	9967 :	10011001;
	9966 :	10101101;
	9965 :	10011001;
	9964 :	10101101;
	9963 :	01011000;
	9962 :	10101101;
	9961 :	01011000;
	9960 :	10101101;
	9959 :	01011000;
	9958 :	10101101;
	9957 :	00110111;
	9956 :	10101101;
	9955 :	01011000;
	9954 :	10101101;
	9953 :	00110111;
	9952 :	10101101;
	9951 :	01111000;
	9950 :	10110101;
	9949 :	01011000;
	9948 :	10101101;
	9947 :	01011000;
	9946 :	10101101;
	9945 :	01011000;
	9944 :	10101101;
	9943 :	01111010;
	9942 :	10110101;
	9941 :	00011111;
	9940 :	11011111;
	9939 :	00111111;
	9938 :	11100111;
	9937 :	10011001;
	9936 :	10101101;
	9935 :	11111100;
	9934 :	11000101;
	9933 :	11011110;
	9932 :	11011110;
	9931 :	11111100;
	9930 :	11000101;
	9929 :	10011110;
	9928 :	11001110;
	9927 :	10011001;
	9926 :	10101101;
	9925 :	01011000;
	9924 :	10101101;
	9923 :	00110111;
	9922 :	10101101;
	9921 :	00110111;
	9920 :	10101101;
	9919 :	01011000;
	9918 :	10101101;
	9917 :	00110111;
	9916 :	10101101;
	9915 :	00110111;
	9914 :	10101101;
	9913 :	00110111;
	9912 :	10101101;
	9911 :	01011000;
	9910 :	10101101;
	9909 :	00110111;
	9908 :	10101101;
	9907 :	00110111;
	9906 :	10101101;
	9905 :	01011000;
	9904 :	10101101;
	9903 :	00110111;
	9902 :	10101101;
	9901 :	00110111;
	9900 :	10101101;
	9899 :	00110111;
	9898 :	10101101;
	9897 :	10011001;
	9896 :	10110101;
	9895 :	00011011;
	9894 :	11000110;
	9893 :	00011011;
	9892 :	11000110;
	9891 :	11011010;
	9890 :	10111101;
	9889 :	00011101;
	9888 :	11011111;
	9887 :	10111101;
	9886 :	11010110;
	9885 :	01111100;
	9884 :	11010110;
	9883 :	11111010;
	9882 :	11000101;
	9881 :	01111100;
	9880 :	11010110;
	9879 :	10111101;
	9878 :	11010110;
	9877 :	01111100;
	9876 :	11100110;
	9875 :	01111100;
	9874 :	11010110;
	9873 :	00111011;
	9872 :	11010110;
	9871 :	00110111;
	9870 :	11100110;
	9869 :	01010000;
	9868 :	11001100;
	9867 :	10001101;
	9866 :	10110011;
	9865 :	10000111;
	9864 :	01111010;
	9863 :	01010010;
	9862 :	11001100;
	9861 :	01010010;
	9860 :	11001100;
	9859 :	01110010;
	9858 :	11010100;
	9857 :	10010010;
	9856 :	11010100;
	9855 :	01110010;
	9854 :	11010100;
	9853 :	01110010;
	9852 :	11010100;
	9851 :	01010010;
	9850 :	11001100;
	9849 :	01010000;
	9848 :	11001100;
	9847 :	01110010;
	9846 :	11010100;
	9845 :	10010010;
	9844 :	11010100;
	9843 :	10010010;
	9842 :	11010100;
	9841 :	01010000;
	9840 :	11001100;
	9839 :	01110010;
	9838 :	11010100;
	9837 :	01110010;
	9836 :	11010100;
	9835 :	10001101;
	9834 :	10110011;
	9833 :	01001011;
	9832 :	10110011;
	9831 :	01001011;
	9830 :	10110011;
	9829 :	01001011;
	9828 :	10110011;
	9827 :	10001011;
	9826 :	10111011;
	9825 :	00001001;
	9824 :	11000011;
	9823 :	01001011;
	9822 :	10110011;
	9821 :	01001011;
	9820 :	10110011;
	9819 :	10001011;
	9818 :	10111011;
	9817 :	01001010;
	9816 :	11000011;
	9815 :	01001011;
	9814 :	10110011;
	9813 :	10001011;
	9812 :	11000011;
	9811 :	10001011;
	9810 :	10111011;
	9809 :	01010001;
	9808 :	11100101;
	9807 :	01010110;
	9806 :	11111110;
	9805 :	00110000;
	9804 :	11110101;
	9803 :	01100111;
	9802 :	11101010;
	9801 :	01100111;
	9800 :	11101010;
	9799 :	10001110;
	9798 :	11101011;
	9797 :	11110110;
	9796 :	11101100;
	9795 :	11111110;
	9794 :	11100110;
	9793 :	00011111;
	9792 :	11011111;
	9791 :	00111111;
	9790 :	11100111;
	9789 :	00111111;
	9788 :	11100111;
	9787 :	00111111;
	9786 :	11100111;
	9785 :	00111111;
	9784 :	11100111;
	9783 :	00111111;
	9782 :	11100111;
	9781 :	00111111;
	9780 :	11100111;
	9779 :	10011111;
	9778 :	11101111;
	9777 :	10011111;
	9776 :	11101111;
	9775 :	00111111;
	9774 :	11100111;
	9773 :	00011101;
	9772 :	11011111;
	9771 :	10011111;
	9770 :	11101111;
	9769 :	10011111;
	9768 :	11101111;
	9767 :	10011111;
	9766 :	11101111;
	9765 :	10011111;
	9764 :	11101111;
	9763 :	10011111;
	9762 :	11101111;
	9761 :	10011111;
	9760 :	11110111;
	9759 :	10011111;
	9758 :	11101111;
	9757 :	01011111;
	9756 :	11110111;
	9755 :	10011111;
	9754 :	11110111;
	9753 :	11111110;
	9752 :	11100110;
	9751 :	01111110;
	9750 :	11010110;
	9749 :	01011110;
	9748 :	11001110;
	9747 :	00111100;
	9746 :	11000110;
	9745 :	00111100;
	9744 :	11000110;
	9743 :	01111110;
	9742 :	11010110;
	9741 :	00111100;
	9740 :	11000110;
	9739 :	01111110;
	9738 :	11010110;
	9737 :	01011110;
	9736 :	11001110;
	9735 :	01111110;
	9734 :	11010110;
	9733 :	01011110;
	9732 :	11001110;
	9731 :	01011110;
	9730 :	11001110;
	9729 :	01011110;
	9728 :	11001110;
	9727 :	10011110;
	9726 :	11001110;
	9725 :	11111100;
	9724 :	10111101;
	9723 :	10011010;
	9722 :	10101101;
	9721 :	10011010;
	9720 :	10101101;
	9719 :	10011010;
	9718 :	10101101;
	9717 :	10011010;
	9716 :	10101101;
	9715 :	01111010;
	9714 :	10101101;
	9713 :	10011001;
	9712 :	10101101;
	9711 :	10011001;
	9710 :	10101101;
	9709 :	01111010;
	9708 :	10101101;
	9707 :	01011000;
	9706 :	10101101;
	9705 :	01011000;
	9704 :	10101101;
	9703 :	01011000;
	9702 :	10101101;
	9701 :	01111010;
	9700 :	10101101;
	9699 :	01111000;
	9698 :	10110101;
	9697 :	01111010;
	9696 :	10101101;
	9695 :	01011000;
	9694 :	10101101;
	9693 :	01011000;
	9692 :	10101101;
	9691 :	01011000;
	9690 :	10101101;
	9689 :	01111010;
	9688 :	10101101;
	9687 :	01111010;
	9686 :	10101101;
	9685 :	01111110;
	9684 :	11010110;
	9683 :	10011101;
	9682 :	11001110;
	9681 :	00111100;
	9680 :	11000110;
	9679 :	01111010;
	9678 :	10101101;
	9677 :	10011101;
	9676 :	11001110;
	9675 :	11011110;
	9674 :	11011110;
	9673 :	10111101;
	9672 :	11100110;
	9671 :	01111000;
	9670 :	10110101;
	9669 :	01011000;
	9668 :	10101101;
	9667 :	00110111;
	9666 :	10101101;
	9665 :	01011000;
	9664 :	10101101;
	9663 :	00110111;
	9662 :	10101101;
	9661 :	01011000;
	9660 :	10101101;
	9659 :	00110111;
	9658 :	10101101;
	9657 :	01011000;
	9656 :	10101101;
	9655 :	00110111;
	9654 :	10101101;
	9653 :	00110111;
	9652 :	10101101;
	9651 :	00110111;
	9650 :	10110101;
	9649 :	00110111;
	9648 :	10101101;
	9647 :	00110111;
	9646 :	10101101;
	9645 :	00110111;
	9644 :	10101101;
	9643 :	11110110;
	9642 :	10100100;
	9641 :	00110111;
	9640 :	10101101;
	9639 :	00110111;
	9638 :	10101101;
	9637 :	00010110;
	9636 :	10011101;
	9635 :	00110111;
	9634 :	10101101;
	9633 :	00110111;
	9632 :	10101101;
	9631 :	10011001;
	9630 :	10110101;
	9629 :	00011001;
	9628 :	10111110;
	9627 :	11111010;
	9626 :	11000101;
	9625 :	00011011;
	9624 :	11000110;
	9623 :	10111101;
	9622 :	11010110;
	9621 :	10111101;
	9620 :	11100110;
	9619 :	01111100;
	9618 :	11010110;
	9617 :	00111011;
	9616 :	11010110;
	9615 :	10011001;
	9614 :	11011110;
	9613 :	00110111;
	9612 :	11100110;
	9611 :	00101010;
	9610 :	10010011;
	9609 :	10101000;
	9608 :	10010010;
	9607 :	11110000;
	9606 :	11001011;
	9605 :	01010010;
	9604 :	11001100;
	9603 :	11010100;
	9602 :	11000100;
	9601 :	10010010;
	9600 :	11010100;
	9599 :	10010010;
	9598 :	11010100;
	9597 :	10010010;
	9596 :	11010100;
	9595 :	01010000;
	9594 :	11001100;
	9593 :	01010010;
	9592 :	11001100;
	9591 :	01010000;
	9590 :	11001100;
	9589 :	01110010;
	9588 :	11010100;
	9587 :	10110010;
	9586 :	11001100;
	9585 :	10110001;
	9584 :	11010100;
	9583 :	01010001;
	9582 :	11010100;
	9581 :	01010000;
	9580 :	11001100;
	9579 :	10001011;
	9578 :	11000011;
	9577 :	00101010;
	9576 :	10101011;
	9575 :	01001011;
	9574 :	10110011;
	9573 :	00101010;
	9572 :	10101011;
	9571 :	01001011;
	9570 :	10110011;
	9569 :	00101010;
	9568 :	10101011;
	9567 :	10001101;
	9566 :	10110011;
	9565 :	10001011;
	9564 :	10111011;
	9563 :	10001011;
	9562 :	10111011;
	9561 :	10001011;
	9560 :	10111011;
	9559 :	10001011;
	9558 :	11000011;
	9557 :	01001011;
	9556 :	10110011;
	9555 :	00101111;
	9554 :	11000100;
	9553 :	10110011;
	9552 :	11101101;
	9551 :	10110100;
	9550 :	11100101;
	9549 :	10010001;
	9548 :	11101101;
	9547 :	01100111;
	9546 :	11101010;
	9545 :	01100111;
	9544 :	11101010;
	9543 :	10001110;
	9542 :	11101011;
	9541 :	00110011;
	9540 :	11101100;
	9539 :	11011110;
	9538 :	11011110;
	9537 :	11111110;
	9536 :	11110110;
	9535 :	10011101;
	9534 :	11001110;
	9533 :	00011111;
	9532 :	11011111;
	9531 :	00011111;
	9530 :	11011111;
	9529 :	00011111;
	9528 :	11011111;
	9527 :	11011110;
	9526 :	11011110;
	9525 :	00011101;
	9524 :	11011111;
	9523 :	00011111;
	9522 :	11011111;
	9521 :	00011111;
	9520 :	11011111;
	9519 :	00111111;
	9518 :	11100111;
	9517 :	11011110;
	9516 :	11011110;
	9515 :	00111111;
	9514 :	11100111;
	9513 :	00111111;
	9512 :	11100111;
	9511 :	00111111;
	9510 :	11100111;
	9509 :	00111111;
	9508 :	11100111;
	9507 :	01111100;
	9506 :	11010110;
	9505 :	10011011;
	9504 :	11010110;
	9503 :	10111101;
	9502 :	11010110;
	9501 :	11111110;
	9500 :	11100110;
	9499 :	11111110;
	9498 :	11100110;
	9497 :	11111110;
	9496 :	11110110;
	9495 :	00111100;
	9494 :	11000110;
	9493 :	01111110;
	9492 :	11010110;
	9491 :	00111100;
	9490 :	11000110;
	9489 :	00111100;
	9488 :	11000110;
	9487 :	00111100;
	9486 :	11000110;
	9485 :	00111100;
	9484 :	11000110;
	9483 :	01011110;
	9482 :	11001110;
	9481 :	01011110;
	9480 :	11001110;
	9479 :	01111110;
	9478 :	11010110;
	9477 :	01011110;
	9476 :	11001110;
	9475 :	01011110;
	9474 :	11001110;
	9473 :	01011110;
	9472 :	11001110;
	9471 :	00011111;
	9470 :	11011111;
	9469 :	10011101;
	9468 :	11001110;
	9467 :	11111100;
	9466 :	10111101;
	9465 :	11111100;
	9464 :	10111101;
	9463 :	11011010;
	9462 :	10111101;
	9461 :	10011010;
	9460 :	10101101;
	9459 :	10011010;
	9458 :	10101101;
	9457 :	01111010;
	9456 :	10101101;
	9455 :	01111010;
	9454 :	10101101;
	9453 :	01011000;
	9452 :	10101101;
	9451 :	01011000;
	9450 :	10101101;
	9449 :	01011000;
	9448 :	10101101;
	9447 :	01011000;
	9446 :	10101101;
	9445 :	01011000;
	9444 :	10101101;
	9443 :	01011000;
	9442 :	10101101;
	9441 :	01111010;
	9440 :	10101101;
	9439 :	11110110;
	9438 :	10110100;
	9437 :	01111010;
	9436 :	10101101;
	9435 :	01011000;
	9434 :	10101101;
	9433 :	01011000;
	9432 :	10101101;
	9431 :	01111010;
	9430 :	10110101;
	9429 :	10011010;
	9428 :	10101101;
	9427 :	11011110;
	9426 :	11011110;
	9425 :	10011110;
	9424 :	11001110;
	9423 :	10111101;
	9422 :	11100110;
	9421 :	11011110;
	9420 :	11011110;
	9419 :	10111101;
	9418 :	11100110;
	9417 :	01111010;
	9416 :	10110101;
	9415 :	01111010;
	9414 :	10101101;
	9413 :	01011000;
	9412 :	10101101;
	9411 :	01011000;
	9410 :	10101101;
	9409 :	01011000;
	9408 :	10101101;
	9407 :	01011000;
	9406 :	10101101;
	9405 :	01011000;
	9404 :	10101101;
	9403 :	00110111;
	9402 :	10101101;
	9401 :	00110111;
	9400 :	10101101;
	9399 :	01011000;
	9398 :	10101101;
	9397 :	00110111;
	9396 :	10101101;
	9395 :	00110111;
	9394 :	10101101;
	9393 :	01011000;
	9392 :	10101101;
	9391 :	00110111;
	9390 :	10101101;
	9389 :	00110111;
	9388 :	10101101;
	9387 :	00110111;
	9386 :	10101101;
	9385 :	01011000;
	9384 :	10101101;
	9383 :	00010110;
	9382 :	10011101;
	9381 :	00110111;
	9380 :	10101101;
	9379 :	00110111;
	9378 :	10101101;
	9377 :	10111101;
	9376 :	11010110;
	9375 :	10111101;
	9374 :	11010110;
	9373 :	10111101;
	9372 :	11100110;
	9371 :	01111100;
	9370 :	11010110;
	9369 :	01111100;
	9368 :	11010110;
	9367 :	10111101;
	9366 :	11100110;
	9365 :	01111100;
	9364 :	11010110;
	9363 :	00011101;
	9362 :	11011111;
	9361 :	00111001;
	9360 :	11011110;
	9359 :	10011001;
	9358 :	11011110;
	9357 :	01111001;
	9356 :	11101110;
	9355 :	10101000;
	9354 :	10010010;
	9353 :	00101010;
	9352 :	10010011;
	9351 :	11010000;
	9350 :	10101011;
	9349 :	01010010;
	9348 :	11001100;
	9347 :	10110010;
	9346 :	11001100;
	9345 :	10010010;
	9344 :	11010100;
	9343 :	10010010;
	9342 :	11010100;
	9341 :	01010010;
	9340 :	11001100;
	9339 :	11110000;
	9338 :	11001011;
	9337 :	00101111;
	9336 :	11010100;
	9335 :	11010000;
	9334 :	10101011;
	9333 :	01010001;
	9332 :	11010100;
	9331 :	10010010;
	9330 :	11010100;
	9329 :	10110010;
	9328 :	11001100;
	9327 :	01010001;
	9326 :	11010100;
	9325 :	00101111;
	9324 :	11000100;
	9323 :	10001011;
	9322 :	10111011;
	9321 :	00101010;
	9320 :	10101011;
	9319 :	00101010;
	9318 :	10101011;
	9317 :	00101010;
	9316 :	10101011;
	9315 :	10001011;
	9314 :	10101011;
	9313 :	10001101;
	9312 :	10110011;
	9311 :	10001011;
	9310 :	10111011;
	9309 :	10001011;
	9308 :	10111011;
	9307 :	11001101;
	9306 :	11000011;
	9305 :	10001011;
	9304 :	11000011;
	9303 :	10001011;
	9302 :	11000011;
	9301 :	10001011;
	9300 :	10111011;
	9299 :	01010010;
	9298 :	11100101;
	9297 :	00010001;
	9296 :	11010101;
	9295 :	01010010;
	9294 :	11011101;
	9293 :	00110100;
	9292 :	11111110;
	9291 :	01100111;
	9290 :	11101010;
	9289 :	01100111;
	9288 :	11101010;
	9287 :	10001110;
	9286 :	11101011;
	9285 :	00110011;
	9284 :	11101100;
	9283 :	10111101;
	9282 :	11100110;
	9281 :	00011101;
	9280 :	11011111;
	9279 :	11011110;
	9278 :	11011110;
	9277 :	00111111;
	9276 :	11100111;
	9275 :	00011111;
	9274 :	11011111;
	9273 :	00011111;
	9272 :	11011111;
	9271 :	00011111;
	9270 :	11011111;
	9269 :	00011111;
	9268 :	11011111;
	9267 :	00011111;
	9266 :	11011111;
	9265 :	00111111;
	9264 :	11100111;
	9263 :	00111111;
	9262 :	11100111;
	9261 :	10111101;
	9260 :	11010110;
	9259 :	00111111;
	9258 :	11100111;
	9257 :	10011111;
	9256 :	11101111;
	9255 :	00111111;
	9254 :	11100111;
	9253 :	01011111;
	9252 :	11110111;
	9251 :	01011111;
	9250 :	11110111;
	9249 :	10011111;
	9248 :	11101111;
	9247 :	01011111;
	9246 :	11110111;
	9245 :	00111111;
	9244 :	11100111;
	9243 :	11111110;
	9242 :	11100110;
	9241 :	00111100;
	9240 :	11000110;
	9239 :	01011110;
	9238 :	11001110;
	9237 :	01011110;
	9236 :	11001110;
	9235 :	00111100;
	9234 :	11000110;
	9233 :	00111100;
	9232 :	11000110;
	9231 :	00111100;
	9230 :	11000110;
	9229 :	01111110;
	9228 :	11010110;
	9227 :	11111100;
	9226 :	11000101;
	9225 :	01011110;
	9224 :	11001110;
	9223 :	01011110;
	9222 :	11001110;
	9221 :	01011110;
	9220 :	11001110;
	9219 :	01011110;
	9218 :	11001110;
	9217 :	01011110;
	9216 :	11001110;
	9215 :	00011101;
	9214 :	11011111;
	9213 :	00111111;
	9212 :	11100111;
	9211 :	00111111;
	9210 :	11100111;
	9209 :	10011110;
	9208 :	11001110;
	9207 :	11011010;
	9206 :	10111101;
	9205 :	10011010;
	9204 :	10101101;
	9203 :	10011010;
	9202 :	10101101;
	9201 :	10011001;
	9200 :	10101101;
	9199 :	10011001;
	9198 :	10101101;
	9197 :	01011000;
	9196 :	10101101;
	9195 :	01111010;
	9194 :	10101101;
	9193 :	00111000;
	9192 :	10011101;
	9191 :	01111010;
	9190 :	10101101;
	9189 :	01011000;
	9188 :	10101101;
	9187 :	01011000;
	9186 :	10101101;
	9185 :	01011000;
	9184 :	10101101;
	9183 :	01111010;
	9182 :	10101101;
	9181 :	01111010;
	9180 :	10101101;
	9179 :	01011000;
	9178 :	10101101;
	9177 :	01011000;
	9176 :	10101101;
	9175 :	00111000;
	9174 :	10011101;
	9173 :	01111010;
	9172 :	10110101;
	9171 :	10011110;
	9170 :	11001110;
	9169 :	11111100;
	9168 :	10111101;
	9167 :	11011010;
	9166 :	10111101;
	9165 :	01111110;
	9164 :	11010110;
	9163 :	11111100;
	9162 :	10111101;
	9161 :	11111100;
	9160 :	11000101;
	9159 :	01111010;
	9158 :	10110101;
	9157 :	00111000;
	9156 :	10011101;
	9155 :	00110111;
	9154 :	10101101;
	9153 :	01011000;
	9152 :	10101101;
	9151 :	00110111;
	9150 :	10101101;
	9149 :	00111000;
	9148 :	10011101;
	9147 :	01011000;
	9146 :	10101101;
	9145 :	01011000;
	9144 :	10101101;
	9143 :	00110111;
	9142 :	10101101;
	9141 :	00110111;
	9140 :	10101101;
	9139 :	00110111;
	9138 :	10101101;
	9137 :	01011000;
	9136 :	10101101;
	9135 :	00110111;
	9134 :	10101101;
	9133 :	01011000;
	9132 :	10101101;
	9131 :	00110111;
	9130 :	10101101;
	9129 :	11110110;
	9128 :	10100100;
	9127 :	00110111;
	9126 :	10101101;
	9125 :	01011000;
	9124 :	10101101;
	9123 :	01111000;
	9122 :	10110101;
	9121 :	01111100;
	9120 :	11010110;
	9119 :	10111101;
	9118 :	11010110;
	9117 :	10111101;
	9116 :	11100110;
	9115 :	00111100;
	9114 :	11000110;
	9113 :	00111011;
	9112 :	11010110;
	9111 :	00011101;
	9110 :	11011111;
	9109 :	10111101;
	9108 :	11010110;
	9107 :	10111101;
	9106 :	11010110;
	9105 :	00111011;
	9104 :	11010110;
	9103 :	00110111;
	9102 :	11100110;
	9101 :	00101110;
	9100 :	10110100;
	9099 :	01000110;
	9098 :	10001010;
	9097 :	00101010;
	9096 :	10101011;
	9095 :	01010010;
	9094 :	11001100;
	9093 :	01010010;
	9092 :	11001100;
	9091 :	11110000;
	9090 :	11001011;
	9089 :	00101010;
	9088 :	10101011;
	9087 :	10101000;
	9086 :	10010010;
	9085 :	11110000;
	9084 :	11001011;
	9083 :	10001101;
	9082 :	10110011;
	9081 :	10001101;
	9080 :	10110011;
	9079 :	11110000;
	9078 :	11001011;
	9077 :	10001101;
	9076 :	10110011;
	9075 :	01110010;
	9074 :	11010100;
	9073 :	01010010;
	9072 :	11001100;
	9071 :	10110001;
	9070 :	11001100;
	9069 :	00101111;
	9068 :	11010100;
	9067 :	01001011;
	9066 :	10110011;
	9065 :	00101010;
	9064 :	10101011;
	9063 :	00101010;
	9062 :	10101011;
	9061 :	00101010;
	9060 :	10101011;
	9059 :	00101010;
	9058 :	10101011;
	9057 :	10001011;
	9056 :	10111011;
	9055 :	10001101;
	9054 :	10110011;
	9053 :	10001011;
	9052 :	10111011;
	9051 :	10001101;
	9050 :	10110011;
	9049 :	10001011;
	9048 :	10111011;
	9047 :	10001011;
	9046 :	11000011;
	9045 :	00001101;
	9044 :	11000100;
	9043 :	10110011;
	9042 :	11101101;
	9041 :	00110001;
	9040 :	11001101;
	9039 :	10110011;
	9038 :	11101101;
	9037 :	01010100;
	9036 :	11100101;
	9035 :	10001011;
	9034 :	11100011;
	9033 :	10101000;
	9032 :	11100010;
	9031 :	11101010;
	9030 :	11001010;
	9029 :	11010111;
	9028 :	11100101;
	9027 :	00011101;
	9026 :	11011111;
	9025 :	00111111;
	9024 :	11100111;
	9023 :	00111111;
	9022 :	11100111;
	9021 :	00111111;
	9020 :	11100111;
	9019 :	00111111;
	9018 :	11100111;
	9017 :	01011111;
	9016 :	11110111;
	9015 :	00111111;
	9014 :	11100111;
	9013 :	01011111;
	9012 :	11110111;
	9011 :	10011111;
	9010 :	11101111;
	9009 :	10011111;
	9008 :	11101111;
	9007 :	10011111;
	9006 :	11101111;
	9005 :	00011101;
	9004 :	11011111;
	9003 :	10011111;
	9002 :	11101111;
	9001 :	00111111;
	9000 :	11100111;
	8999 :	00111111;
	8998 :	11100111;
	8997 :	10011111;
	8996 :	11101111;
	8995 :	00111111;
	8994 :	11100111;
	8993 :	01011111;
	8992 :	11110111;
	8991 :	01011111;
	8990 :	11110111;
	8989 :	01111110;
	8988 :	11010110;
	8987 :	01011110;
	8986 :	11001110;
	8985 :	00011100;
	8984 :	10111110;
	8983 :	00111100;
	8982 :	11000110;
	8981 :	01011110;
	8980 :	11001110;
	8979 :	11111100;
	8978 :	11000101;
	8977 :	00111100;
	8976 :	11000110;
	8975 :	01011110;
	8974 :	11001110;
	8973 :	11111100;
	8972 :	11000101;
	8971 :	01011110;
	8970 :	11001110;
	8969 :	01011110;
	8968 :	11001110;
	8967 :	01011110;
	8966 :	11001110;
	8965 :	01011110;
	8964 :	11001110;
	8963 :	01011110;
	8962 :	11001110;
	8961 :	01011110;
	8960 :	11001110;
	8959 :	00011011;
	8958 :	11000110;
	8957 :	10011010;
	8956 :	10101101;
	8955 :	00011011;
	8954 :	10111110;
	8953 :	10011101;
	8952 :	11001110;
	8951 :	00011100;
	8950 :	10111110;
	8949 :	11111100;
	8948 :	10111101;
	8947 :	10011010;
	8946 :	10101101;
	8945 :	10011010;
	8944 :	10101101;
	8943 :	10011010;
	8942 :	10101101;
	8941 :	10011001;
	8940 :	10101101;
	8939 :	01111010;
	8938 :	10101101;
	8937 :	01011000;
	8936 :	10101101;
	8935 :	01011000;
	8934 :	10101101;
	8933 :	01011000;
	8932 :	10101101;
	8931 :	01011000;
	8930 :	10101101;
	8929 :	01111010;
	8928 :	10101101;
	8927 :	01111010;
	8926 :	10101101;
	8925 :	11110110;
	8924 :	10110100;
	8923 :	01011000;
	8922 :	10101101;
	8921 :	01011000;
	8920 :	10101101;
	8919 :	01111010;
	8918 :	10110101;
	8917 :	00111000;
	8916 :	10011101;
	8915 :	11011010;
	8914 :	10111101;
	8913 :	01111110;
	8912 :	11010110;
	8911 :	00111100;
	8910 :	11000110;
	8909 :	01111100;
	8908 :	11010110;
	8907 :	00111100;
	8906 :	11000110;
	8905 :	10011110;
	8904 :	11001110;
	8903 :	01011000;
	8902 :	10101101;
	8901 :	00110111;
	8900 :	10101101;
	8899 :	01011000;
	8898 :	10101101;
	8897 :	00110111;
	8896 :	10101101;
	8895 :	01011000;
	8894 :	10101101;
	8893 :	00110111;
	8892 :	10101101;
	8891 :	00110111;
	8890 :	10101101;
	8889 :	01011000;
	8888 :	10101101;
	8887 :	00110111;
	8886 :	10101101;
	8885 :	00110111;
	8884 :	10101101;
	8883 :	01011000;
	8882 :	10101101;
	8881 :	01011000;
	8880 :	10101101;
	8879 :	00110111;
	8878 :	10101101;
	8877 :	00110111;
	8876 :	10101101;
	8875 :	00110111;
	8874 :	10101101;
	8873 :	01011000;
	8872 :	10101101;
	8871 :	11110110;
	8870 :	10100100;
	8869 :	00110111;
	8868 :	10101101;
	8867 :	01011000;
	8866 :	10101101;
	8865 :	10111101;
	8864 :	11100110;
	8863 :	01111100;
	8862 :	11010110;
	8861 :	01111100;
	8860 :	11010110;
	8859 :	00011011;
	8858 :	11000110;
	8857 :	00011011;
	8856 :	11000110;
	8855 :	10011011;
	8854 :	11010110;
	8853 :	00111100;
	8852 :	11000110;
	8851 :	01111100;
	8850 :	11010110;
	8849 :	00011011;
	8848 :	11000110;
	8847 :	01010110;
	8846 :	11111110;
	8845 :	00001001;
	8844 :	10011011;
	8843 :	01000110;
	8842 :	10001010;
	8841 :	10001101;
	8840 :	10110011;
	8839 :	11110000;
	8838 :	11001011;
	8837 :	10001101;
	8836 :	10110011;
	8835 :	11110000;
	8834 :	11001011;
	8833 :	01010010;
	8832 :	11001100;
	8831 :	11001101;
	8830 :	11000011;
	8829 :	01000110;
	8828 :	10001010;
	8827 :	11100110;
	8826 :	01110001;
	8825 :	11000001;
	8824 :	01101000;
	8823 :	10101000;
	8822 :	10010010;
	8821 :	10001101;
	8820 :	10110011;
	8819 :	01010001;
	8818 :	11010100;
	8817 :	11110010;
	8816 :	11101100;
	8815 :	00101111;
	8814 :	11010100;
	8813 :	00101111;
	8812 :	11000100;
	8811 :	01001011;
	8810 :	10110011;
	8809 :	00001001;
	8808 :	10100011;
	8807 :	00101010;
	8806 :	10101011;
	8805 :	10001011;
	8804 :	10111011;
	8803 :	10001101;
	8802 :	10110011;
	8801 :	10001101;
	8800 :	10110011;
	8799 :	10001011;
	8798 :	10111011;
	8797 :	10001011;
	8796 :	10101011;
	8795 :	10001011;
	8794 :	10111011;
	8793 :	10001011;
	8792 :	11000011;
	8791 :	10101001;
	8790 :	10110011;
	8789 :	10001011;
	8788 :	10111011;
	8787 :	01010010;
	8786 :	11100101;
	8785 :	00101110;
	8784 :	10110100;
	8783 :	01010010;
	8782 :	11011101;
	8781 :	00010101;
	8780 :	11100110;
	8779 :	11001111;
	8778 :	11010100;
	8777 :	11110010;
	8776 :	11101100;
	8775 :	01010110;
	8774 :	11010101;
	8773 :	01111100;
	8772 :	11100110;
	8771 :	00011111;
	8770 :	11011111;
	8769 :	11011110;
	8768 :	11011110;
	8767 :	00011101;
	8766 :	11011111;
	8765 :	01011111;
	8764 :	11110111;
	8763 :	00111111;
	8762 :	11100111;
	8761 :	00111111;
	8760 :	11100111;
	8759 :	00011101;
	8758 :	11011111;
	8757 :	00011111;
	8756 :	11011111;
	8755 :	00111111;
	8754 :	11100111;
	8753 :	10011111;
	8752 :	11101111;
	8751 :	00111111;
	8750 :	11100111;
	8749 :	00111111;
	8748 :	11100111;
	8747 :	00011101;
	8746 :	11011111;
	8745 :	01011111;
	8744 :	11110111;
	8743 :	00111111;
	8742 :	11100111;
	8741 :	00011111;
	8740 :	11011111;
	8739 :	01111100;
	8738 :	11010110;
	8737 :	00111100;
	8736 :	11000110;
	8735 :	11111100;
	8734 :	11000101;
	8733 :	00111100;
	8732 :	11000110;
	8731 :	11111100;
	8730 :	11000101;
	8729 :	01011110;
	8728 :	11001110;
	8727 :	00011100;
	8726 :	10111110;
	8725 :	00111100;
	8724 :	11000110;
	8723 :	01011110;
	8722 :	11001110;
	8721 :	11111100;
	8720 :	11000101;
	8719 :	11111100;
	8718 :	11000101;
	8717 :	01011110;
	8716 :	11001110;
	8715 :	11111100;
	8714 :	11000101;
	8713 :	01011110;
	8712 :	11001110;
	8711 :	00011100;
	8710 :	10111110;
	8709 :	01011110;
	8708 :	11001110;
	8707 :	01011110;
	8706 :	11001110;
	8705 :	01011110;
	8704 :	11001110;
	8703 :	00111111;
	8702 :	11100111;
	8701 :	00111111;
	8700 :	11100111;
	8699 :	00111111;
	8698 :	11100111;
	8697 :	10011110;
	8696 :	11001110;
	8695 :	01011110;
	8694 :	11001110;
	8693 :	00011100;
	8692 :	10111110;
	8691 :	10011010;
	8690 :	10101101;
	8689 :	11011010;
	8688 :	10111101;
	8687 :	01111010;
	8686 :	10101101;
	8685 :	01111010;
	8684 :	10101101;
	8683 :	00111000;
	8682 :	10011101;
	8681 :	01111010;
	8680 :	10101101;
	8679 :	01011000;
	8678 :	10101101;
	8677 :	01011000;
	8676 :	10101101;
	8675 :	01011000;
	8674 :	10101101;
	8673 :	01011000;
	8672 :	10101101;
	8671 :	01011000;
	8670 :	10101101;
	8669 :	00111000;
	8668 :	10011101;
	8667 :	01011000;
	8666 :	10101101;
	8665 :	00111000;
	8664 :	10011101;
	8663 :	00111000;
	8662 :	10011101;
	8661 :	01011000;
	8660 :	10101101;
	8659 :	01011000;
	8658 :	10101101;
	8657 :	01011000;
	8656 :	10101101;
	8655 :	01111010;
	8654 :	10110101;
	8653 :	01011000;
	8652 :	10101101;
	8651 :	11110110;
	8650 :	10100100;
	8649 :	11011010;
	8648 :	10111101;
	8647 :	01111000;
	8646 :	10110101;
	8645 :	00110111;
	8644 :	10101101;
	8643 :	01011000;
	8642 :	10101101;
	8641 :	01011000;
	8640 :	10101101;
	8639 :	00110111;
	8638 :	10101101;
	8637 :	01011000;
	8636 :	10101101;
	8635 :	00110111;
	8634 :	10101101;
	8633 :	00110111;
	8632 :	10101101;
	8631 :	00110111;
	8630 :	10101101;
	8629 :	00111000;
	8628 :	10011101;
	8627 :	00011001;
	8626 :	10111110;
	8625 :	01111100;
	8624 :	11010110;
	8623 :	00110111;
	8622 :	10101101;
	8621 :	01011000;
	8620 :	10101101;
	8619 :	00110111;
	8618 :	10101101;
	8617 :	00110111;
	8616 :	10101101;
	8615 :	01011000;
	8614 :	10101101;
	8613 :	11110110;
	8612 :	10100100;
	8611 :	00110111;
	8610 :	10101101;
	8609 :	01111000;
	8608 :	10110101;
	8607 :	11111110;
	8606 :	11100110;
	8605 :	11111110;
	8604 :	11100110;
	8603 :	01111100;
	8602 :	11010110;
	8601 :	01111100;
	8600 :	11010110;
	8599 :	11111110;
	8598 :	11100110;
	8597 :	00111111;
	8596 :	11100111;
	8595 :	10111101;
	8594 :	11010110;
	8593 :	00110111;
	8592 :	11100110;
	8591 :	00101010;
	8590 :	10010011;
	8589 :	00001001;
	8588 :	10011011;
	8587 :	01000110;
	8586 :	10001010;
	8585 :	10001101;
	8584 :	10110011;
	8583 :	01110010;
	8582 :	11010100;
	8581 :	11010000;
	8580 :	10101011;
	8579 :	10001101;
	8578 :	10110011;
	8577 :	10001101;
	8576 :	10110011;
	8575 :	01110010;
	8574 :	11010100;
	8573 :	10110001;
	8572 :	11010100;
	8571 :	00101111;
	8570 :	11010100;
	8569 :	00101111;
	8568 :	11010100;
	8567 :	10001101;
	8566 :	10110011;
	8565 :	11001001;
	8564 :	10100010;
	8563 :	11001101;
	8562 :	11000011;
	8561 :	10010010;
	8560 :	11010100;
	8559 :	10110001;
	8558 :	11010100;
	8557 :	01010000;
	8556 :	11001100;
	8555 :	10001011;
	8554 :	10111011;
	8553 :	11001001;
	8552 :	10100010;
	8551 :	00101010;
	8550 :	10101011;
	8549 :	10101000;
	8548 :	10010010;
	8547 :	01001011;
	8546 :	10110011;
	8545 :	00101010;
	8544 :	10101011;
	8543 :	01000110;
	8542 :	10001010;
	8541 :	00101010;
	8540 :	10101011;
	8539 :	00101010;
	8538 :	10101011;
	8537 :	10101000;
	8536 :	10010010;
	8535 :	00101001;
	8534 :	10110011;
	8533 :	10101001;
	8532 :	10110011;
	8531 :	00001011;
	8530 :	10111100;
	8529 :	00010011;
	8528 :	11111110;
	8527 :	10110011;
	8526 :	11101101;
	8525 :	10110100;
	8524 :	11100101;
	8523 :	00110101;
	8522 :	11000101;
	8521 :	01010110;
	8520 :	11010101;
	8519 :	11111010;
	8518 :	11000101;
	8517 :	11011110;
	8516 :	11011110;
	8515 :	10111101;
	8514 :	11010110;
	8513 :	00011101;
	8512 :	11011111;
	8511 :	00011111;
	8510 :	11011111;
	8509 :	00111111;
	8508 :	11100111;
	8507 :	00011111;
	8506 :	11011111;
	8505 :	00011111;
	8504 :	11011111;
	8503 :	00011111;
	8502 :	11011111;
	8501 :	11011110;
	8500 :	11011110;
	8499 :	10011111;
	8498 :	11101111;
	8497 :	00111111;
	8496 :	11100111;
	8495 :	00111111;
	8494 :	11100111;
	8493 :	00011111;
	8492 :	11011111;
	8491 :	00011111;
	8490 :	11011111;
	8489 :	00111111;
	8488 :	11100111;
	8487 :	00011111;
	8486 :	11011111;
	8485 :	11011110;
	8484 :	11011110;
	8483 :	00111100;
	8482 :	11000110;
	8481 :	00111100;
	8480 :	11000110;
	8479 :	00111100;
	8478 :	11000110;
	8477 :	00011100;
	8476 :	10111110;
	8475 :	00111100;
	8474 :	11000110;
	8473 :	00011100;
	8472 :	10111110;
	8471 :	01011110;
	8470 :	11001110;
	8469 :	00011100;
	8468 :	10111110;
	8467 :	00011100;
	8466 :	10111110;
	8465 :	01011110;
	8464 :	11001110;
	8463 :	11111100;
	8462 :	10111101;
	8461 :	01011110;
	8460 :	11001110;
	8459 :	11111100;
	8458 :	11000101;
	8457 :	11111100;
	8456 :	10111101;
	8455 :	01011110;
	8454 :	11001110;
	8453 :	00011100;
	8452 :	10111110;
	8451 :	01011110;
	8450 :	11001110;
	8449 :	00011100;
	8448 :	10111110;
	8447 :	00011100;
	8446 :	10111110;
	8445 :	10011101;
	8444 :	11001110;
	8443 :	10011101;
	8442 :	11001110;
	8441 :	10011110;
	8440 :	11001110;
	8439 :	00011111;
	8438 :	11011111;
	8437 :	00011100;
	8436 :	10111110;
	8435 :	10011010;
	8434 :	10101101;
	8433 :	01111010;
	8432 :	10101101;
	8431 :	01111010;
	8430 :	10101101;
	8429 :	01111010;
	8428 :	10101101;
	8427 :	01111010;
	8426 :	10101101;
	8425 :	00111000;
	8424 :	10011101;
	8423 :	10011010;
	8422 :	10101101;
	8421 :	01011000;
	8420 :	10101101;
	8419 :	01011000;
	8418 :	10101101;
	8417 :	01011000;
	8416 :	10101101;
	8415 :	01011000;
	8414 :	10101101;
	8413 :	01011000;
	8412 :	10101101;
	8411 :	01011000;
	8410 :	10101101;
	8409 :	01011000;
	8408 :	10101101;
	8407 :	01011000;
	8406 :	10101101;
	8405 :	00111000;
	8404 :	10011101;
	8403 :	01011000;
	8402 :	10101101;
	8401 :	01011000;
	8400 :	10101101;
	8399 :	01111110;
	8398 :	11010110;
	8397 :	11111110;
	8396 :	11100110;
	8395 :	11111110;
	8394 :	11100110;
	8393 :	00111100;
	8392 :	11000110;
	8391 :	01011000;
	8390 :	10101101;
	8389 :	01011000;
	8388 :	10101101;
	8387 :	00110111;
	8386 :	10101101;
	8385 :	01011000;
	8384 :	10101101;
	8383 :	01011000;
	8382 :	10101101;
	8381 :	00110111;
	8380 :	10101101;
	8379 :	00110111;
	8378 :	10101101;
	8377 :	00111000;
	8376 :	10011101;
	8375 :	01011000;
	8374 :	10101101;
	8373 :	00110111;
	8372 :	10101101;
	8371 :	01011000;
	8370 :	10101101;
	8369 :	10011001;
	8368 :	10110101;
	8367 :	00110111;
	8366 :	10101101;
	8365 :	00110111;
	8364 :	10101101;
	8363 :	00110111;
	8362 :	10101101;
	8361 :	01011000;
	8360 :	10101101;
	8359 :	11110110;
	8358 :	10100100;
	8357 :	00111000;
	8356 :	10011101;
	8355 :	00110111;
	8354 :	10101101;
	8353 :	11110110;
	8352 :	10110100;
	8351 :	01011000;
	8350 :	10101101;
	8349 :	01011000;
	8348 :	10101101;
	8347 :	01111000;
	8346 :	11000101;
	8345 :	01111000;
	8344 :	10110101;
	8343 :	10111001;
	8342 :	11000101;
	8341 :	01111000;
	8340 :	10110101;
	8339 :	00110111;
	8338 :	10101101;
	8337 :	10110111;
	8336 :	11010101;
	8335 :	10100111;
	8334 :	10010010;
	8333 :	01000110;
	8332 :	10001010;
	8331 :	01000110;
	8330 :	10001010;
	8329 :	10001101;
	8328 :	10110011;
	8327 :	01010010;
	8326 :	11001100;
	8325 :	11110000;
	8324 :	11001011;
	8323 :	11110000;
	8322 :	11001011;
	8321 :	11010000;
	8320 :	10101011;
	8319 :	10101000;
	8318 :	10010010;
	8317 :	11001001;
	8316 :	10100010;
	8315 :	10101000;
	8314 :	10010010;
	8313 :	01000111;
	8312 :	10010010;
	8311 :	10101000;
	8310 :	10010010;
	8309 :	00101010;
	8308 :	10101011;
	8307 :	00101010;
	8306 :	10101011;
	8305 :	11001101;
	8304 :	11000011;
	8303 :	10110001;
	8302 :	11010100;
	8301 :	00101111;
	8300 :	11010100;
	8299 :	00101010;
	8298 :	10101011;
	8297 :	11001001;
	8296 :	10100010;
	8295 :	11001001;
	8294 :	10100010;
	8293 :	10101000;
	8292 :	10010010;
	8291 :	01000110;
	8290 :	10001010;
	8289 :	11000100;
	8288 :	01110001;
	8287 :	11000100;
	8286 :	01110001;
	8285 :	11000100;
	8284 :	01110001;
	8283 :	11100101;
	8282 :	10000001;
	8281 :	00100100;
	8280 :	10010010;
	8279 :	01001011;
	8278 :	10110011;
	8277 :	01001011;
	8276 :	10110011;
	8275 :	00001011;
	8274 :	11000100;
	8273 :	01010001;
	8272 :	11100101;
	8271 :	00001001;
	8270 :	10011011;
	8269 :	00010101;
	8268 :	11100110;
	8267 :	10110010;
	8266 :	11001100;
	8265 :	01010110;
	8264 :	11000101;
	8263 :	10011001;
	8262 :	10110101;
	8261 :	11111010;
	8260 :	11000101;
	8259 :	00111100;
	8258 :	11000110;
	8257 :	10111101;
	8256 :	11010110;
	8255 :	01111100;
	8254 :	11010110;
	8253 :	11011110;
	8252 :	11011110;
	8251 :	00111111;
	8250 :	11100111;
	8249 :	10111101;
	8248 :	11010110;
	8247 :	00111100;
	8246 :	11000110;
	8245 :	01111100;
	8244 :	11010110;
	8243 :	00011111;
	8242 :	11011111;
	8241 :	00111111;
	8240 :	11100111;
	8239 :	10011111;
	8238 :	11101111;
	8237 :	10011111;
	8236 :	11101111;
	8235 :	10011111;
	8234 :	11101111;
	8233 :	01011111;
	8232 :	11110111;
	8231 :	00111111;
	8230 :	11100111;
	8229 :	11011110;
	8228 :	11011110;
	8227 :	11111100;
	8226 :	11000101;
	8225 :	00111100;
	8224 :	11000110;
	8223 :	11111100;
	8222 :	11000101;
	8221 :	11111100;
	8220 :	11000101;
	8219 :	11111100;
	8218 :	11000101;
	8217 :	00011100;
	8216 :	10111110;
	8215 :	00111100;
	8214 :	11000110;
	8213 :	00011100;
	8212 :	10111110;
	8211 :	00011100;
	8210 :	10111110;
	8209 :	11111100;
	8208 :	10111101;
	8207 :	01011110;
	8206 :	11001110;
	8205 :	11111100;
	8204 :	11000101;
	8203 :	11111100;
	8202 :	10111101;
	8201 :	01011110;
	8200 :	11001110;
	8199 :	11111100;
	8198 :	10111101;
	8197 :	00111100;
	8196 :	11000110;
	8195 :	00011100;
	8194 :	10111110;
	8193 :	00011100;
	8192 :	10111110;
	8191 :	00111111;
	8190 :	11100111;
	8189 :	00111111;
	8188 :	11100111;
	8187 :	00111111;
	8186 :	11100111;
	8185 :	00111111;
	8184 :	11100111;
	8183 :	10011101;
	8182 :	11001110;
	8181 :	00011111;
	8180 :	11011111;
	8179 :	00011111;
	8178 :	11011111;
	8177 :	00011111;
	8176 :	11011111;
	8175 :	00111111;
	8174 :	11100111;
	8173 :	00011111;
	8172 :	11011111;
	8171 :	00111111;
	8170 :	11100111;
	8169 :	00011111;
	8168 :	11011111;
	8167 :	10011010;
	8166 :	10101101;
	8165 :	01111010;
	8164 :	10101101;
	8163 :	10011001;
	8162 :	10101101;
	8161 :	01111010;
	8160 :	10101101;
	8159 :	01011000;
	8158 :	10101101;
	8157 :	01111010;
	8156 :	10101101;
	8155 :	01011000;
	8154 :	10101101;
	8153 :	01011000;
	8152 :	10101101;
	8151 :	00111000;
	8150 :	10011101;
	8149 :	01011000;
	8148 :	10101101;
	8147 :	00111000;
	8146 :	10011101;
	8145 :	01011000;
	8144 :	10101101;
	8143 :	01111010;
	8142 :	10101101;
	8141 :	01111000;
	8140 :	10110101;
	8139 :	00111100;
	8138 :	11000110;
	8137 :	11111100;
	8136 :	11000101;
	8135 :	01111000;
	8134 :	10110101;
	8133 :	01111000;
	8132 :	10110101;
	8131 :	01011000;
	8130 :	10101101;
	8129 :	01011000;
	8128 :	10101101;
	8127 :	00110111;
	8126 :	10101101;
	8125 :	01011000;
	8124 :	10101101;
	8123 :	00110111;
	8122 :	10101101;
	8121 :	00110111;
	8120 :	10101101;
	8119 :	01011000;
	8118 :	10101101;
	8117 :	00111000;
	8116 :	10011101;
	8115 :	00011001;
	8114 :	10111110;
	8113 :	10011101;
	8112 :	11001110;
	8111 :	00011011;
	8110 :	11000110;
	8109 :	01011000;
	8108 :	10101101;
	8107 :	00110111;
	8106 :	10101101;
	8105 :	00110111;
	8104 :	10101101;
	8103 :	00110111;
	8102 :	10101101;
	8101 :	00110111;
	8100 :	10101101;
	8099 :	11110110;
	8098 :	10110100;
	8097 :	11110110;
	8096 :	10100100;
	8095 :	11110110;
	8094 :	10100100;
	8093 :	11110110;
	8092 :	10100100;
	8091 :	01111000;
	8090 :	10110101;
	8089 :	01111000;
	8088 :	10110101;
	8087 :	10011011;
	8086 :	11010110;
	8085 :	00011011;
	8084 :	11000110;
	8083 :	00111011;
	8082 :	11010110;
	8081 :	00101110;
	8080 :	10110100;
	8079 :	10000101;
	8078 :	10001010;
	8077 :	01000110;
	8076 :	10001010;
	8075 :	10101000;
	8074 :	10010010;
	8073 :	10001101;
	8072 :	10110011;
	8071 :	01010010;
	8070 :	11001100;
	8069 :	01010010;
	8068 :	11001100;
	8067 :	10010010;
	8066 :	11010100;
	8065 :	10010010;
	8064 :	11010100;
	8063 :	10010010;
	8062 :	11010100;
	8061 :	11110010;
	8060 :	11101100;
	8059 :	11110000;
	8058 :	11001011;
	8057 :	10001101;
	8056 :	10110011;
	8055 :	11001001;
	8054 :	10100010;
	8053 :	11001001;
	8052 :	10100010;
	8051 :	11001001;
	8050 :	10100010;
	8049 :	00101010;
	8048 :	10101011;
	8047 :	11001101;
	8046 :	11000011;
	8045 :	00101111;
	8044 :	11000100;
	8043 :	10001011;
	8042 :	10111011;
	8041 :	00001001;
	8040 :	10100011;
	8039 :	10101000;
	8038 :	10010010;
	8037 :	00101001;
	8036 :	10110011;
	8035 :	10001101;
	8034 :	10110011;
	8033 :	10001011;
	8032 :	11000011;
	8031 :	10001101;
	8030 :	10110011;
	8029 :	10001101;
	8028 :	10110011;
	8027 :	10001011;
	8026 :	10111011;
	8025 :	10001011;
	8024 :	10111011;
	8023 :	10101001;
	8022 :	10110011;
	8021 :	00001011;
	8020 :	11000100;
	8019 :	00101111;
	8018 :	11100101;
	8017 :	10101000;
	8016 :	11000011;
	8015 :	11000110;
	8014 :	10110010;
	8013 :	01010010;
	8012 :	11011101;
	8011 :	10110010;
	8010 :	11001100;
	8009 :	00110101;
	8008 :	10110101;
	8007 :	00110111;
	8006 :	10110101;
	8005 :	00110111;
	8004 :	10110101;
	8003 :	01111000;
	8002 :	10110101;
	8001 :	11011110;
	8000 :	11011110;
	7999 :	00111111;
	7998 :	11100111;
	7997 :	00111111;
	7996 :	11100111;
	7995 :	00111111;
	7994 :	11100111;
	7993 :	00111111;
	7992 :	11100111;
	7991 :	00111111;
	7990 :	11100111;
	7989 :	11011110;
	7988 :	11011110;
	7987 :	01011111;
	7986 :	11110111;
	7985 :	00111111;
	7984 :	11100111;
	7983 :	10011111;
	7982 :	11101111;
	7981 :	00111111;
	7980 :	11100111;
	7979 :	10011111;
	7978 :	11101111;
	7977 :	00111111;
	7976 :	11100111;
	7975 :	10111101;
	7974 :	11010110;
	7973 :	00111100;
	7972 :	11000110;
	7971 :	11011010;
	7970 :	10111101;
	7969 :	00011011;
	7968 :	11000110;
	7967 :	11111100;
	7966 :	11000101;
	7965 :	11111100;
	7964 :	11000101;
	7963 :	11111100;
	7962 :	11000101;
	7961 :	11111100;
	7960 :	11000101;
	7959 :	11111100;
	7958 :	11000101;
	7957 :	11011110;
	7956 :	11011110;
	7955 :	01011110;
	7954 :	11001110;
	7953 :	00111100;
	7952 :	11000110;
	7951 :	11111100;
	7950 :	10111101;
	7949 :	01011110;
	7948 :	11001110;
	7947 :	11111100;
	7946 :	10111101;
	7945 :	01011110;
	7944 :	11001110;
	7943 :	01011110;
	7942 :	11001110;
	7941 :	01011110;
	7940 :	11001110;
	7939 :	00011100;
	7938 :	10111110;
	7937 :	01011110;
	7936 :	11001110;
	7935 :	00011111;
	7934 :	11011111;
	7933 :	10011111;
	7932 :	11101111;
	7931 :	00111111;
	7930 :	11100111;
	7929 :	00111111;
	7928 :	11100111;
	7927 :	10011110;
	7926 :	11001110;
	7925 :	10011110;
	7924 :	11001110;
	7923 :	10011110;
	7922 :	11001110;
	7921 :	00111100;
	7920 :	11000110;
	7919 :	00111100;
	7918 :	11000110;
	7917 :	00111100;
	7916 :	11000110;
	7915 :	00111100;
	7914 :	11000110;
	7913 :	10011110;
	7912 :	11001110;
	7911 :	01011110;
	7910 :	11001110;
	7909 :	11111100;
	7908 :	10111101;
	7907 :	01111010;
	7906 :	10101101;
	7905 :	01011000;
	7904 :	10101101;
	7903 :	01111010;
	7902 :	10101101;
	7901 :	00111000;
	7900 :	10011101;
	7899 :	01011000;
	7898 :	10101101;
	7897 :	01011000;
	7896 :	10101101;
	7895 :	01011000;
	7894 :	10101101;
	7893 :	01011000;
	7892 :	10101101;
	7891 :	01011000;
	7890 :	10101101;
	7889 :	00111000;
	7888 :	10011101;
	7887 :	01011000;
	7886 :	10101101;
	7885 :	01011000;
	7884 :	10101101;
	7883 :	00110111;
	7882 :	10101101;
	7881 :	00111100;
	7880 :	11000110;
	7879 :	11111100;
	7878 :	11000101;
	7877 :	11110110;
	7876 :	10110100;
	7875 :	00111000;
	7874 :	10011101;
	7873 :	11110110;
	7872 :	10100100;
	7871 :	01011000;
	7870 :	10101101;
	7869 :	01011000;
	7868 :	10101101;
	7867 :	00110111;
	7866 :	10101101;
	7865 :	01011000;
	7864 :	10101101;
	7863 :	00110111;
	7862 :	10101101;
	7861 :	00110111;
	7860 :	10101101;
	7859 :	11011010;
	7858 :	10111101;
	7857 :	00011011;
	7856 :	11000110;
	7855 :	10011001;
	7854 :	10110101;
	7853 :	00111100;
	7852 :	11000110;
	7851 :	00110111;
	7850 :	10101101;
	7849 :	00110111;
	7848 :	10101101;
	7847 :	01011000;
	7846 :	10101101;
	7845 :	11110110;
	7844 :	10100100;
	7843 :	00110111;
	7842 :	10101101;
	7841 :	00110111;
	7840 :	10101101;
	7839 :	01111000;
	7838 :	10110101;
	7837 :	11110110;
	7836 :	10110100;
	7835 :	01011000;
	7834 :	10101101;
	7833 :	00110111;
	7832 :	10110101;
	7831 :	00010101;
	7830 :	10101101;
	7829 :	00110111;
	7828 :	10110101;
	7827 :	01111000;
	7826 :	10110101;
	7825 :	10000111;
	7824 :	10001010;
	7823 :	10000111;
	7822 :	10001010;
	7821 :	10000111;
	7820 :	10001010;
	7819 :	01000110;
	7818 :	10001010;
	7817 :	11001101;
	7816 :	11000011;
	7815 :	11110000;
	7814 :	11001011;
	7813 :	01010010;
	7812 :	11001100;
	7811 :	10010010;
	7810 :	11010100;
	7809 :	01110010;
	7808 :	11010100;
	7807 :	11110110;
	7806 :	11101100;
	7805 :	10010010;
	7804 :	11010100;
	7803 :	10010010;
	7802 :	11010100;
	7801 :	10010010;
	7800 :	11010100;
	7799 :	10010010;
	7798 :	11010100;
	7797 :	01010000;
	7796 :	11001100;
	7795 :	00101111;
	7794 :	11000100;
	7793 :	11001101;
	7792 :	11000011;
	7791 :	01010000;
	7790 :	11001100;
	7789 :	00101111;
	7788 :	11010100;
	7787 :	11001101;
	7786 :	11000011;
	7785 :	10001011;
	7784 :	10111011;
	7783 :	10101000;
	7782 :	10010010;
	7781 :	01000110;
	7780 :	10001010;
	7779 :	11100101;
	7778 :	10000001;
	7777 :	00100101;
	7776 :	10000010;
	7775 :	11001001;
	7774 :	10100010;
	7773 :	00101001;
	7772 :	10110011;
	7771 :	01001011;
	7770 :	10110011;
	7769 :	11001001;
	7768 :	10100010;
	7767 :	10101001;
	7766 :	10110011;
	7765 :	00010011;
	7764 :	11111110;
	7763 :	00001011;
	7762 :	11000100;
	7761 :	10101000;
	7760 :	11000011;
	7759 :	00100110;
	7758 :	10110011;
	7757 :	00001011;
	7756 :	11000100;
	7755 :	10110001;
	7754 :	11001100;
	7753 :	11110101;
	7752 :	10110100;
	7751 :	00110111;
	7750 :	10101101;
	7749 :	01111000;
	7748 :	11000101;
	7747 :	10011001;
	7746 :	10110101;
	7745 :	00110111;
	7744 :	10101101;
	7743 :	01111000;
	7742 :	10110101;
	7741 :	01111000;
	7740 :	10110101;
	7739 :	10011001;
	7738 :	10110101;
	7737 :	10011001;
	7736 :	10110101;
	7735 :	01111000;
	7734 :	10110101;
	7733 :	00111000;
	7732 :	10011101;
	7731 :	00110111;
	7730 :	10101101;
	7729 :	01011000;
	7728 :	10101101;
	7727 :	10011001;
	7726 :	10110101;
	7725 :	00011001;
	7724 :	10111110;
	7723 :	11011010;
	7722 :	10111101;
	7721 :	00011001;
	7720 :	10111110;
	7719 :	11011010;
	7718 :	10111101;
	7717 :	00011011;
	7716 :	10111110;
	7715 :	11111100;
	7714 :	11000101;
	7713 :	11111100;
	7712 :	11000101;
	7711 :	11111100;
	7710 :	11000101;
	7709 :	11111100;
	7708 :	10111101;
	7707 :	11111100;
	7706 :	11000101;
	7705 :	11111100;
	7704 :	11000101;
	7703 :	11011110;
	7702 :	11011110;
	7701 :	11111110;
	7700 :	11110110;
	7699 :	11111100;
	7698 :	11000101;
	7697 :	00011100;
	7696 :	10111110;
	7695 :	11111100;
	7694 :	10111101;
	7693 :	11111100;
	7692 :	10111101;
	7691 :	01011110;
	7690 :	11001110;
	7689 :	11111100;
	7688 :	10111101;
	7687 :	00011100;
	7686 :	10111110;
	7685 :	00011100;
	7684 :	10111110;
	7683 :	00011100;
	7682 :	10111110;
	7681 :	00011100;
	7680 :	10111110;
	7679 :	00011111;
	7678 :	11011111;
	7677 :	00011111;
	7676 :	11011111;
	7675 :	00011111;
	7674 :	11011111;
	7673 :	00111111;
	7672 :	11100111;
	7671 :	10011110;
	7670 :	11001110;
	7669 :	00111111;
	7668 :	11100111;
	7667 :	10011110;
	7666 :	11001110;
	7665 :	10011110;
	7664 :	11001110;
	7663 :	11011110;
	7662 :	11011110;
	7661 :	00011111;
	7660 :	11011111;
	7659 :	00011111;
	7658 :	11011111;
	7657 :	00011111;
	7656 :	11011111;
	7655 :	00011111;
	7654 :	11011111;
	7653 :	00011100;
	7652 :	10111110;
	7651 :	00011011;
	7650 :	10111110;
	7649 :	10011010;
	7648 :	10101101;
	7647 :	01111010;
	7646 :	10101101;
	7645 :	01011000;
	7644 :	10101101;
	7643 :	01111010;
	7642 :	10101101;
	7641 :	01011000;
	7640 :	10101101;
	7639 :	00111000;
	7638 :	10011101;
	7637 :	01011000;
	7636 :	10101101;
	7635 :	01011000;
	7634 :	10101101;
	7633 :	01011000;
	7632 :	10101101;
	7631 :	01011000;
	7630 :	10101101;
	7629 :	00110111;
	7628 :	10101101;
	7627 :	01011000;
	7626 :	10101101;
	7625 :	00111000;
	7624 :	10011101;
	7623 :	01111010;
	7622 :	10110101;
	7621 :	01011000;
	7620 :	10101101;
	7619 :	00110111;
	7618 :	10101101;
	7617 :	01011000;
	7616 :	10101101;
	7615 :	00110111;
	7614 :	10101101;
	7613 :	01011000;
	7612 :	10101101;
	7611 :	00110111;
	7610 :	10101101;
	7609 :	00110111;
	7608 :	10101101;
	7607 :	01011000;
	7606 :	10101101;
	7605 :	11110110;
	7604 :	10100100;
	7603 :	11011010;
	7602 :	10111101;
	7601 :	00011011;
	7600 :	11000110;
	7599 :	10011001;
	7598 :	10110101;
	7597 :	00111100;
	7596 :	11000110;
	7595 :	10011001;
	7594 :	10110101;
	7593 :	00110111;
	7592 :	10101101;
	7591 :	00110111;
	7590 :	10101101;
	7589 :	11110110;
	7588 :	10100100;
	7587 :	00110111;
	7586 :	10101101;
	7585 :	00110111;
	7584 :	10101101;
	7583 :	11110110;
	7582 :	10110100;
	7581 :	11110110;
	7580 :	10110100;
	7579 :	11110110;
	7578 :	10100100;
	7577 :	00110111;
	7576 :	10110101;
	7575 :	00110101;
	7574 :	10110101;
	7573 :	00110111;
	7572 :	10110101;
	7571 :	10010100;
	7570 :	10111101;
	7569 :	10000101;
	7568 :	10001010;
	7567 :	00100101;
	7566 :	10000010;
	7565 :	10000111;
	7564 :	10001010;
	7563 :	10101000;
	7562 :	10010010;
	7561 :	11010000;
	7560 :	10101011;
	7559 :	11110000;
	7558 :	11001011;
	7557 :	01010010;
	7556 :	11001100;
	7555 :	00110011;
	7554 :	11101100;
	7553 :	10010010;
	7552 :	11010100;
	7551 :	10010010;
	7550 :	11010100;
	7549 :	11110110;
	7548 :	11101100;
	7547 :	10010010;
	7546 :	11010100;
	7545 :	10010010;
	7544 :	11010100;
	7543 :	01010010;
	7542 :	11001100;
	7541 :	10010010;
	7540 :	11010100;
	7539 :	01010000;
	7538 :	11001100;
	7537 :	11110000;
	7536 :	11001011;
	7535 :	01010000;
	7534 :	11001100;
	7533 :	10110001;
	7532 :	11010100;
	7531 :	01010001;
	7530 :	11010100;
	7529 :	00101111;
	7528 :	11000100;
	7527 :	10001011;
	7526 :	11000011;
	7525 :	10001011;
	7524 :	10101011;
	7523 :	11001001;
	7522 :	10100010;
	7521 :	01000111;
	7520 :	10010010;
	7519 :	01000110;
	7518 :	10001010;
	7517 :	11000010;
	7516 :	10000001;
	7515 :	11100101;
	7514 :	10000001;
	7513 :	00101001;
	7512 :	10110011;
	7511 :	11010010;
	7510 :	11110101;
	7509 :	01010001;
	7508 :	11100101;
	7507 :	10101001;
	7506 :	10110011;
	7505 :	00100110;
	7504 :	10110011;
	7503 :	10100100;
	7502 :	10101010;
	7501 :	10100111;
	7500 :	10100010;
	7499 :	01010010;
	7498 :	11011101;
	7497 :	11010100;
	7496 :	11000100;
	7495 :	00110111;
	7494 :	10110101;
	7493 :	01111000;
	7492 :	10110101;
	7491 :	10010111;
	7490 :	10111101;
	7489 :	10010111;
	7488 :	10111101;
	7487 :	11011010;
	7486 :	10111101;
	7485 :	00111111;
	7484 :	11100111;
	7483 :	00111111;
	7482 :	11100111;
	7481 :	00011111;
	7480 :	11011111;
	7479 :	10111101;
	7478 :	11010110;
	7477 :	10111101;
	7476 :	11100110;
	7475 :	11011110;
	7474 :	11011110;
	7473 :	11011110;
	7472 :	11011110;
	7471 :	10111101;
	7470 :	11010110;
	7469 :	00111100;
	7468 :	11000110;
	7467 :	00011011;
	7466 :	11000110;
	7465 :	11111010;
	7464 :	11000101;
	7463 :	00011011;
	7462 :	10111110;
	7461 :	11111100;
	7460 :	11000101;
	7459 :	11111100;
	7458 :	11000101;
	7457 :	11011010;
	7456 :	10111101;
	7455 :	11111100;
	7454 :	11000101;
	7453 :	11111100;
	7452 :	11000101;
	7451 :	11111100;
	7450 :	10111101;
	7449 :	11111100;
	7448 :	11000101;
	7447 :	11011010;
	7446 :	10111101;
	7445 :	00111100;
	7444 :	11000110;
	7443 :	11111100;
	7442 :	10111101;
	7441 :	00011100;
	7440 :	10111110;
	7439 :	11111100;
	7438 :	11000101;
	7437 :	11111100;
	7436 :	10111101;
	7435 :	01011110;
	7434 :	11001110;
	7433 :	11111100;
	7432 :	10111101;
	7431 :	11111100;
	7430 :	10111101;
	7429 :	00011100;
	7428 :	10111110;
	7427 :	00011100;
	7426 :	10111110;
	7425 :	00011100;
	7424 :	10111110;
	7423 :	00011111;
	7422 :	11011111;
	7421 :	00111111;
	7420 :	11100111;
	7419 :	00111111;
	7418 :	11100111;
	7417 :	00111111;
	7416 :	11100111;
	7415 :	00011111;
	7414 :	11011111;
	7413 :	00011111;
	7412 :	11011111;
	7411 :	00011111;
	7410 :	11011111;
	7409 :	10011110;
	7408 :	11001110;
	7407 :	00011111;
	7406 :	11011111;
	7405 :	00011111;
	7404 :	11011111;
	7403 :	11011110;
	7402 :	11011110;
	7401 :	10011110;
	7400 :	11001110;
	7399 :	10011110;
	7398 :	11001110;
	7397 :	00011100;
	7396 :	10111110;
	7395 :	10011110;
	7394 :	11001110;
	7393 :	00111100;
	7392 :	11000110;
	7391 :	00111000;
	7390 :	10011101;
	7389 :	01111010;
	7388 :	10110101;
	7387 :	00111000;
	7386 :	10011101;
	7385 :	01011000;
	7384 :	10101101;
	7383 :	01111010;
	7382 :	10101101;
	7381 :	01011000;
	7380 :	10101101;
	7379 :	01011000;
	7378 :	10101101;
	7377 :	01011000;
	7376 :	10101101;
	7375 :	00111000;
	7374 :	10011101;
	7373 :	01011000;
	7372 :	10101101;
	7371 :	01011000;
	7370 :	10101101;
	7369 :	01011000;
	7368 :	10101101;
	7367 :	00110111;
	7366 :	10101101;
	7365 :	01011000;
	7364 :	10101101;
	7363 :	00110111;
	7362 :	10101101;
	7361 :	00110111;
	7360 :	10101101;
	7359 :	00110111;
	7358 :	10101101;
	7357 :	01011000;
	7356 :	10101101;
	7355 :	00110111;
	7354 :	10101101;
	7353 :	01011000;
	7352 :	10101101;
	7351 :	00110111;
	7350 :	10101101;
	7349 :	01011000;
	7348 :	10101101;
	7347 :	01011000;
	7346 :	10101101;
	7345 :	10111101;
	7344 :	11010110;
	7343 :	01011000;
	7342 :	10101101;
	7341 :	10011001;
	7340 :	10110101;
	7339 :	00011011;
	7338 :	10111110;
	7337 :	00110111;
	7336 :	10101101;
	7335 :	00110111;
	7334 :	10101101;
	7333 :	00110111;
	7332 :	10101101;
	7331 :	11110110;
	7330 :	10100100;
	7329 :	00110111;
	7328 :	10101101;
	7327 :	11110110;
	7326 :	10100100;
	7325 :	00110111;
	7324 :	10110101;
	7323 :	00110111;
	7322 :	10110101;
	7321 :	00110111;
	7320 :	10110101;
	7319 :	00110111;
	7318 :	10110101;
	7317 :	00110111;
	7316 :	10110101;
	7315 :	10011001;
	7314 :	11011110;
	7313 :	10000111;
	7312 :	10001010;
	7311 :	00100101;
	7310 :	10000010;
	7309 :	10000111;
	7308 :	10001010;
	7307 :	10101000;
	7306 :	10010010;
	7305 :	10001101;
	7304 :	10110011;
	7303 :	11110000;
	7302 :	11001011;
	7301 :	01110010;
	7300 :	11010100;
	7299 :	10010010;
	7298 :	11010100;
	7297 :	10010010;
	7296 :	11010100;
	7295 :	00110011;
	7294 :	11101100;
	7293 :	10010010;
	7292 :	11010100;
	7291 :	10010010;
	7290 :	11010100;
	7289 :	10110001;
	7288 :	11010100;
	7287 :	10010010;
	7286 :	11010100;
	7285 :	01110010;
	7284 :	11010100;
	7283 :	01010001;
	7282 :	11010100;
	7281 :	01010001;
	7280 :	11010100;
	7279 :	00101111;
	7278 :	11000100;
	7277 :	01010001;
	7276 :	11010100;
	7275 :	01010001;
	7274 :	11010100;
	7273 :	00101111;
	7272 :	11010100;
	7271 :	00101111;
	7270 :	11000100;
	7269 :	11001101;
	7268 :	11000011;
	7267 :	11001101;
	7266 :	11000011;
	7265 :	10001011;
	7264 :	10111011;
	7263 :	01001011;
	7262 :	10110011;
	7261 :	10001011;
	7260 :	10111011;
	7259 :	00001001;
	7258 :	11000011;
	7257 :	00001011;
	7256 :	10111100;
	7255 :	00001101;
	7254 :	11000100;
	7253 :	00001011;
	7252 :	10111100;
	7251 :	10001000;
	7250 :	10101011;
	7249 :	00100110;
	7248 :	10110011;
	7247 :	00100110;
	7246 :	10110011;
	7245 :	11101001;
	7244 :	11010011;
	7243 :	01010010;
	7242 :	11100101;
	7241 :	10010010;
	7240 :	10101100;
	7239 :	00110111;
	7238 :	10110101;
	7237 :	01111000;
	7236 :	10110101;
	7235 :	01011000;
	7234 :	10101101;
	7233 :	01111000;
	7232 :	10110101;
	7231 :	00110111;
	7230 :	10101101;
	7229 :	00011111;
	7228 :	11011111;
	7227 :	11011110;
	7226 :	11011110;
	7225 :	00011101;
	7224 :	11011111;
	7223 :	00111100;
	7222 :	11000110;
	7221 :	00111100;
	7220 :	11000110;
	7219 :	00011011;
	7218 :	11000110;
	7217 :	11011010;
	7216 :	10111101;
	7215 :	11011010;
	7214 :	10111101;
	7213 :	10011001;
	7212 :	10110101;
	7211 :	11011010;
	7210 :	10111101;
	7209 :	11011010;
	7208 :	10111101;
	7207 :	00011011;
	7206 :	11000110;
	7205 :	11011010;
	7204 :	10111101;
	7203 :	11111100;
	7202 :	11000101;
	7201 :	11111100;
	7200 :	10111101;
	7199 :	11111100;
	7198 :	11000101;
	7197 :	11011010;
	7196 :	10111101;
	7195 :	10011111;
	7194 :	11110111;
	7193 :	00111111;
	7192 :	11100111;
	7191 :	11111110;
	7190 :	11100110;
	7189 :	11111110;
	7188 :	11100110;
	7187 :	01011110;
	7186 :	11001110;
	7185 :	00011100;
	7184 :	10111110;
	7183 :	11111100;
	7182 :	11000101;
	7181 :	11111100;
	7180 :	11000101;
	7179 :	11111100;
	7178 :	11000101;
	7177 :	11111100;
	7176 :	11000101;
	7175 :	01011110;
	7174 :	11001110;
	7173 :	11111100;
	7172 :	10111101;
	7171 :	11111100;
	7170 :	10111101;
	7169 :	00011100;
	7168 :	10111110;
	7167 :	00011111;
	7166 :	11011111;
	7165 :	00111111;
	7164 :	11100111;
	7163 :	10011111;
	7162 :	11101111;
	7161 :	00011111;
	7160 :	11011111;
	7159 :	00011111;
	7158 :	11011111;
	7157 :	00111111;
	7156 :	11100111;
	7155 :	00111111;
	7154 :	11100111;
	7153 :	10011110;
	7152 :	11001110;
	7151 :	11011110;
	7150 :	11011110;
	7149 :	10011110;
	7148 :	11001110;
	7147 :	00011111;
	7146 :	11011111;
	7145 :	00011111;
	7144 :	11011111;
	7143 :	10011110;
	7142 :	11001110;
	7141 :	00011100;
	7140 :	10111110;
	7139 :	10011110;
	7138 :	11001110;
	7137 :	10011110;
	7136 :	11001110;
	7135 :	00111000;
	7134 :	10011101;
	7133 :	00111000;
	7132 :	10011101;
	7131 :	00111000;
	7130 :	10011101;
	7129 :	01111010;
	7128 :	10101101;
	7127 :	00111000;
	7126 :	10011101;
	7125 :	01011000;
	7124 :	10101101;
	7123 :	01011000;
	7122 :	10101101;
	7121 :	01011000;
	7120 :	10101101;
	7119 :	01011000;
	7118 :	10101101;
	7117 :	00111000;
	7116 :	10011101;
	7115 :	00111000;
	7114 :	10011101;
	7113 :	01011000;
	7112 :	10101101;
	7111 :	01011000;
	7110 :	10101101;
	7109 :	00110111;
	7108 :	10101101;
	7107 :	00110111;
	7106 :	10101101;
	7105 :	01011000;
	7104 :	10101101;
	7103 :	01011000;
	7102 :	10101101;
	7101 :	01011000;
	7100 :	10101101;
	7099 :	01011000;
	7098 :	10101101;
	7097 :	00110111;
	7096 :	10101101;
	7095 :	01011000;
	7094 :	10101101;
	7093 :	11110110;
	7092 :	10110100;
	7091 :	00010110;
	7090 :	10011101;
	7089 :	11111110;
	7088 :	11100110;
	7087 :	11011010;
	7086 :	10111101;
	7085 :	00011011;
	7084 :	11000110;
	7083 :	00110111;
	7082 :	10101101;
	7081 :	00110111;
	7080 :	10101101;
	7079 :	00110111;
	7078 :	10101101;
	7077 :	11110110;
	7076 :	10100100;
	7075 :	00110111;
	7074 :	10101101;
	7073 :	00110111;
	7072 :	10101101;
	7071 :	00110111;
	7070 :	10110101;
	7069 :	00110111;
	7068 :	10101101;
	7067 :	00110111;
	7066 :	10110101;
	7065 :	00110111;
	7064 :	10110101;
	7063 :	00110111;
	7062 :	10110101;
	7061 :	00110111;
	7060 :	10110101;
	7059 :	00110111;
	7058 :	11100110;
	7057 :	10000101;
	7056 :	10001010;
	7055 :	00100100;
	7054 :	01111010;
	7053 :	01000110;
	7052 :	10001010;
	7051 :	10101000;
	7050 :	10010010;
	7049 :	10001101;
	7048 :	10110011;
	7047 :	11110000;
	7046 :	11001011;
	7045 :	01110010;
	7044 :	11010100;
	7043 :	10010010;
	7042 :	11010100;
	7041 :	10010010;
	7040 :	11010100;
	7039 :	10010010;
	7038 :	11010100;
	7037 :	10010010;
	7036 :	11010100;
	7035 :	10010010;
	7034 :	11010100;
	7033 :	01110010;
	7032 :	11010100;
	7031 :	01110010;
	7030 :	11010100;
	7029 :	01010000;
	7028 :	11001100;
	7027 :	01010001;
	7026 :	11010100;
	7025 :	00101111;
	7024 :	11010100;
	7023 :	01010000;
	7022 :	11001100;
	7021 :	01010001;
	7020 :	11010100;
	7019 :	01010001;
	7018 :	11010100;
	7017 :	10101111;
	7016 :	11000100;
	7015 :	00001101;
	7014 :	11000100;
	7013 :	11001101;
	7012 :	11000011;
	7011 :	10001011;
	7010 :	11000011;
	7009 :	00001011;
	7008 :	10111100;
	7007 :	10001011;
	7006 :	10111011;
	7005 :	10001011;
	7004 :	11000011;
	7003 :	01001011;
	7002 :	10110011;
	7001 :	00001011;
	7000 :	10111100;
	6999 :	11001111;
	6998 :	11010100;
	6997 :	11001111;
	6996 :	11010100;
	6995 :	00001011;
	6994 :	11000100;
	6993 :	11000110;
	6992 :	10110010;
	6991 :	10101000;
	6990 :	11000011;
	6989 :	01100011;
	6988 :	10110010;
	6987 :	10110001;
	6986 :	11010100;
	6985 :	10010010;
	6984 :	10101100;
	6983 :	10010111;
	6982 :	10111101;
	6981 :	10010111;
	6980 :	10111101;
	6979 :	01111000;
	6978 :	10110101;
	6977 :	01111000;
	6976 :	10110101;
	6975 :	10011001;
	6974 :	10101101;
	6973 :	10011001;
	6972 :	10110101;
	6971 :	10011001;
	6970 :	10110101;
	6969 :	10011001;
	6968 :	10110101;
	6967 :	10011001;
	6966 :	10110101;
	6965 :	10011001;
	6964 :	10110101;
	6963 :	10011001;
	6962 :	10110101;
	6961 :	11111010;
	6960 :	11000101;
	6959 :	11011010;
	6958 :	10111101;
	6957 :	11011010;
	6956 :	10111101;
	6955 :	11011010;
	6954 :	10111101;
	6953 :	11011010;
	6952 :	10111101;
	6951 :	11011010;
	6950 :	10111101;
	6949 :	11111100;
	6948 :	11000101;
	6947 :	11011010;
	6946 :	10111101;
	6945 :	11111100;
	6944 :	11000101;
	6943 :	11111100;
	6942 :	11000101;
	6941 :	01111110;
	6940 :	11010110;
	6939 :	01111110;
	6938 :	11010110;
	6937 :	11011110;
	6936 :	11011110;
	6935 :	11111110;
	6934 :	11100110;
	6933 :	11011110;
	6932 :	11011110;
	6931 :	00011100;
	6930 :	10111110;
	6929 :	00111100;
	6928 :	11000110;
	6927 :	11111100;
	6926 :	11000101;
	6925 :	01011110;
	6924 :	11001110;
	6923 :	11111100;
	6922 :	11000101;
	6921 :	11111100;
	6920 :	11000101;
	6919 :	01011110;
	6918 :	11001110;
	6917 :	00011100;
	6916 :	10111110;
	6915 :	01011110;
	6914 :	11001110;
	6913 :	00111100;
	6912 :	11000110;
	6911 :	10011111;
	6910 :	11101111;
	6909 :	00111111;
	6908 :	11100111;
	6907 :	00111111;
	6906 :	11100111;
	6905 :	00011111;
	6904 :	11011111;
	6903 :	00011111;
	6902 :	11011111;
	6901 :	00111111;
	6900 :	11100111;
	6899 :	00111111;
	6898 :	11100111;
	6897 :	10011110;
	6896 :	11001110;
	6895 :	01011110;
	6894 :	11001110;
	6893 :	00011111;
	6892 :	11011111;
	6891 :	00111111;
	6890 :	11100111;
	6889 :	11011110;
	6888 :	11011110;
	6887 :	10011110;
	6886 :	11001110;
	6885 :	01011110;
	6884 :	11001110;
	6883 :	01011110;
	6882 :	11001110;
	6881 :	10011110;
	6880 :	11001110;
	6879 :	10011110;
	6878 :	11001110;
	6877 :	00011100;
	6876 :	10111110;
	6875 :	10011101;
	6874 :	11001110;
	6873 :	00111000;
	6872 :	10011101;
	6871 :	01111010;
	6870 :	10101101;
	6869 :	00111000;
	6868 :	10011101;
	6867 :	01011000;
	6866 :	10101101;
	6865 :	01011000;
	6864 :	10101101;
	6863 :	01011000;
	6862 :	10101101;
	6861 :	01011000;
	6860 :	10101101;
	6859 :	00111000;
	6858 :	10011101;
	6857 :	01011000;
	6856 :	10101101;
	6855 :	00110111;
	6854 :	10101101;
	6853 :	00111000;
	6852 :	10011101;
	6851 :	01011000;
	6850 :	10101101;
	6849 :	11110110;
	6848 :	10100100;
	6847 :	00110111;
	6846 :	10101101;
	6845 :	00110111;
	6844 :	10101101;
	6843 :	01011000;
	6842 :	10101101;
	6841 :	11110110;
	6840 :	10100100;
	6839 :	01011000;
	6838 :	10101101;
	6837 :	00110111;
	6836 :	10101101;
	6835 :	00010110;
	6834 :	10011101;
	6833 :	10011001;
	6832 :	10101101;
	6831 :	10011001;
	6830 :	10110101;
	6829 :	01011000;
	6828 :	10101101;
	6827 :	00110111;
	6826 :	10101101;
	6825 :	11110110;
	6824 :	10100100;
	6823 :	00111000;
	6822 :	10011101;
	6821 :	00110111;
	6820 :	10101101;
	6819 :	00110111;
	6818 :	10101101;
	6817 :	00110111;
	6816 :	10101101;
	6815 :	00110111;
	6814 :	10110101;
	6813 :	00110111;
	6812 :	10110101;
	6811 :	00110111;
	6810 :	10110101;
	6809 :	00110111;
	6808 :	10110101;
	6807 :	00110111;
	6806 :	10101101;
	6805 :	10010100;
	6804 :	10111101;
	6803 :	00010101;
	6802 :	11100110;
	6801 :	10100101;
	6800 :	10010010;
	6799 :	00100100;
	6798 :	01111010;
	6797 :	01000110;
	6796 :	10001010;
	6795 :	10101000;
	6794 :	10010010;
	6793 :	00101010;
	6792 :	10010011;
	6791 :	01010001;
	6790 :	11010100;
	6789 :	01010010;
	6788 :	11001100;
	6787 :	10010010;
	6786 :	11010100;
	6785 :	10010010;
	6784 :	11010100;
	6783 :	10010010;
	6782 :	11010100;
	6781 :	10010010;
	6780 :	11010100;
	6779 :	10010010;
	6778 :	11010100;
	6777 :	01110010;
	6776 :	11010100;
	6775 :	01010000;
	6774 :	11001100;
	6773 :	00101111;
	6772 :	11010100;
	6771 :	01110010;
	6770 :	11010100;
	6769 :	01010001;
	6768 :	11010100;
	6767 :	00101111;
	6766 :	11010100;
	6765 :	01010000;
	6764 :	11001100;
	6763 :	00101111;
	6762 :	11010100;
	6761 :	01010000;
	6760 :	11001100;
	6759 :	00101111;
	6758 :	11000100;
	6757 :	00001101;
	6756 :	11000100;
	6755 :	11001101;
	6754 :	11000011;
	6753 :	10001101;
	6752 :	10110011;
	6751 :	10001011;
	6750 :	10111011;
	6749 :	01001011;
	6748 :	10110011;
	6747 :	01001011;
	6746 :	10110011;
	6745 :	10001011;
	6744 :	10111011;
	6743 :	10110001;
	6742 :	11001100;
	6741 :	10101111;
	6740 :	11000100;
	6739 :	10001011;
	6738 :	10101011;
	6737 :	00100110;
	6736 :	10110011;
	6735 :	10100100;
	6734 :	10101010;
	6733 :	01000100;
	6732 :	10100010;
	6731 :	11001111;
	6730 :	11010100;
	6729 :	00010011;
	6728 :	10110101;
	6727 :	01111000;
	6726 :	10110101;
	6725 :	01111000;
	6724 :	10110101;
	6723 :	10011001;
	6722 :	10101101;
	6721 :	10011001;
	6720 :	10110101;
	6719 :	01111000;
	6718 :	10110101;
	6717 :	01111000;
	6716 :	10110101;
	6715 :	10011001;
	6714 :	10110101;
	6713 :	10011001;
	6712 :	10110101;
	6711 :	11111010;
	6710 :	11000101;
	6709 :	01111010;
	6708 :	10110101;
	6707 :	01111010;
	6706 :	10110101;
	6705 :	10011001;
	6704 :	10110101;
	6703 :	11011010;
	6702 :	10111101;
	6701 :	11111100;
	6700 :	11000101;
	6699 :	11011010;
	6698 :	10111101;
	6697 :	11011010;
	6696 :	10111101;
	6695 :	11111100;
	6694 :	11000101;
	6693 :	11011010;
	6692 :	10111101;
	6691 :	11011010;
	6690 :	10111101;
	6689 :	11111100;
	6688 :	11000101;
	6687 :	11111100;
	6686 :	11000101;
	6685 :	11011010;
	6684 :	10111101;
	6683 :	01011110;
	6682 :	11001110;
	6681 :	11011110;
	6680 :	11011110;
	6679 :	11011110;
	6678 :	11011110;
	6677 :	11011110;
	6676 :	11011110;
	6675 :	00111100;
	6674 :	11000110;
	6673 :	00011100;
	6672 :	10111110;
	6671 :	01011110;
	6670 :	11001110;
	6669 :	11111100;
	6668 :	11000101;
	6667 :	11111100;
	6666 :	11000101;
	6665 :	01011110;
	6664 :	11001110;
	6663 :	11111100;
	6662 :	10111101;
	6661 :	01011110;
	6660 :	11001110;
	6659 :	00011100;
	6658 :	10111110;
	6657 :	00011100;
	6656 :	10111110;
	6655 :	10011111;
	6654 :	11101111;
	6653 :	00111111;
	6652 :	11100111;
	6651 :	00111111;
	6650 :	11100111;
	6649 :	00111111;
	6648 :	11100111;
	6647 :	00111111;
	6646 :	11100111;
	6645 :	10011111;
	6644 :	11101111;
	6643 :	00011111;
	6642 :	11011111;
	6641 :	01011110;
	6640 :	11001110;
	6639 :	11011110;
	6638 :	11011110;
	6637 :	11011110;
	6636 :	11011110;
	6635 :	00111100;
	6634 :	11000110;
	6633 :	11011110;
	6632 :	11011110;
	6631 :	01011110;
	6630 :	11001110;
	6629 :	00011100;
	6628 :	10111110;
	6627 :	10011010;
	6626 :	10101101;
	6625 :	11111100;
	6624 :	10111101;
	6623 :	10011010;
	6622 :	10101101;
	6621 :	01111010;
	6620 :	10101101;
	6619 :	01111010;
	6618 :	10101101;
	6617 :	01011110;
	6616 :	11001110;
	6615 :	01111010;
	6614 :	10101101;
	6613 :	10011010;
	6612 :	10101101;
	6611 :	01111010;
	6610 :	10101101;
	6609 :	00111000;
	6608 :	10011101;
	6607 :	01011000;
	6606 :	10101101;
	6605 :	01011000;
	6604 :	10101101;
	6603 :	01011000;
	6602 :	10101101;
	6601 :	01011000;
	6600 :	10101101;
	6599 :	00110111;
	6598 :	10101101;
	6597 :	01011000;
	6596 :	10101101;
	6595 :	01011000;
	6594 :	10101101;
	6593 :	01011000;
	6592 :	10101101;
	6591 :	01011000;
	6590 :	10101101;
	6589 :	01011000;
	6588 :	10101101;
	6587 :	01011000;
	6586 :	10101101;
	6585 :	01011000;
	6584 :	10101101;
	6583 :	00110111;
	6582 :	10101101;
	6581 :	00111000;
	6580 :	10011101;
	6579 :	01011000;
	6578 :	10101101;
	6577 :	01111100;
	6576 :	11010110;
	6575 :	00010110;
	6574 :	10011101;
	6573 :	01011000;
	6572 :	10101101;
	6571 :	00110111;
	6570 :	10101101;
	6569 :	11110110;
	6568 :	10100100;
	6567 :	11110110;
	6566 :	10100100;
	6565 :	00010110;
	6564 :	10011101;
	6563 :	00110111;
	6562 :	10101101;
	6561 :	00110111;
	6560 :	10101101;
	6559 :	00110111;
	6558 :	10101101;
	6557 :	00110111;
	6556 :	10110101;
	6555 :	00110111;
	6554 :	10110101;
	6553 :	00110111;
	6552 :	10110101;
	6551 :	00110111;
	6550 :	10110101;
	6549 :	00110101;
	6548 :	10110101;
	6547 :	00010101;
	6546 :	11100110;
	6545 :	10000111;
	6544 :	10001010;
	6543 :	00100110;
	6542 :	01111010;
	6541 :	00100100;
	6540 :	01111010;
	6539 :	01000110;
	6538 :	10001010;
	6537 :	00101010;
	6536 :	10101011;
	6535 :	01010000;
	6534 :	11001100;
	6533 :	01010000;
	6532 :	11001100;
	6531 :	10010010;
	6530 :	11010100;
	6529 :	10010010;
	6528 :	11010100;
	6527 :	10010010;
	6526 :	11010100;
	6525 :	10010010;
	6524 :	11010100;
	6523 :	10010010;
	6522 :	11010100;
	6521 :	01110010;
	6520 :	11010100;
	6519 :	01010001;
	6518 :	11010100;
	6517 :	01110010;
	6516 :	11010100;
	6515 :	01010000;
	6514 :	11001100;
	6513 :	01010000;
	6512 :	11001100;
	6511 :	01010000;
	6510 :	11001100;
	6509 :	00101111;
	6508 :	11000100;
	6507 :	01010000;
	6506 :	11001100;
	6505 :	10101111;
	6504 :	11000100;
	6503 :	00001101;
	6502 :	11000100;
	6501 :	11001101;
	6500 :	11000011;
	6499 :	00001011;
	6498 :	10111100;
	6497 :	11001101;
	6496 :	11000011;
	6495 :	10001011;
	6494 :	10111011;
	6493 :	10001011;
	6492 :	10111011;
	6491 :	10001011;
	6490 :	10111011;
	6489 :	10001011;
	6488 :	10111011;
	6487 :	10110001;
	6486 :	11001100;
	6485 :	00001111;
	6484 :	11001101;
	6483 :	00001011;
	6482 :	10111100;
	6481 :	10100100;
	6480 :	10101010;
	6479 :	01000100;
	6478 :	10100010;
	6477 :	00100011;
	6476 :	10100010;
	6475 :	00010001;
	6474 :	11010101;
	6473 :	10110010;
	6472 :	11001100;
	6471 :	00011001;
	6470 :	10111110;
	6469 :	01111000;
	6468 :	10110101;
	6467 :	10010111;
	6466 :	10111101;
	6465 :	01011000;
	6464 :	10101101;
	6463 :	10011001;
	6462 :	10110101;
	6461 :	10011001;
	6460 :	10110101;
	6459 :	10011001;
	6458 :	10110101;
	6457 :	10011001;
	6456 :	10110101;
	6455 :	01111010;
	6454 :	10101101;
	6453 :	11011010;
	6452 :	10111101;
	6451 :	10011001;
	6450 :	10110101;
	6449 :	11011010;
	6448 :	10111101;
	6447 :	11011010;
	6446 :	10111101;
	6445 :	11011010;
	6444 :	10111101;
	6443 :	11011010;
	6442 :	10111101;
	6441 :	11111010;
	6440 :	11000101;
	6439 :	11011010;
	6438 :	10111101;
	6437 :	11111100;
	6436 :	11000101;
	6435 :	11111100;
	6434 :	11000101;
	6433 :	11111100;
	6432 :	11000101;
	6431 :	00111100;
	6430 :	11000110;
	6429 :	00111100;
	6428 :	11000110;
	6427 :	00111100;
	6426 :	11000110;
	6425 :	11011110;
	6424 :	11011110;
	6423 :	11011110;
	6422 :	11011110;
	6421 :	11111110;
	6420 :	11100110;
	6419 :	00011100;
	6418 :	10111110;
	6417 :	00111100;
	6416 :	11000110;
	6415 :	11111100;
	6414 :	11000101;
	6413 :	11111100;
	6412 :	11000101;
	6411 :	11111100;
	6410 :	11000101;
	6409 :	11111100;
	6408 :	11000101;
	6407 :	01011110;
	6406 :	11001110;
	6405 :	00011100;
	6404 :	10111110;
	6403 :	00011100;
	6402 :	10111110;
	6401 :	00111100;
	6400 :	11000110;
	6399 :	01011111;
	6398 :	11110111;
	6397 :	01011111;
	6396 :	11110111;
	6395 :	10011111;
	6394 :	11101111;
	6393 :	00111111;
	6392 :	11100111;
	6391 :	00111111;
	6390 :	11100111;
	6389 :	00111111;
	6388 :	11100111;
	6387 :	00011111;
	6386 :	11011111;
	6385 :	11011110;
	6384 :	11011110;
	6383 :	11111110;
	6382 :	11100110;
	6381 :	00011111;
	6380 :	11011111;
	6379 :	00011111;
	6378 :	11011111;
	6377 :	00011111;
	6376 :	11011111;
	6375 :	11011110;
	6374 :	11011110;
	6373 :	10011110;
	6372 :	11001110;
	6371 :	11011110;
	6370 :	11011110;
	6369 :	10011101;
	6368 :	11001110;
	6367 :	11011110;
	6366 :	11011110;
	6365 :	01011110;
	6364 :	11001110;
	6363 :	10011110;
	6362 :	11001110;
	6361 :	10011110;
	6360 :	11001110;
	6359 :	10011110;
	6358 :	11001110;
	6357 :	10011110;
	6356 :	11001110;
	6355 :	10011110;
	6354 :	11001110;
	6353 :	10011110;
	6352 :	11001110;
	6351 :	01111010;
	6350 :	10101101;
	6349 :	01011000;
	6348 :	10101101;
	6347 :	01011000;
	6346 :	10101101;
	6345 :	00111000;
	6344 :	10011101;
	6343 :	00110111;
	6342 :	10101101;
	6341 :	01011000;
	6340 :	10101101;
	6339 :	00110111;
	6338 :	10101101;
	6337 :	00110111;
	6336 :	10101101;
	6335 :	00111000;
	6334 :	10011101;
	6333 :	01011000;
	6332 :	10101101;
	6331 :	11110110;
	6330 :	10100100;
	6329 :	01011000;
	6328 :	10101101;
	6327 :	00110111;
	6326 :	10101101;
	6325 :	01011000;
	6324 :	10101101;
	6323 :	00110111;
	6322 :	10101101;
	6321 :	01111010;
	6320 :	10110101;
	6319 :	01111000;
	6318 :	10110101;
	6317 :	00110111;
	6316 :	10101101;
	6315 :	11110110;
	6314 :	10100100;
	6313 :	00111000;
	6312 :	10011101;
	6311 :	00110111;
	6310 :	10101101;
	6309 :	01011000;
	6308 :	10101101;
	6307 :	00110111;
	6306 :	10101101;
	6305 :	01011000;
	6304 :	10101101;
	6303 :	00110111;
	6302 :	10101101;
	6301 :	00110111;
	6300 :	10101101;
	6299 :	00110111;
	6298 :	10110101;
	6297 :	11110110;
	6296 :	10110100;
	6295 :	00110111;
	6294 :	10110101;
	6293 :	10010101;
	6292 :	11000101;
	6291 :	00010101;
	6290 :	11100110;
	6289 :	10000101;
	6288 :	10001010;
	6287 :	00100101;
	6286 :	10000010;
	6285 :	00100100;
	6284 :	01111010;
	6283 :	00100110;
	6282 :	01111010;
	6281 :	00101010;
	6280 :	10101011;
	6279 :	11010000;
	6278 :	10101011;
	6277 :	01010000;
	6276 :	11001100;
	6275 :	10010010;
	6274 :	11010100;
	6273 :	10010010;
	6272 :	11010100;
	6271 :	10010010;
	6270 :	11010100;
	6269 :	10110001;
	6268 :	11010100;
	6267 :	01110010;
	6266 :	11010100;
	6265 :	10110001;
	6264 :	11010100;
	6263 :	01010000;
	6262 :	11001100;
	6261 :	01110010;
	6260 :	11010100;
	6259 :	10110001;
	6258 :	11010100;
	6257 :	01010000;
	6256 :	11001100;
	6255 :	01010000;
	6254 :	11001100;
	6253 :	01010000;
	6252 :	11001100;
	6251 :	10101111;
	6250 :	11000100;
	6249 :	01010000;
	6248 :	11001100;
	6247 :	11001101;
	6246 :	11000011;
	6245 :	00001101;
	6244 :	11000100;
	6243 :	11001101;
	6242 :	11000011;
	6241 :	10001101;
	6240 :	10110011;
	6239 :	10001011;
	6238 :	10111011;
	6237 :	10001011;
	6236 :	11000011;
	6235 :	10001011;
	6234 :	11000011;
	6233 :	00001011;
	6232 :	10111100;
	6231 :	10110001;
	6230 :	11001100;
	6229 :	10101111;
	6228 :	11000100;
	6227 :	10001000;
	6226 :	10101011;
	6225 :	01000010;
	6224 :	10011010;
	6223 :	00100011;
	6222 :	10100010;
	6221 :	00100111;
	6220 :	11000011;
	6219 :	01010100;
	6218 :	11100101;
	6217 :	10010101;
	6216 :	11000101;
	6215 :	01111000;
	6214 :	10110101;
	6213 :	10010111;
	6212 :	10111101;
	6211 :	01011000;
	6210 :	10101101;
	6209 :	10011001;
	6208 :	10110101;
	6207 :	10011001;
	6206 :	10101101;
	6205 :	10011001;
	6204 :	10110101;
	6203 :	10011001;
	6202 :	10101101;
	6201 :	00011011;
	6200 :	10111110;
	6199 :	11011010;
	6198 :	10111101;
	6197 :	10011001;
	6196 :	10110101;
	6195 :	11011010;
	6194 :	10111101;
	6193 :	11011010;
	6192 :	10111101;
	6191 :	11011010;
	6190 :	10111101;
	6189 :	11011010;
	6188 :	10111101;
	6187 :	11111100;
	6186 :	10111101;
	6185 :	11111100;
	6184 :	11000101;
	6183 :	00011011;
	6182 :	10111110;
	6181 :	11111100;
	6180 :	11000101;
	6179 :	11111100;
	6178 :	11000101;
	6177 :	11111100;
	6176 :	11000101;
	6175 :	11111100;
	6174 :	11000101;
	6173 :	11111100;
	6172 :	11000101;
	6171 :	00111100;
	6170 :	11000110;
	6169 :	11111100;
	6168 :	11000101;
	6167 :	11111110;
	6166 :	11100110;
	6165 :	11111110;
	6164 :	11100110;
	6163 :	00111100;
	6162 :	11000110;
	6161 :	11111100;
	6160 :	11000101;
	6159 :	01011110;
	6158 :	11001110;
	6157 :	11111100;
	6156 :	11000101;
	6155 :	01011110;
	6154 :	11001110;
	6153 :	11111100;
	6152 :	11000101;
	6151 :	01011110;
	6150 :	11001110;
	6149 :	00011100;
	6148 :	10111110;
	6147 :	01011110;
	6146 :	11001110;
	6145 :	00111100;
	6144 :	11000110;
	6143 :	00111111;
	6142 :	11100111;
	6141 :	00011111;
	6140 :	11011111;
	6139 :	00111111;
	6138 :	11100111;
	6137 :	00111111;
	6136 :	11100111;
	6135 :	00111111;
	6134 :	11100111;
	6133 :	10011111;
	6132 :	11101111;
	6131 :	01011111;
	6130 :	11110111;
	6129 :	11011110;
	6128 :	11011110;
	6127 :	00011111;
	6126 :	11011111;
	6125 :	01011111;
	6124 :	11110111;
	6123 :	00111111;
	6122 :	11100111;
	6121 :	00011111;
	6120 :	11011111;
	6119 :	00011111;
	6118 :	11011111;
	6117 :	11111110;
	6116 :	11100110;
	6115 :	11011110;
	6114 :	11011110;
	6113 :	10011110;
	6112 :	11001110;
	6111 :	10011110;
	6110 :	11001110;
	6109 :	10011110;
	6108 :	11001110;
	6107 :	10011101;
	6106 :	11001110;
	6105 :	00011100;
	6104 :	10111110;
	6103 :	00011100;
	6102 :	10111110;
	6101 :	10011110;
	6100 :	11001110;
	6099 :	00011111;
	6098 :	11011111;
	6097 :	10011110;
	6096 :	11001110;
	6095 :	10011110;
	6094 :	11001110;
	6093 :	00111000;
	6092 :	10011101;
	6091 :	10011001;
	6090 :	10101101;
	6089 :	01011000;
	6088 :	10101101;
	6087 :	01011000;
	6086 :	10101101;
	6085 :	01011000;
	6084 :	10101101;
	6083 :	00110111;
	6082 :	10101101;
	6081 :	00111000;
	6080 :	10011101;
	6079 :	01011000;
	6078 :	10101101;
	6077 :	01011000;
	6076 :	10101101;
	6075 :	01011000;
	6074 :	10101101;
	6073 :	01011000;
	6072 :	10101101;
	6071 :	01011000;
	6070 :	10101101;
	6069 :	01011000;
	6068 :	10101101;
	6067 :	01011000;
	6066 :	10101101;
	6065 :	01011000;
	6064 :	10101101;
	6063 :	00110111;
	6062 :	10101101;
	6061 :	01011000;
	6060 :	10101101;
	6059 :	00110111;
	6058 :	10101101;
	6057 :	01111100;
	6056 :	11010110;
	6055 :	10011110;
	6054 :	11001110;
	6053 :	10111101;
	6052 :	11010110;
	6051 :	10111101;
	6050 :	11010110;
	6049 :	10011001;
	6048 :	10110101;
	6047 :	00011001;
	6046 :	10111110;
	6045 :	01111100;
	6044 :	11010110;
	6043 :	00111011;
	6042 :	11010110;
	6041 :	00110111;
	6040 :	10110101;
	6039 :	10011011;
	6038 :	11010110;
	6037 :	10011001;
	6036 :	11011110;
	6035 :	00110001;
	6034 :	11001101;
	6033 :	10000101;
	6032 :	10001010;
	6031 :	00100100;
	6030 :	01111010;
	6029 :	10100010;
	6028 :	01101001;
	6027 :	11100110;
	6026 :	01110001;
	6025 :	01000110;
	6024 :	10001010;
	6023 :	10001011;
	6022 :	10101011;
	6021 :	01010000;
	6020 :	11001100;
	6019 :	01010010;
	6018 :	11001100;
	6017 :	01010010;
	6016 :	11001100;
	6015 :	01010000;
	6014 :	11001100;
	6013 :	10110010;
	6012 :	11001100;
	6011 :	10110001;
	6010 :	11001100;
	6009 :	10110010;
	6008 :	11001100;
	6007 :	01010000;
	6006 :	11001100;
	6005 :	01010000;
	6004 :	11001100;
	6003 :	10110001;
	6002 :	11001100;
	6001 :	10110001;
	6000 :	11001100;
	5999 :	01010000;
	5998 :	11001100;
	5997 :	01010000;
	5996 :	11001100;
	5995 :	01010000;
	5994 :	11001100;
	5993 :	00101111;
	5992 :	11000100;
	5991 :	00101111;
	5990 :	11010100;
	5989 :	00101111;
	5988 :	11000100;
	5987 :	00001101;
	5986 :	11000100;
	5985 :	11001101;
	5984 :	11000011;
	5983 :	10001011;
	5982 :	10111011;
	5981 :	10001011;
	5980 :	10111011;
	5979 :	10001011;
	5978 :	10111011;
	5977 :	10001011;
	5976 :	10111011;
	5975 :	00010001;
	5974 :	11010101;
	5973 :	10101001;
	5972 :	10110011;
	5971 :	00100101;
	5970 :	10101011;
	5969 :	00100011;
	5968 :	10100010;
	5967 :	01100011;
	5966 :	10110010;
	5965 :	00101001;
	5964 :	11011100;
	5963 :	01010100;
	5962 :	11100101;
	5961 :	10010100;
	5960 :	10111101;
	5959 :	01111000;
	5958 :	10110101;
	5957 :	10011001;
	5956 :	10101101;
	5955 :	10010111;
	5954 :	10111101;
	5953 :	10011001;
	5952 :	10101101;
	5951 :	10011001;
	5950 :	10110101;
	5949 :	00011001;
	5948 :	10111110;
	5947 :	10011001;
	5946 :	10110101;
	5945 :	01111000;
	5944 :	10110101;
	5943 :	01111000;
	5942 :	10110101;
	5941 :	01111010;
	5940 :	10101101;
	5939 :	01111010;
	5938 :	10101101;
	5937 :	11011010;
	5936 :	10111101;
	5935 :	11011010;
	5934 :	10111101;
	5933 :	11011010;
	5932 :	10111101;
	5931 :	11011010;
	5930 :	10111101;
	5929 :	11111100;
	5928 :	10111101;
	5927 :	11111100;
	5926 :	11000101;
	5925 :	11111100;
	5924 :	11000101;
	5923 :	00011011;
	5922 :	10111110;
	5921 :	11111100;
	5920 :	11000101;
	5919 :	11111100;
	5918 :	11000101;
	5917 :	11111100;
	5916 :	11000101;
	5915 :	11111100;
	5914 :	11000101;
	5913 :	11111100;
	5912 :	11000101;
	5911 :	01111110;
	5910 :	11010110;
	5909 :	11111110;
	5908 :	11100110;
	5907 :	00111100;
	5906 :	11000110;
	5905 :	00111100;
	5904 :	11000110;
	5903 :	01011110;
	5902 :	11001110;
	5901 :	11111100;
	5900 :	11000101;
	5899 :	01011110;
	5898 :	11001110;
	5897 :	11111100;
	5896 :	11000101;
	5895 :	01011110;
	5894 :	11001110;
	5893 :	00011100;
	5892 :	10111110;
	5891 :	00011100;
	5890 :	10111110;
	5889 :	00111100;
	5888 :	11000110;
	5887 :	10111101;
	5886 :	11010110;
	5885 :	10111101;
	5884 :	11100110;
	5883 :	00011111;
	5882 :	11011111;
	5881 :	01111100;
	5880 :	11010110;
	5879 :	00111111;
	5878 :	11100111;
	5877 :	00111111;
	5876 :	11100111;
	5875 :	10111101;
	5874 :	11010110;
	5873 :	10011110;
	5872 :	11001110;
	5871 :	00111111;
	5870 :	11100111;
	5869 :	01011111;
	5868 :	11110111;
	5867 :	01011111;
	5866 :	11110111;
	5865 :	00111111;
	5864 :	11100111;
	5863 :	11111110;
	5862 :	11100110;
	5861 :	00011111;
	5860 :	11011111;
	5859 :	11011110;
	5858 :	11011110;
	5857 :	11011110;
	5856 :	11011110;
	5855 :	10011110;
	5854 :	11001110;
	5853 :	11011110;
	5852 :	11011110;
	5851 :	10011110;
	5850 :	11001110;
	5849 :	00011111;
	5848 :	11011111;
	5847 :	01011110;
	5846 :	11001110;
	5845 :	10011110;
	5844 :	11001110;
	5843 :	00011111;
	5842 :	11011111;
	5841 :	10011110;
	5840 :	11001110;
	5839 :	10011110;
	5838 :	11001110;
	5837 :	00111100;
	5836 :	11000110;
	5835 :	00111100;
	5834 :	11000110;
	5833 :	01011000;
	5832 :	10101101;
	5831 :	01011000;
	5830 :	10101101;
	5829 :	01011000;
	5828 :	10101101;
	5827 :	01011000;
	5826 :	10101101;
	5825 :	01011000;
	5824 :	10101101;
	5823 :	01011000;
	5822 :	10101101;
	5821 :	01011000;
	5820 :	10101101;
	5819 :	11110110;
	5818 :	10100100;
	5817 :	01011000;
	5816 :	10101101;
	5815 :	01011000;
	5814 :	10101101;
	5813 :	00110111;
	5812 :	10101101;
	5811 :	01011000;
	5810 :	10101101;
	5809 :	01011000;
	5808 :	10101101;
	5807 :	01011000;
	5806 :	10101101;
	5805 :	00110111;
	5804 :	10101101;
	5803 :	01011000;
	5802 :	10101101;
	5801 :	01011000;
	5800 :	10101101;
	5799 :	00011011;
	5798 :	11000110;
	5797 :	11111010;
	5796 :	11000101;
	5795 :	11011010;
	5794 :	10111101;
	5793 :	11111100;
	5792 :	11000101;
	5791 :	10111101;
	5790 :	11100110;
	5789 :	11111110;
	5788 :	11100110;
	5787 :	11111110;
	5786 :	11100110;
	5785 :	00111011;
	5784 :	11010110;
	5783 :	00011001;
	5782 :	11001110;
	5781 :	10011001;
	5780 :	11011110;
	5779 :	00001111;
	5778 :	11001101;
	5777 :	10000101;
	5776 :	10001010;
	5775 :	00100100;
	5774 :	01111010;
	5773 :	10100010;
	5772 :	01101001;
	5771 :	00100100;
	5770 :	01111010;
	5769 :	00100110;
	5768 :	01111010;
	5767 :	00001001;
	5766 :	10011011;
	5765 :	00101110;
	5764 :	10110100;
	5763 :	10110001;
	5762 :	11001100;
	5761 :	10110001;
	5760 :	11001100;
	5759 :	01010010;
	5758 :	11001100;
	5757 :	10110001;
	5756 :	11001100;
	5755 :	01010000;
	5754 :	11001100;
	5753 :	01010000;
	5752 :	11001100;
	5751 :	10110001;
	5750 :	11001100;
	5749 :	10010010;
	5748 :	11010100;
	5747 :	10110001;
	5746 :	11010100;
	5745 :	10010010;
	5744 :	11010100;
	5743 :	10110001;
	5742 :	11001100;
	5741 :	01010000;
	5740 :	11001100;
	5739 :	10101111;
	5738 :	11000100;
	5737 :	01010000;
	5736 :	11001100;
	5735 :	10101111;
	5734 :	11000100;
	5733 :	10101111;
	5732 :	11000100;
	5731 :	00001101;
	5730 :	11000100;
	5729 :	00001101;
	5728 :	11000100;
	5727 :	10001101;
	5726 :	10110011;
	5725 :	10001011;
	5724 :	10111011;
	5723 :	10001011;
	5722 :	11000011;
	5721 :	10001011;
	5720 :	10111011;
	5719 :	11001111;
	5718 :	11010100;
	5717 :	10101000;
	5716 :	11000011;
	5715 :	10100011;
	5714 :	10101010;
	5713 :	11000100;
	5712 :	10110010;
	5711 :	01000001;
	5710 :	10100010;
	5709 :	10101010;
	5708 :	11101100;
	5707 :	10110100;
	5706 :	11100101;
	5705 :	00111001;
	5704 :	11011110;
	5703 :	00011101;
	5702 :	11011111;
	5701 :	10111101;
	5700 :	11010110;
	5699 :	01011000;
	5698 :	10101101;
	5697 :	10011001;
	5696 :	10101101;
	5695 :	10011001;
	5694 :	10110101;
	5693 :	10011001;
	5692 :	10110101;
	5691 :	10011001;
	5690 :	10110101;
	5689 :	10011001;
	5688 :	10110101;
	5687 :	10011001;
	5686 :	10101101;
	5685 :	01111000;
	5684 :	10110101;
	5683 :	10011001;
	5682 :	10110101;
	5681 :	00011011;
	5680 :	10111110;
	5679 :	00111011;
	5678 :	11010110;
	5677 :	11011010;
	5676 :	10111101;
	5675 :	11111100;
	5674 :	10111101;
	5673 :	11011010;
	5672 :	10111101;
	5671 :	11011010;
	5670 :	10111101;
	5669 :	11011010;
	5668 :	10111101;
	5667 :	00011011;
	5666 :	10111110;
	5665 :	00011011;
	5664 :	11000110;
	5663 :	11111100;
	5662 :	11000101;
	5661 :	11111100;
	5660 :	11000101;
	5659 :	00111100;
	5658 :	11000110;
	5657 :	00111100;
	5656 :	11000110;
	5655 :	11011110;
	5654 :	11011110;
	5653 :	11111110;
	5652 :	11100110;
	5651 :	00111100;
	5650 :	11000110;
	5649 :	00111100;
	5648 :	11000110;
	5647 :	00111100;
	5646 :	11000110;
	5645 :	00111100;
	5644 :	11000110;
	5643 :	01011110;
	5642 :	11001110;
	5641 :	11111100;
	5640 :	11000101;
	5639 :	01011110;
	5638 :	11001110;
	5637 :	00011100;
	5636 :	10111110;
	5635 :	00011100;
	5634 :	10111110;
	5633 :	01011110;
	5632 :	11001110;
	5631 :	10011111;
	5630 :	11110111;
	5629 :	10011111;
	5628 :	11101111;
	5627 :	00111111;
	5626 :	11100111;
	5625 :	01011111;
	5624 :	11110111;
	5623 :	00011111;
	5622 :	11011111;
	5621 :	00011111;
	5620 :	11011111;
	5619 :	11011110;
	5618 :	11011110;
	5617 :	11011110;
	5616 :	11011110;
	5615 :	11011110;
	5614 :	11011110;
	5613 :	00011111;
	5612 :	11011111;
	5611 :	11011110;
	5610 :	11011110;
	5609 :	11011110;
	5608 :	11011110;
	5607 :	10111101;
	5606 :	11010110;
	5605 :	00111100;
	5604 :	11000110;
	5603 :	00011100;
	5602 :	10111110;
	5601 :	00011100;
	5600 :	10111110;
	5599 :	11011010;
	5598 :	10111101;
	5597 :	11011010;
	5596 :	10111101;
	5595 :	10011010;
	5594 :	10101101;
	5593 :	00111000;
	5592 :	10011101;
	5591 :	00111000;
	5590 :	10011101;
	5589 :	10011010;
	5588 :	10101101;
	5587 :	00011100;
	5586 :	10111110;
	5585 :	01011110;
	5584 :	11001110;
	5583 :	01011110;
	5582 :	11001110;
	5581 :	00111100;
	5580 :	11000110;
	5579 :	11111100;
	5578 :	10111101;
	5577 :	10011001;
	5576 :	10101101;
	5575 :	01011000;
	5574 :	10101101;
	5573 :	01011000;
	5572 :	10101101;
	5571 :	01011000;
	5570 :	10101101;
	5569 :	01011000;
	5568 :	10101101;
	5567 :	00110111;
	5566 :	10101101;
	5565 :	01011000;
	5564 :	10101101;
	5563 :	01011000;
	5562 :	10101101;
	5561 :	01011000;
	5560 :	10101101;
	5559 :	01011000;
	5558 :	10101101;
	5557 :	00110111;
	5556 :	10101101;
	5555 :	01111000;
	5554 :	10110101;
	5553 :	01011000;
	5552 :	10101101;
	5551 :	00110111;
	5550 :	10101101;
	5549 :	01011000;
	5548 :	10101101;
	5547 :	01011000;
	5546 :	10101101;
	5545 :	01011000;
	5544 :	10101101;
	5543 :	00111100;
	5542 :	11000110;
	5541 :	11111100;
	5540 :	11000101;
	5539 :	11011010;
	5538 :	10111101;
	5537 :	00111011;
	5536 :	11010110;
	5535 :	00111011;
	5534 :	11010110;
	5533 :	00011011;
	5532 :	11000110;
	5531 :	10011011;
	5530 :	11010110;
	5529 :	00011011;
	5528 :	11000110;
	5527 :	10011011;
	5526 :	11010110;
	5525 :	00110111;
	5524 :	11100110;
	5523 :	00101110;
	5522 :	10110100;
	5521 :	10000101;
	5520 :	10001010;
	5519 :	00100100;
	5518 :	01111010;
	5517 :	00000101;
	5516 :	01101010;
	5515 :	10100010;
	5514 :	01101001;
	5513 :	00100100;
	5512 :	01111010;
	5511 :	00100110;
	5510 :	01111010;
	5509 :	10101000;
	5508 :	10010010;
	5507 :	10001011;
	5506 :	10111011;
	5505 :	10101111;
	5504 :	11000100;
	5503 :	01010000;
	5502 :	11001100;
	5501 :	01010000;
	5500 :	11001100;
	5499 :	10110001;
	5498 :	11001100;
	5497 :	10110001;
	5496 :	11010100;
	5495 :	10101111;
	5494 :	11000100;
	5493 :	10110001;
	5492 :	11001100;
	5491 :	10101111;
	5490 :	11000100;
	5489 :	00001101;
	5488 :	11000100;
	5487 :	10001011;
	5486 :	10101011;
	5485 :	10001101;
	5484 :	10110011;
	5483 :	00001101;
	5482 :	11000100;
	5481 :	10101111;
	5480 :	11000100;
	5479 :	00001101;
	5478 :	11000100;
	5477 :	00001101;
	5476 :	11000100;
	5475 :	00001101;
	5474 :	11000100;
	5473 :	00001101;
	5472 :	11000100;
	5471 :	00001011;
	5470 :	10111100;
	5469 :	11001101;
	5468 :	11000011;
	5467 :	00001011;
	5466 :	10111100;
	5465 :	00001011;
	5464 :	10111100;
	5463 :	11101001;
	5462 :	11010011;
	5461 :	10000101;
	5460 :	11000011;
	5459 :	11000110;
	5458 :	11010011;
	5457 :	10101010;
	5456 :	11101100;
	5455 :	00000100;
	5454 :	10111011;
	5453 :	00101010;
	5452 :	11011100;
	5451 :	11010111;
	5450 :	11100101;
	5449 :	10010111;
	5448 :	10111101;
	5447 :	00011011;
	5446 :	11000110;
	5445 :	10111101;
	5444 :	11010110;
	5443 :	00011001;
	5442 :	10111110;
	5441 :	10011001;
	5440 :	10110101;
	5439 :	10011001;
	5438 :	10110101;
	5437 :	10011001;
	5436 :	10101101;
	5435 :	10011001;
	5434 :	10110101;
	5433 :	00011001;
	5432 :	10111110;
	5431 :	00011001;
	5430 :	10111110;
	5429 :	00111111;
	5428 :	11100111;
	5427 :	00011011;
	5426 :	11000110;
	5425 :	00011101;
	5424 :	11011111;
	5423 :	00111111;
	5422 :	11100111;
	5421 :	01011111;
	5420 :	11110111;
	5419 :	01011111;
	5418 :	11110111;
	5417 :	11011110;
	5416 :	11011110;
	5415 :	10011111;
	5414 :	11101111;
	5413 :	10011111;
	5412 :	11101111;
	5411 :	01011111;
	5410 :	11110111;
	5409 :	01011111;
	5408 :	11110111;
	5407 :	11111100;
	5406 :	11000101;
	5405 :	01011110;
	5404 :	11001110;
	5403 :	00111100;
	5402 :	11000110;
	5401 :	00111100;
	5400 :	11000110;
	5399 :	00111100;
	5398 :	11000110;
	5397 :	11111100;
	5396 :	11000101;
	5395 :	00111100;
	5394 :	11000110;
	5393 :	00111100;
	5392 :	11000110;
	5391 :	00111100;
	5390 :	11000110;
	5389 :	00111100;
	5388 :	11000110;
	5387 :	00111100;
	5386 :	11000110;
	5385 :	00111100;
	5384 :	11000110;
	5383 :	00011100;
	5382 :	10111110;
	5381 :	01011110;
	5380 :	11001110;
	5379 :	00011100;
	5378 :	10111110;
	5377 :	00011100;
	5376 :	10111110;
	5375 :	00111111;
	5374 :	11100111;
	5373 :	00111111;
	5372 :	11100111;
	5371 :	00111111;
	5370 :	11100111;
	5369 :	00111111;
	5368 :	11100111;
	5367 :	10011111;
	5366 :	11101111;
	5365 :	00111111;
	5364 :	11100111;
	5363 :	11011110;
	5362 :	11011110;
	5361 :	11011110;
	5360 :	11011110;
	5359 :	11011110;
	5358 :	11011110;
	5357 :	11011110;
	5356 :	11011110;
	5355 :	11011110;
	5354 :	11011110;
	5353 :	10111101;
	5352 :	11100110;
	5351 :	11011110;
	5350 :	11011110;
	5349 :	11011110;
	5348 :	11011110;
	5347 :	11011110;
	5346 :	11011110;
	5345 :	11011110;
	5344 :	11011110;
	5343 :	00011111;
	5342 :	11011111;
	5341 :	11011110;
	5340 :	11011110;
	5339 :	00111100;
	5338 :	11000110;
	5337 :	10011110;
	5336 :	11001110;
	5335 :	01011110;
	5334 :	11001110;
	5333 :	00111100;
	5332 :	11000110;
	5331 :	10011110;
	5330 :	11001110;
	5329 :	00011100;
	5328 :	10111110;
	5327 :	00111100;
	5326 :	11000110;
	5325 :	10011110;
	5324 :	11001110;
	5323 :	11011110;
	5322 :	11011110;
	5321 :	11111100;
	5320 :	11000101;
	5319 :	01011000;
	5318 :	10101101;
	5317 :	01011000;
	5316 :	10101101;
	5315 :	01011000;
	5314 :	10101101;
	5313 :	01011000;
	5312 :	10101101;
	5311 :	01011000;
	5310 :	10101101;
	5309 :	01011000;
	5308 :	10101101;
	5307 :	00110111;
	5306 :	10101101;
	5305 :	01011000;
	5304 :	10101101;
	5303 :	01011000;
	5302 :	10101101;
	5301 :	01011000;
	5300 :	10101101;
	5299 :	01011000;
	5298 :	10101101;
	5297 :	01011000;
	5296 :	10101101;
	5295 :	01011000;
	5294 :	10101101;
	5293 :	01111000;
	5292 :	10110101;
	5291 :	11110110;
	5290 :	10110100;
	5289 :	01011000;
	5288 :	10101101;
	5287 :	01111110;
	5286 :	11010110;
	5285 :	01111110;
	5284 :	11010110;
	5283 :	01111110;
	5282 :	11010110;
	5281 :	00111100;
	5280 :	11000110;
	5279 :	11011010;
	5278 :	10111101;
	5277 :	00011011;
	5276 :	11000110;
	5275 :	11111010;
	5274 :	11000101;
	5273 :	10111101;
	5272 :	11100110;
	5271 :	10111101;
	5270 :	11010110;
	5269 :	00111001;
	5268 :	11011110;
	5267 :	10001010;
	5266 :	10011011;
	5265 :	10000101;
	5264 :	10001010;
	5263 :	00100100;
	5262 :	01111010;
	5261 :	00000011;
	5260 :	01111010;
	5259 :	10100010;
	5258 :	01101001;
	5257 :	00000011;
	5256 :	01111010;
	5255 :	00000011;
	5254 :	01111010;
	5253 :	00100100;
	5252 :	01111010;
	5251 :	11100101;
	5250 :	10000001;
	5249 :	00100101;
	5248 :	10000010;
	5247 :	10100111;
	5246 :	10010010;
	5245 :	00001001;
	5244 :	10100011;
	5243 :	10001011;
	5242 :	10101011;
	5241 :	10001011;
	5240 :	10101011;
	5239 :	10001011;
	5238 :	10101011;
	5237 :	10001010;
	5236 :	10011011;
	5235 :	10001010;
	5234 :	10011011;
	5233 :	00001001;
	5232 :	10011011;
	5231 :	00001001;
	5230 :	10011011;
	5229 :	10100101;
	5228 :	10010010;
	5227 :	00001001;
	5226 :	10100011;
	5225 :	10001011;
	5224 :	10101011;
	5223 :	00001011;
	5222 :	10111100;
	5221 :	10001101;
	5220 :	10110011;
	5219 :	00001101;
	5218 :	11000100;
	5217 :	10001011;
	5216 :	10111011;
	5215 :	10001011;
	5214 :	10111011;
	5213 :	10001011;
	5212 :	10111011;
	5211 :	10001011;
	5210 :	11000011;
	5209 :	00100101;
	5208 :	10101011;
	5207 :	11000011;
	5206 :	10110010;
	5205 :	10001110;
	5204 :	11111101;
	5203 :	10001110;
	5202 :	11111101;
	5201 :	10001110;
	5200 :	11111101;
	5199 :	10001110;
	5198 :	11111101;
	5197 :	00110100;
	5196 :	11111110;
	5195 :	00110111;
	5194 :	11100110;
	5193 :	10110111;
	5192 :	11000101;
	5191 :	00111100;
	5190 :	11000110;
	5189 :	10011101;
	5188 :	11001110;
	5187 :	00011011;
	5186 :	11000110;
	5185 :	10011001;
	5184 :	10110101;
	5183 :	10011001;
	5182 :	10110101;
	5181 :	10011001;
	5180 :	10110101;
	5179 :	10011001;
	5178 :	10110101;
	5177 :	00011011;
	5176 :	11000110;
	5175 :	11011110;
	5174 :	11011110;
	5173 :	00011111;
	5172 :	11011111;
	5171 :	00011101;
	5170 :	11011111;
	5169 :	00111100;
	5168 :	11000110;
	5167 :	00111100;
	5166 :	11000110;
	5165 :	00011111;
	5164 :	11011111;
	5163 :	11011110;
	5162 :	11011110;
	5161 :	11011110;
	5160 :	11011110;
	5159 :	00011111;
	5158 :	11011111;
	5157 :	11011110;
	5156 :	11011110;
	5155 :	01011111;
	5154 :	11110111;
	5153 :	10011111;
	5152 :	11101111;
	5151 :	00011111;
	5150 :	11011111;
	5149 :	00111100;
	5148 :	11000110;
	5147 :	00111100;
	5146 :	11000110;
	5145 :	00111100;
	5144 :	11000110;
	5143 :	01111110;
	5142 :	11010110;
	5141 :	00111100;
	5140 :	11000110;
	5139 :	00111100;
	5138 :	11000110;
	5137 :	00111100;
	5136 :	11000110;
	5135 :	00111100;
	5134 :	11000110;
	5133 :	00111100;
	5132 :	11000110;
	5131 :	01011110;
	5130 :	11001110;
	5129 :	00111100;
	5128 :	11000110;
	5127 :	00011100;
	5126 :	10111110;
	5125 :	01011110;
	5124 :	11001110;
	5123 :	00011100;
	5122 :	10111110;
	5121 :	01011110;
	5120 :	11001110;
	5119 :	10011111;
	5118 :	11110111;
	5117 :	00011111;
	5116 :	11011111;
	5115 :	10011111;
	5114 :	11101111;
	5113 :	10011111;
	5112 :	11101111;
	5111 :	01011111;
	5110 :	11110111;
	5109 :	01011111;
	5108 :	11110111;
	5107 :	00011111;
	5106 :	11011111;
	5105 :	00011111;
	5104 :	11011111;
	5103 :	00011111;
	5102 :	11011111;
	5101 :	00111111;
	5100 :	11100111;
	5099 :	11011110;
	5098 :	11011110;
	5097 :	00011111;
	5096 :	11011111;
	5095 :	00011111;
	5094 :	11011111;
	5093 :	11011110;
	5092 :	11011110;
	5091 :	11011110;
	5090 :	11011110;
	5089 :	11111110;
	5088 :	11100110;
	5087 :	11011110;
	5086 :	11011110;
	5085 :	11011110;
	5084 :	11011110;
	5083 :	01111110;
	5082 :	11010110;
	5081 :	10011101;
	5080 :	11001110;
	5079 :	00111100;
	5078 :	11000110;
	5077 :	01011110;
	5076 :	11001110;
	5075 :	01011110;
	5074 :	11001110;
	5073 :	01011110;
	5072 :	11001110;
	5071 :	11011010;
	5070 :	10111101;
	5069 :	00011100;
	5068 :	10111110;
	5067 :	00011100;
	5066 :	10111110;
	5065 :	00111100;
	5064 :	11000110;
	5063 :	10011001;
	5062 :	10101101;
	5061 :	01011000;
	5060 :	10101101;
	5059 :	00110111;
	5058 :	10101101;
	5057 :	01011000;
	5056 :	10101101;
	5055 :	00110111;
	5054 :	10101101;
	5053 :	01011000;
	5052 :	10101101;
	5051 :	01011000;
	5050 :	10101101;
	5049 :	01011000;
	5048 :	10101101;
	5047 :	00110111;
	5046 :	10101101;
	5045 :	01011000;
	5044 :	10101101;
	5043 :	01011000;
	5042 :	10101101;
	5041 :	01011000;
	5040 :	10101101;
	5039 :	01111000;
	5038 :	10110101;
	5037 :	01111010;
	5036 :	10101101;
	5035 :	01111010;
	5034 :	10101101;
	5033 :	11011010;
	5032 :	10111101;
	5031 :	01111110;
	5030 :	11010110;
	5029 :	01111100;
	5028 :	11010110;
	5027 :	10111101;
	5026 :	11010110;
	5025 :	01111100;
	5024 :	11010110;
	5023 :	00111011;
	5022 :	11010110;
	5021 :	00011011;
	5020 :	11000110;
	5019 :	01111100;
	5018 :	11010110;
	5017 :	01111100;
	5016 :	11010110;
	5015 :	01111100;
	5014 :	11010110;
	5013 :	10110111;
	5012 :	11000101;
	5011 :	00001111;
	5010 :	11001101;
	5009 :	10100101;
	5008 :	10010010;
	5007 :	10000111;
	5006 :	10001010;
	5005 :	00000011;
	5004 :	01111010;
	5003 :	10100010;
	5002 :	01101001;
	5001 :	10100010;
	5000 :	01101001;
	4999 :	00100100;
	4998 :	01111010;
	4997 :	00000011;
	4996 :	01111010;
	4995 :	00100100;
	4994 :	01111010;
	4993 :	00000011;
	4992 :	01111010;
	4991 :	11000011;
	4990 :	01110001;
	4989 :	10100010;
	4988 :	01101001;
	4987 :	00000011;
	4986 :	01111010;
	4985 :	00000011;
	4984 :	01111010;
	4983 :	00100100;
	4982 :	01111010;
	4981 :	10000101;
	4980 :	10001010;
	4979 :	00100100;
	4978 :	01111010;
	4977 :	00100101;
	4976 :	10000010;
	4975 :	00000011;
	4974 :	01111010;
	4973 :	10000101;
	4972 :	10001010;
	4971 :	00100101;
	4970 :	10000010;
	4969 :	00100100;
	4968 :	01111010;
	4967 :	01000110;
	4966 :	10001010;
	4965 :	10000101;
	4964 :	10001010;
	4963 :	10000101;
	4962 :	10001010;
	4961 :	10100101;
	4960 :	10010010;
	4959 :	10100111;
	4958 :	10010010;
	4957 :	00100101;
	4956 :	10101011;
	4955 :	10100111;
	4954 :	10100010;
	4953 :	00000100;
	4952 :	10111011;
	4951 :	10100011;
	4950 :	10101010;
	4949 :	10000101;
	4948 :	11000011;
	4947 :	10101010;
	4946 :	11101100;
	4945 :	00001101;
	4944 :	11101101;
	4943 :	10001110;
	4942 :	11111101;
	4941 :	00010011;
	4940 :	11111110;
	4939 :	10110111;
	4938 :	11000101;
	4937 :	00110111;
	4936 :	10110101;
	4935 :	00111100;
	4934 :	11000110;
	4933 :	01111100;
	4932 :	11010110;
	4931 :	00111100;
	4930 :	11000110;
	4929 :	10011001;
	4928 :	10110101;
	4927 :	10011001;
	4926 :	10110101;
	4925 :	10011001;
	4924 :	10101101;
	4923 :	10011010;
	4922 :	10101101;
	4921 :	10011001;
	4920 :	10110101;
	4919 :	10011001;
	4918 :	10101101;
	4917 :	10011001;
	4916 :	10110101;
	4915 :	00011011;
	4914 :	11000110;
	4913 :	00011011;
	4912 :	10111110;
	4911 :	10011101;
	4910 :	11001110;
	4909 :	11011110;
	4908 :	11011110;
	4907 :	00011111;
	4906 :	11011111;
	4905 :	11011110;
	4904 :	11011110;
	4903 :	11011110;
	4902 :	11011110;
	4901 :	11111110;
	4900 :	11100110;
	4899 :	11111110;
	4898 :	11100110;
	4897 :	10011111;
	4896 :	11110111;
	4895 :	00011111;
	4894 :	11011111;
	4893 :	00111100;
	4892 :	11000110;
	4891 :	00111100;
	4890 :	11000110;
	4889 :	01011110;
	4888 :	11001110;
	4887 :	00111100;
	4886 :	11000110;
	4885 :	01011110;
	4884 :	11001110;
	4883 :	00111100;
	4882 :	11000110;
	4881 :	00111100;
	4880 :	11000110;
	4879 :	00111100;
	4878 :	11000110;
	4877 :	00111100;
	4876 :	11000110;
	4875 :	11111100;
	4874 :	11000101;
	4873 :	00111100;
	4872 :	11000110;
	4871 :	00011100;
	4870 :	10111110;
	4869 :	01011110;
	4868 :	11001110;
	4867 :	01011110;
	4866 :	11001110;
	4865 :	11111100;
	4864 :	11000101;
	4863 :	00111111;
	4862 :	11100111;
	4861 :	00011111;
	4860 :	11011111;
	4859 :	01011111;
	4858 :	11110111;
	4857 :	10011111;
	4856 :	11110111;
	4855 :	00111111;
	4854 :	11100111;
	4853 :	01011111;
	4852 :	11110111;
	4851 :	01011111;
	4850 :	11110111;
	4849 :	00011111;
	4848 :	11011111;
	4847 :	00011111;
	4846 :	11011111;
	4845 :	01011111;
	4844 :	11110111;
	4843 :	11011110;
	4842 :	11011110;
	4841 :	00011111;
	4840 :	11011111;
	4839 :	00111111;
	4838 :	11100111;
	4837 :	10111101;
	4836 :	11100110;
	4835 :	10011101;
	4834 :	11001110;
	4833 :	10011101;
	4832 :	11001110;
	4831 :	11011110;
	4830 :	11011110;
	4829 :	11011110;
	4828 :	11011110;
	4827 :	11011110;
	4826 :	11011110;
	4825 :	10011010;
	4824 :	10101101;
	4823 :	01011110;
	4822 :	11001110;
	4821 :	10011110;
	4820 :	11001110;
	4819 :	10011110;
	4818 :	11001110;
	4817 :	10011110;
	4816 :	11001110;
	4815 :	11111100;
	4814 :	10111101;
	4813 :	00111100;
	4812 :	11000110;
	4811 :	10011101;
	4810 :	11001110;
	4809 :	10011101;
	4808 :	11001110;
	4807 :	01011000;
	4806 :	10101101;
	4805 :	01011000;
	4804 :	10101101;
	4803 :	00111000;
	4802 :	10011101;
	4801 :	01011000;
	4800 :	10101101;
	4799 :	01011000;
	4798 :	10101101;
	4797 :	01111000;
	4796 :	10110101;
	4795 :	00110111;
	4794 :	10101101;
	4793 :	00111000;
	4792 :	10011101;
	4791 :	01011000;
	4790 :	10101101;
	4789 :	00110111;
	4788 :	10101101;
	4787 :	01011000;
	4786 :	10101101;
	4785 :	01011000;
	4784 :	10101101;
	4783 :	01011000;
	4782 :	10101101;
	4781 :	00110111;
	4780 :	10101101;
	4779 :	01111010;
	4778 :	10110101;
	4777 :	11111010;
	4776 :	11000101;
	4775 :	11111010;
	4774 :	11000101;
	4773 :	11111010;
	4772 :	11000101;
	4771 :	11111010;
	4770 :	11000101;
	4769 :	01111010;
	4768 :	10101101;
	4767 :	01111100;
	4766 :	11010110;
	4765 :	11111110;
	4764 :	11110110;
	4763 :	01111100;
	4762 :	11010110;
	4761 :	11111010;
	4760 :	11000101;
	4759 :	01111000;
	4758 :	11000101;
	4757 :	10110111;
	4756 :	11000101;
	4755 :	00001111;
	4754 :	11001101;
	4753 :	00001001;
	4752 :	10011011;
	4751 :	10000101;
	4750 :	10001010;
	4749 :	10000111;
	4748 :	10001010;
	4747 :	00000011;
	4746 :	01111010;
	4745 :	00100100;
	4744 :	01111010;
	4743 :	00000011;
	4742 :	01111010;
	4741 :	00100100;
	4740 :	01111010;
	4739 :	10000101;
	4738 :	10001010;
	4737 :	00000011;
	4736 :	01111010;
	4735 :	10000001;
	4734 :	01101001;
	4733 :	00000011;
	4732 :	10001010;
	4731 :	00100100;
	4730 :	01111010;
	4729 :	10000001;
	4728 :	01101001;
	4727 :	10100010;
	4726 :	01101001;
	4725 :	10100010;
	4724 :	01101001;
	4723 :	10100010;
	4722 :	01101001;
	4721 :	10100010;
	4720 :	01101001;
	4719 :	01100001;
	4718 :	01100001;
	4717 :	10100010;
	4716 :	01101001;
	4715 :	00100000;
	4714 :	01011001;
	4713 :	10000001;
	4712 :	01101001;
	4711 :	10000001;
	4710 :	01101001;
	4709 :	10100010;
	4708 :	01101001;
	4707 :	10100001;
	4706 :	01111001;
	4705 :	10100010;
	4704 :	01101001;
	4703 :	11000011;
	4702 :	01110001;
	4701 :	00000011;
	4700 :	10001010;
	4699 :	01000100;
	4698 :	10100010;
	4697 :	10100011;
	4696 :	10101010;
	4695 :	11000100;
	4694 :	10110010;
	4693 :	00000100;
	4692 :	10111011;
	4691 :	00101001;
	4690 :	11011100;
	4689 :	00001101;
	4688 :	11101101;
	4687 :	10101100;
	4686 :	11011100;
	4685 :	11010010;
	4684 :	11110101;
	4683 :	10010101;
	4682 :	11000101;
	4681 :	00011001;
	4680 :	10111110;
	4679 :	00011011;
	4678 :	11000110;
	4677 :	00111100;
	4676 :	11000110;
	4675 :	00011001;
	4674 :	10111110;
	4673 :	10011001;
	4672 :	10110101;
	4671 :	10011001;
	4670 :	10101101;
	4669 :	01111000;
	4668 :	10110101;
	4667 :	10011001;
	4666 :	10101101;
	4665 :	10011001;
	4664 :	10110101;
	4663 :	10011010;
	4662 :	10101101;
	4661 :	00011111;
	4660 :	11011111;
	4659 :	10111101;
	4658 :	11010110;
	4657 :	10011110;
	4656 :	11001110;
	4655 :	10111101;
	4654 :	11010110;
	4653 :	11011110;
	4652 :	11011110;
	4651 :	11011110;
	4650 :	11011110;
	4649 :	10011101;
	4648 :	11001110;
	4647 :	11011110;
	4646 :	11011110;
	4645 :	11111110;
	4644 :	11100110;
	4643 :	00111111;
	4642 :	11100111;
	4641 :	11011110;
	4640 :	11011110;
	4639 :	00111100;
	4638 :	11000110;
	4637 :	00111100;
	4636 :	11000110;
	4635 :	00111100;
	4634 :	11000110;
	4633 :	00111100;
	4632 :	11000110;
	4631 :	01011110;
	4630 :	11001110;
	4629 :	00111100;
	4628 :	11000110;
	4627 :	00111100;
	4626 :	11000110;
	4625 :	00111100;
	4624 :	11000110;
	4623 :	00111100;
	4622 :	11000110;
	4621 :	01011110;
	4620 :	11001110;
	4619 :	00111100;
	4618 :	11000110;
	4617 :	11111100;
	4616 :	11000101;
	4615 :	01011110;
	4614 :	11001110;
	4613 :	00011100;
	4612 :	10111110;
	4611 :	00011100;
	4610 :	10111110;
	4609 :	01011110;
	4608 :	11001110;
	4607 :	00011111;
	4606 :	11011111;
	4605 :	01011111;
	4604 :	11110111;
	4603 :	11111110;
	4602 :	11110110;
	4601 :	00111111;
	4600 :	11100111;
	4599 :	10011111;
	4598 :	11110111;
	4597 :	00011111;
	4596 :	11011111;
	4595 :	10111101;
	4594 :	11100110;
	4593 :	00111111;
	4592 :	11100111;
	4591 :	11111110;
	4590 :	11100110;
	4589 :	11111110;
	4588 :	11100110;
	4587 :	11011110;
	4586 :	11011110;
	4585 :	01111100;
	4584 :	11010110;
	4583 :	01111100;
	4582 :	11010110;
	4581 :	01111100;
	4580 :	11010110;
	4579 :	00111100;
	4578 :	11000110;
	4577 :	00111100;
	4576 :	11000110;
	4575 :	10011101;
	4574 :	11001110;
	4573 :	10011110;
	4572 :	11001110;
	4571 :	11111100;
	4570 :	11000101;
	4569 :	01111010;
	4568 :	10110101;
	4567 :	10011101;
	4566 :	11001110;
	4565 :	10011101;
	4564 :	11001110;
	4563 :	11011110;
	4562 :	11011110;
	4561 :	10011101;
	4560 :	11001110;
	4559 :	10011101;
	4558 :	11001110;
	4557 :	10011101;
	4556 :	11001110;
	4555 :	00011011;
	4554 :	10111110;
	4553 :	01111010;
	4552 :	10101101;
	4551 :	00111000;
	4550 :	10011101;
	4549 :	01011000;
	4548 :	10101101;
	4547 :	01011000;
	4546 :	10101101;
	4545 :	01011000;
	4544 :	10101101;
	4543 :	11110110;
	4542 :	10100100;
	4541 :	01011000;
	4540 :	10101101;
	4539 :	00111000;
	4538 :	10011101;
	4537 :	01011000;
	4536 :	10101101;
	4535 :	00111000;
	4534 :	10011101;
	4533 :	01011000;
	4532 :	10101101;
	4531 :	01011000;
	4530 :	10101101;
	4529 :	11110110;
	4528 :	10100100;
	4527 :	01011000;
	4526 :	10101101;
	4525 :	11110110;
	4524 :	10100100;
	4523 :	11111110;
	4522 :	11100110;
	4521 :	01111110;
	4520 :	11010110;
	4519 :	10111101;
	4518 :	11100110;
	4517 :	01111110;
	4516 :	11010110;
	4515 :	01111000;
	4514 :	10110101;
	4513 :	00111100;
	4512 :	11000110;
	4511 :	11111010;
	4510 :	11010101;
	4509 :	11111100;
	4508 :	11000101;
	4507 :	00011011;
	4506 :	11000110;
	4505 :	01111000;
	4504 :	11000101;
	4503 :	11111010;
	4502 :	11000101;
	4501 :	10110111;
	4500 :	11000101;
	4499 :	01010100;
	4498 :	11010101;
	4497 :	10000111;
	4496 :	10001010;
	4495 :	10100111;
	4494 :	10010010;
	4493 :	10100101;
	4492 :	10010010;
	4491 :	10100111;
	4490 :	10010010;
	4489 :	00100100;
	4488 :	01111010;
	4487 :	11000011;
	4486 :	01110001;
	4485 :	00100101;
	4484 :	10000010;
	4483 :	00100100;
	4482 :	01111010;
	4481 :	10000001;
	4480 :	01101001;
	4479 :	00100101;
	4478 :	10000010;
	4477 :	10000001;
	4476 :	01101001;
	4475 :	10100010;
	4474 :	01101001;
	4473 :	11000011;
	4472 :	01110001;
	4471 :	10100010;
	4470 :	01101001;
	4469 :	10100010;
	4468 :	01101001;
	4467 :	11000011;
	4466 :	01110001;
	4465 :	10000001;
	4464 :	01101001;
	4463 :	10000011;
	4462 :	01011001;
	4461 :	00100000;
	4460 :	01011001;
	4459 :	10000011;
	4458 :	01011001;
	4457 :	01100001;
	4456 :	01100001;
	4455 :	01100001;
	4454 :	01100001;
	4453 :	00100000;
	4452 :	01011001;
	4451 :	01100001;
	4450 :	01100001;
	4449 :	01100001;
	4448 :	01100001;
	4447 :	11000010;
	4446 :	10000001;
	4445 :	00000011;
	4444 :	10001010;
	4443 :	00100001;
	4442 :	10010010;
	4441 :	11000100;
	4440 :	10110010;
	4439 :	00000100;
	4438 :	10111011;
	4437 :	10000110;
	4436 :	11000011;
	4435 :	11101001;
	4434 :	11010011;
	4433 :	10101010;
	4432 :	11101100;
	4431 :	00101111;
	4430 :	11100101;
	4429 :	10110011;
	4428 :	11101101;
	4427 :	00110101;
	4426 :	10110101;
	4425 :	10110111;
	4424 :	11000101;
	4423 :	00011011;
	4422 :	11000110;
	4421 :	10011011;
	4420 :	11010110;
	4419 :	10011001;
	4418 :	10101101;
	4417 :	10011001;
	4416 :	10110101;
	4415 :	10011001;
	4414 :	10101101;
	4413 :	10011001;
	4412 :	10110101;
	4411 :	10011001;
	4410 :	10110101;
	4409 :	11011010;
	4408 :	10111101;
	4407 :	00111000;
	4406 :	10011101;
	4405 :	00011011;
	4404 :	10111110;
	4403 :	11011110;
	4402 :	11011110;
	4401 :	11011010;
	4400 :	10111101;
	4399 :	11011110;
	4398 :	11011110;
	4397 :	11011110;
	4396 :	11011110;
	4395 :	11111100;
	4394 :	11000101;
	4393 :	00111100;
	4392 :	11000110;
	4391 :	00111111;
	4390 :	11100111;
	4389 :	11111110;
	4388 :	11100110;
	4387 :	11111110;
	4386 :	11100110;
	4385 :	11111110;
	4384 :	11100110;
	4383 :	01111100;
	4382 :	11010110;
	4381 :	01111100;
	4380 :	11010110;
	4379 :	00111100;
	4378 :	11000110;
	4377 :	00111100;
	4376 :	11000110;
	4375 :	00111100;
	4374 :	11000110;
	4373 :	00111100;
	4372 :	11000110;
	4371 :	00111100;
	4370 :	11000110;
	4369 :	00111100;
	4368 :	11000110;
	4367 :	11111100;
	4366 :	11000101;
	4365 :	00111100;
	4364 :	11000110;
	4363 :	11111100;
	4362 :	11000101;
	4361 :	00111100;
	4360 :	11000110;
	4359 :	00111100;
	4358 :	11000110;
	4357 :	00011100;
	4356 :	10111110;
	4355 :	01011110;
	4354 :	11001110;
	4353 :	00011100;
	4352 :	10111110;
	4351 :	00111111;
	4350 :	11100111;
	4349 :	00111111;
	4348 :	11100111;
	4347 :	10011111;
	4346 :	11110111;
	4345 :	10011111;
	4344 :	11110111;
	4343 :	10011111;
	4342 :	11110111;
	4341 :	10011111;
	4340 :	11110111;
	4339 :	00111111;
	4338 :	11100111;
	4337 :	00111111;
	4336 :	11100111;
	4335 :	11111110;
	4334 :	11100110;
	4333 :	11111110;
	4332 :	11100110;
	4331 :	11111110;
	4330 :	11110110;
	4329 :	00111111;
	4328 :	11100111;
	4327 :	00111111;
	4326 :	11100111;
	4325 :	11111110;
	4324 :	11100110;
	4323 :	11111110;
	4322 :	11100110;
	4321 :	00011111;
	4320 :	11011111;
	4319 :	11111110;
	4318 :	11100110;
	4317 :	11011110;
	4316 :	11011110;
	4315 :	01111110;
	4314 :	11010110;
	4313 :	11011010;
	4312 :	10111101;
	4311 :	01111100;
	4310 :	11010110;
	4309 :	11111100;
	4308 :	11000101;
	4307 :	11011010;
	4306 :	10111101;
	4305 :	10011001;
	4304 :	10101101;
	4303 :	01011000;
	4302 :	10101101;
	4301 :	01011000;
	4300 :	10101101;
	4299 :	01011000;
	4298 :	10101101;
	4297 :	10011010;
	4296 :	10101101;
	4295 :	01011000;
	4294 :	10101101;
	4293 :	01011000;
	4292 :	10101101;
	4291 :	01011000;
	4290 :	10101101;
	4289 :	01011000;
	4288 :	10101101;
	4287 :	01011000;
	4286 :	10101101;
	4285 :	01011000;
	4284 :	10101101;
	4283 :	01011000;
	4282 :	10101101;
	4281 :	00110111;
	4280 :	10101101;
	4279 :	01011000;
	4278 :	10101101;
	4277 :	00110111;
	4276 :	10101101;
	4275 :	01011000;
	4274 :	10101101;
	4273 :	00110111;
	4272 :	10101101;
	4271 :	01011000;
	4270 :	10101101;
	4269 :	01011000;
	4268 :	10101101;
	4267 :	01011000;
	4266 :	10101101;
	4265 :	11011010;
	4264 :	10111101;
	4263 :	01111010;
	4262 :	10101101;
	4261 :	01111010;
	4260 :	10110101;
	4259 :	01111000;
	4258 :	10110101;
	4257 :	01111010;
	4256 :	10110101;
	4255 :	00111100;
	4254 :	11000110;
	4253 :	11111010;
	4252 :	11010101;
	4251 :	01111000;
	4250 :	10110101;
	4249 :	11110110;
	4248 :	10110100;
	4247 :	11110110;
	4246 :	10110100;
	4245 :	10110111;
	4244 :	11000101;
	4243 :	11010111;
	4242 :	11100101;
	4241 :	10001011;
	4240 :	10101011;
	4239 :	10000101;
	4238 :	10001010;
	4237 :	10000101;
	4236 :	10001010;
	4235 :	00001001;
	4234 :	10011011;
	4233 :	00100101;
	4232 :	10000010;
	4231 :	10000111;
	4230 :	10001010;
	4229 :	10100101;
	4228 :	10010010;
	4227 :	00000011;
	4226 :	01111010;
	4225 :	00100000;
	4224 :	01011001;
	4223 :	11000011;
	4222 :	01110001;
	4221 :	00100000;
	4220 :	01011001;
	4219 :	00000101;
	4218 :	01101010;
	4217 :	11000011;
	4216 :	01110001;
	4215 :	10100010;
	4214 :	01101001;
	4213 :	11000011;
	4212 :	01110001;
	4211 :	10100010;
	4210 :	01101001;
	4209 :	00100000;
	4208 :	01011001;
	4207 :	10000011;
	4206 :	01011001;
	4205 :	00100000;
	4204 :	01011001;
	4203 :	10100010;
	4202 :	01101001;
	4201 :	00000011;
	4200 :	01111010;
	4199 :	11000011;
	4198 :	01110001;
	4197 :	00100100;
	4196 :	01111010;
	4195 :	10000001;
	4194 :	01101001;
	4193 :	00100000;
	4192 :	01011001;
	4191 :	10000001;
	4190 :	01101001;
	4189 :	11000010;
	4188 :	10000001;
	4187 :	01100011;
	4186 :	10110010;
	4185 :	11000011;
	4184 :	10110010;
	4183 :	01001000;
	4182 :	11101100;
	4181 :	01001010;
	4180 :	11100100;
	4179 :	00101001;
	4178 :	11011100;
	4177 :	00101110;
	4176 :	11110101;
	4175 :	10010001;
	4174 :	11101101;
	4173 :	00110010;
	4172 :	11001101;
	4171 :	00110111;
	4170 :	10110101;
	4169 :	01111000;
	4168 :	10110101;
	4167 :	01111000;
	4166 :	10110101;
	4165 :	01111000;
	4164 :	10110101;
	4163 :	10011001;
	4162 :	10110101;
	4161 :	10011001;
	4160 :	10110101;
	4159 :	10011001;
	4158 :	10110101;
	4157 :	10011001;
	4156 :	10101101;
	4155 :	10011001;
	4154 :	10110101;
	4153 :	10011010;
	4152 :	10101101;
	4151 :	10011001;
	4150 :	10110101;
	4149 :	11011010;
	4148 :	10111101;
	4147 :	11111100;
	4146 :	11000101;
	4145 :	10011110;
	4144 :	11001110;
	4143 :	11111110;
	4142 :	11100110;
	4141 :	11011110;
	4140 :	11011110;
	4139 :	01011111;
	4138 :	11110111;
	4137 :	01111100;
	4136 :	11010110;
	4135 :	00111111;
	4134 :	11100111;
	4133 :	11011110;
	4132 :	11011110;
	4131 :	00111111;
	4130 :	11100111;
	4129 :	00011111;
	4128 :	11011111;
	4127 :	01111100;
	4126 :	11010110;
	4125 :	11111100;
	4124 :	11000101;
	4123 :	10011101;
	4122 :	11001110;
	4121 :	00111100;
	4120 :	11000110;
	4119 :	00111100;
	4118 :	11000110;
	4117 :	00111100;
	4116 :	11000110;
	4115 :	00111100;
	4114 :	11000110;
	4113 :	11111100;
	4112 :	11000101;
	4111 :	00111100;
	4110 :	11000110;
	4109 :	00111100;
	4108 :	11000110;
	4107 :	00111100;
	4106 :	11000110;
	4105 :	00111100;
	4104 :	11000110;
	4103 :	00111100;
	4102 :	11000110;
	4101 :	00111100;
	4100 :	11000110;
	4099 :	01011110;
	4098 :	11001110;
	4097 :	00111100;
	4096 :	11000110;
	4095 :	11111110;
	4094 :	11100110;
	4093 :	10011111;
	4092 :	11110111;
	4091 :	10011111;
	4090 :	11110111;
	4089 :	10011111;
	4088 :	11110111;
	4087 :	00111111;
	4086 :	11100111;
	4085 :	00111111;
	4084 :	11100111;
	4083 :	10011111;
	4082 :	11110111;
	4081 :	01111110;
	4080 :	11010110;
	4079 :	00111100;
	4078 :	11000110;
	4077 :	11111100;
	4076 :	11000101;
	4075 :	11111100;
	4074 :	11000101;
	4073 :	11111010;
	4072 :	11000101;
	4071 :	11111100;
	4070 :	11000101;
	4069 :	00111100;
	4068 :	11000110;
	4067 :	00111100;
	4066 :	11000110;
	4065 :	01111100;
	4064 :	11010110;
	4063 :	01111100;
	4062 :	11010110;
	4061 :	11111010;
	4060 :	11000101;
	4059 :	01011000;
	4058 :	10101101;
	4057 :	01011000;
	4056 :	10101101;
	4055 :	00010110;
	4054 :	10011101;
	4053 :	01011000;
	4052 :	10101101;
	4051 :	00110111;
	4050 :	10101101;
	4049 :	01011000;
	4048 :	10101101;
	4047 :	00111000;
	4046 :	10011101;
	4045 :	01011000;
	4044 :	10101101;
	4043 :	00010110;
	4042 :	10011101;
	4041 :	00110111;
	4040 :	10101101;
	4039 :	00110111;
	4038 :	10101101;
	4037 :	01011000;
	4036 :	10101101;
	4035 :	00110111;
	4034 :	10101101;
	4033 :	01011000;
	4032 :	10101101;
	4031 :	01011000;
	4030 :	10101101;
	4029 :	00110111;
	4028 :	10101101;
	4027 :	01011000;
	4026 :	10101101;
	4025 :	01011000;
	4024 :	10101101;
	4023 :	01011000;
	4022 :	10101101;
	4021 :	01011000;
	4020 :	10101101;
	4019 :	01011000;
	4018 :	10101101;
	4017 :	00110111;
	4016 :	10101101;
	4015 :	00110111;
	4014 :	10101101;
	4013 :	00110111;
	4012 :	10101101;
	4011 :	11110110;
	4010 :	10100100;
	4009 :	00110111;
	4008 :	10101101;
	4007 :	11110110;
	4006 :	10100100;
	4005 :	11110110;
	4004 :	10100100;
	4003 :	11110110;
	4002 :	10100100;
	4001 :	01011000;
	4000 :	10101101;
	3999 :	11110110;
	3998 :	10110100;
	3997 :	01111000;
	3996 :	10110101;
	3995 :	11110110;
	3994 :	10110100;
	3993 :	11110110;
	3992 :	10110100;
	3991 :	00110111;
	3990 :	10110101;
	3989 :	11110110;
	3988 :	10110100;
	3987 :	01111000;
	3986 :	10110101;
	3985 :	10010101;
	3984 :	11011101;
	3983 :	00001001;
	3982 :	10100011;
	3981 :	10000101;
	3980 :	10001010;
	3979 :	10000101;
	3978 :	10001010;
	3977 :	00000011;
	3976 :	10001010;
	3975 :	00001001;
	3974 :	10011011;
	3973 :	10100101;
	3972 :	10010010;
	3971 :	10000011;
	3970 :	01011001;
	3969 :	11000011;
	3968 :	01110001;
	3967 :	10000011;
	3966 :	01011001;
	3965 :	00100000;
	3964 :	01011001;
	3963 :	10000001;
	3962 :	01101001;
	3961 :	00000011;
	3960 :	01111010;
	3959 :	11000011;
	3958 :	01110001;
	3957 :	00100100;
	3956 :	01111010;
	3955 :	10000011;
	3954 :	01011001;
	3953 :	10000001;
	3952 :	01101001;
	3951 :	10000001;
	3950 :	01101001;
	3949 :	10000001;
	3948 :	01101001;
	3947 :	10000001;
	3946 :	01101001;
	3945 :	00000011;
	3944 :	01111010;
	3943 :	10000001;
	3942 :	01101001;
	3941 :	10100010;
	3940 :	01101001;
	3939 :	11000011;
	3938 :	01110001;
	3937 :	01000110;
	3936 :	10001010;
	3935 :	00100100;
	3934 :	10010010;
	3933 :	01000100;
	3932 :	10100010;
	3931 :	01100011;
	3930 :	10110010;
	3929 :	01000101;
	3928 :	11000011;
	3927 :	01000101;
	3926 :	11000011;
	3925 :	01000101;
	3924 :	11000011;
	3923 :	00001101;
	3922 :	11101101;
	3921 :	01010001;
	3920 :	11100101;
	3919 :	00110101;
	3918 :	11000101;
	3917 :	00110101;
	3916 :	10110101;
	3915 :	00110111;
	3914 :	10101101;
	3913 :	10011001;
	3912 :	10101101;
	3911 :	10011001;
	3910 :	10110101;
	3909 :	10011001;
	3908 :	10101101;
	3907 :	01111000;
	3906 :	10110101;
	3905 :	10010111;
	3904 :	10111101;
	3903 :	10011001;
	3902 :	10101101;
	3901 :	10011001;
	3900 :	10110101;
	3899 :	10011001;
	3898 :	10110101;
	3897 :	01111000;
	3896 :	10110101;
	3895 :	10011001;
	3894 :	10101101;
	3893 :	01111000;
	3892 :	10110101;
	3891 :	10011111;
	3890 :	11101111;
	3889 :	11111110;
	3888 :	11100110;
	3887 :	01111100;
	3886 :	11010110;
	3885 :	11011110;
	3884 :	11011110;
	3883 :	11111110;
	3882 :	11100110;
	3881 :	00111100;
	3880 :	11000110;
	3879 :	11111100;
	3878 :	10111101;
	3877 :	01111100;
	3876 :	11010110;
	3875 :	00111100;
	3874 :	11000110;
	3873 :	01111100;
	3872 :	11010110;
	3871 :	10011101;
	3870 :	11001110;
	3869 :	01111100;
	3868 :	11010110;
	3867 :	11111100;
	3866 :	11000101;
	3865 :	00111100;
	3864 :	11000110;
	3863 :	00111100;
	3862 :	11000110;
	3861 :	11111100;
	3860 :	11000101;
	3859 :	00111100;
	3858 :	11000110;
	3857 :	00111100;
	3856 :	11000110;
	3855 :	00111100;
	3854 :	11000110;
	3853 :	00111100;
	3852 :	11000110;
	3851 :	00111100;
	3850 :	11000110;
	3849 :	00111100;
	3848 :	11000110;
	3847 :	00111100;
	3846 :	11000110;
	3845 :	00011100;
	3844 :	10111110;
	3843 :	00111100;
	3842 :	11000110;
	3841 :	00011100;
	3840 :	10111110;
	3839 :	10111101;
	3838 :	11010110;
	3837 :	00111111;
	3836 :	11100111;
	3835 :	10011111;
	3834 :	11110111;
	3833 :	00111111;
	3832 :	11100111;
	3831 :	11111110;
	3830 :	11110110;
	3829 :	01011111;
	3828 :	11110111;
	3827 :	11111110;
	3826 :	11110110;
	3825 :	11011110;
	3824 :	11011110;
	3823 :	11111010;
	3822 :	11000101;
	3821 :	11111010;
	3820 :	11000101;
	3819 :	11111100;
	3818 :	11000101;
	3817 :	11111100;
	3816 :	11000101;
	3815 :	10111001;
	3814 :	11000101;
	3813 :	11111010;
	3812 :	11000101;
	3811 :	11011010;
	3810 :	10111101;
	3809 :	10011001;
	3808 :	10110101;
	3807 :	11111010;
	3806 :	11000101;
	3805 :	01111010;
	3804 :	10110101;
	3803 :	01111000;
	3802 :	10110101;
	3801 :	01011000;
	3800 :	10101101;
	3799 :	01011000;
	3798 :	10101101;
	3797 :	01011000;
	3796 :	10101101;
	3795 :	01011000;
	3794 :	10101101;
	3793 :	01011000;
	3792 :	10101101;
	3791 :	01011000;
	3790 :	10101101;
	3789 :	00010110;
	3788 :	10011101;
	3787 :	00111000;
	3786 :	10011101;
	3785 :	00111000;
	3784 :	10011101;
	3783 :	01011000;
	3782 :	10101101;
	3781 :	01011000;
	3780 :	10101101;
	3779 :	01011000;
	3778 :	10101101;
	3777 :	11110110;
	3776 :	10100100;
	3775 :	01011000;
	3774 :	10101101;
	3773 :	00010110;
	3772 :	10011101;
	3771 :	01011000;
	3770 :	10101101;
	3769 :	00010110;
	3768 :	10011101;
	3767 :	00110111;
	3766 :	10101101;
	3765 :	00010110;
	3764 :	10011101;
	3763 :	00110111;
	3762 :	10101101;
	3761 :	00010110;
	3760 :	10011101;
	3759 :	01011000;
	3758 :	10101101;
	3757 :	01011000;
	3756 :	10101101;
	3755 :	11110110;
	3754 :	10100100;
	3753 :	00110111;
	3752 :	10101101;
	3751 :	00110111;
	3750 :	10101101;
	3749 :	11110110;
	3748 :	10100100;
	3747 :	01011000;
	3746 :	10101101;
	3745 :	11110110;
	3744 :	10110100;
	3743 :	11110110;
	3742 :	10110100;
	3741 :	11110110;
	3740 :	10110100;
	3739 :	01111000;
	3738 :	10110101;
	3737 :	11110110;
	3736 :	10110100;
	3735 :	01111000;
	3734 :	11000101;
	3733 :	00110111;
	3732 :	10110101;
	3731 :	01010110;
	3730 :	11000101;
	3729 :	01010100;
	3728 :	11010101;
	3727 :	10101100;
	3726 :	11011100;
	3725 :	10100101;
	3724 :	10010010;
	3723 :	00100100;
	3722 :	01111010;
	3721 :	10000101;
	3720 :	10001010;
	3719 :	00001001;
	3718 :	10011011;
	3717 :	10000101;
	3716 :	10001010;
	3715 :	10100010;
	3714 :	01101001;
	3713 :	00000011;
	3712 :	01111010;
	3711 :	10000001;
	3710 :	01101001;
	3709 :	11000011;
	3708 :	01110001;
	3707 :	10100010;
	3706 :	01101001;
	3705 :	11000011;
	3704 :	01110001;
	3703 :	10100010;
	3702 :	01101001;
	3701 :	10000101;
	3700 :	10001010;
	3699 :	00000011;
	3698 :	01111010;
	3697 :	00000011;
	3696 :	01111010;
	3695 :	01100001;
	3694 :	01100001;
	3693 :	10000011;
	3692 :	01011001;
	3691 :	10000011;
	3690 :	01011001;
	3689 :	10100010;
	3688 :	01101001;
	3687 :	01100000;
	3686 :	01110001;
	3685 :	01100001;
	3684 :	01100001;
	3683 :	00100000;
	3682 :	01011001;
	3681 :	00100000;
	3680 :	01011001;
	3679 :	11000001;
	3678 :	10000001;
	3677 :	00100011;
	3676 :	10100010;
	3675 :	10000000;
	3674 :	10100001;
	3673 :	01100001;
	3672 :	10110010;
	3671 :	01000101;
	3670 :	11000011;
	3669 :	11001101;
	3668 :	11100100;
	3667 :	01010010;
	3666 :	11100101;
	3665 :	01010100;
	3664 :	11100101;
	3663 :	00110111;
	3662 :	10110101;
	3661 :	10010111;
	3660 :	10111101;
	3659 :	10010111;
	3658 :	10111101;
	3657 :	10010111;
	3656 :	10111101;
	3655 :	10010111;
	3654 :	10111101;
	3653 :	01111000;
	3652 :	10110101;
	3651 :	10011001;
	3650 :	10101101;
	3649 :	10011001;
	3648 :	10110101;
	3647 :	10011001;
	3646 :	10101101;
	3645 :	10011001;
	3644 :	10101101;
	3643 :	10011001;
	3642 :	10101101;
	3641 :	10011001;
	3640 :	10110101;
	3639 :	10011001;
	3638 :	10101101;
	3637 :	10011010;
	3636 :	10101101;
	3635 :	10011001;
	3634 :	10110101;
	3633 :	01111010;
	3632 :	10101101;
	3631 :	10111001;
	3630 :	11000101;
	3629 :	01111010;
	3628 :	10110101;
	3627 :	11011010;
	3626 :	10111101;
	3625 :	00111100;
	3624 :	11000110;
	3623 :	11111110;
	3622 :	11100110;
	3621 :	10011110;
	3620 :	11001110;
	3619 :	00111111;
	3618 :	11100111;
	3617 :	11011110;
	3616 :	11011110;
	3615 :	11111110;
	3614 :	11100110;
	3613 :	10011101;
	3612 :	11001110;
	3611 :	00011011;
	3610 :	11000110;
	3609 :	00111100;
	3608 :	11000110;
	3607 :	00111100;
	3606 :	11000110;
	3605 :	00111100;
	3604 :	11000110;
	3603 :	00111100;
	3602 :	11000110;
	3601 :	11111100;
	3600 :	11000101;
	3599 :	00111100;
	3598 :	11000110;
	3597 :	00111100;
	3596 :	11000110;
	3595 :	00111100;
	3594 :	11000110;
	3593 :	00111100;
	3592 :	11000110;
	3591 :	00111100;
	3590 :	11000110;
	3589 :	00111100;
	3588 :	11000110;
	3587 :	00011100;
	3586 :	10111110;
	3585 :	11111100;
	3584 :	11000101;
	3583 :	00111111;
	3582 :	11100111;
	3581 :	11111110;
	3580 :	11100110;
	3579 :	11111110;
	3578 :	11110110;
	3577 :	11111110;
	3576 :	11100110;
	3575 :	01111110;
	3574 :	11010110;
	3573 :	00111100;
	3572 :	11000110;
	3571 :	00111011;
	3570 :	11010110;
	3569 :	11111100;
	3568 :	11000101;
	3567 :	00111100;
	3566 :	11000110;
	3565 :	11111010;
	3564 :	11000101;
	3563 :	01111010;
	3562 :	10110101;
	3561 :	11111010;
	3560 :	11000101;
	3559 :	01111010;
	3558 :	10110101;
	3557 :	01111010;
	3556 :	10110101;
	3555 :	11111010;
	3554 :	11000101;
	3553 :	11011010;
	3552 :	10111101;
	3551 :	10011001;
	3550 :	10110101;
	3549 :	01111010;
	3548 :	10101101;
	3547 :	01111000;
	3546 :	10110101;
	3545 :	01011000;
	3544 :	10101101;
	3543 :	01011000;
	3542 :	10101101;
	3541 :	00110111;
	3540 :	10101101;
	3539 :	00111000;
	3538 :	10011101;
	3537 :	01011000;
	3536 :	10101101;
	3535 :	00110111;
	3534 :	10101101;
	3533 :	00111000;
	3532 :	10011101;
	3531 :	01011000;
	3530 :	10101101;
	3529 :	00110111;
	3528 :	10101101;
	3527 :	01011000;
	3526 :	10101101;
	3525 :	00110111;
	3524 :	10101101;
	3523 :	01011000;
	3522 :	10101101;
	3521 :	01011000;
	3520 :	10101101;
	3519 :	00110111;
	3518 :	10101101;
	3517 :	00111000;
	3516 :	10011101;
	3515 :	00110111;
	3514 :	10101101;
	3513 :	01011000;
	3512 :	10101101;
	3511 :	00110111;
	3510 :	10101101;
	3509 :	00110111;
	3508 :	10101101;
	3507 :	00110111;
	3506 :	10101101;
	3505 :	00110111;
	3504 :	10101101;
	3503 :	00110111;
	3502 :	10101101;
	3501 :	11110110;
	3500 :	10100100;
	3499 :	00111000;
	3498 :	10011101;
	3497 :	00110111;
	3496 :	10101101;
	3495 :	00110111;
	3494 :	10101101;
	3493 :	00110111;
	3492 :	10101101;
	3491 :	11110110;
	3490 :	10100100;
	3489 :	01011000;
	3488 :	10101101;
	3487 :	11110110;
	3486 :	10110100;
	3485 :	01111010;
	3484 :	10101101;
	3483 :	11110110;
	3482 :	10110100;
	3481 :	01111000;
	3480 :	10110101;
	3479 :	11110110;
	3478 :	10110100;
	3477 :	01111000;
	3476 :	11000101;
	3475 :	00110111;
	3474 :	10110101;
	3473 :	00110101;
	3472 :	11000101;
	3471 :	10010001;
	3470 :	11101101;
	3469 :	00001001;
	3468 :	10100011;
	3467 :	10100111;
	3466 :	10100010;
	3465 :	10100111;
	3464 :	10010010;
	3463 :	00001001;
	3462 :	10011011;
	3461 :	10000111;
	3460 :	10001010;
	3459 :	10000111;
	3458 :	10001010;
	3457 :	00100101;
	3456 :	10000010;
	3455 :	00100100;
	3454 :	01111010;
	3453 :	00100000;
	3452 :	01011001;
	3451 :	00100100;
	3450 :	01111010;
	3449 :	00100101;
	3448 :	10000010;
	3447 :	00100100;
	3446 :	01111010;
	3445 :	10000111;
	3444 :	10001010;
	3443 :	10000101;
	3442 :	10001010;
	3441 :	10000101;
	3440 :	10001010;
	3439 :	01100001;
	3438 :	01100001;
	3437 :	10100010;
	3436 :	01101001;
	3435 :	11000011;
	3434 :	01110001;
	3433 :	10000001;
	3432 :	01101001;
	3431 :	11000011;
	3430 :	01110001;
	3429 :	10100010;
	3428 :	01101001;
	3427 :	10100010;
	3426 :	01101001;
	3425 :	10100001;
	3424 :	01111001;
	3423 :	01100000;
	3422 :	01110001;
	3421 :	00100111;
	3420 :	11000011;
	3419 :	00001001;
	3418 :	11110100;
	3417 :	00000111;
	3416 :	11100100;
	3415 :	00101001;
	3414 :	11011100;
	3413 :	10010001;
	3412 :	11101101;
	3411 :	10110100;
	3410 :	11100101;
	3409 :	00110101;
	3408 :	11000101;
	3407 :	10010111;
	3406 :	10111101;
	3405 :	00110111;
	3404 :	10101101;
	3403 :	10010111;
	3402 :	10111101;
	3401 :	01011000;
	3400 :	10101101;
	3399 :	01111000;
	3398 :	10110101;
	3397 :	10011001;
	3396 :	10101101;
	3395 :	10010111;
	3394 :	10111101;
	3393 :	10011001;
	3392 :	10110101;
	3391 :	10011001;
	3390 :	10101101;
	3389 :	10011001;
	3388 :	10101101;
	3387 :	10011001;
	3386 :	10101101;
	3385 :	10011001;
	3384 :	10101101;
	3383 :	01011000;
	3382 :	10101101;
	3381 :	10011010;
	3380 :	10101101;
	3379 :	10011001;
	3378 :	10110101;
	3377 :	01111010;
	3376 :	10101101;
	3375 :	11011010;
	3374 :	10111101;
	3373 :	10011001;
	3372 :	10110101;
	3371 :	10011001;
	3370 :	10110101;
	3369 :	10011001;
	3368 :	10110101;
	3367 :	11011010;
	3366 :	10111101;
	3365 :	10111101;
	3364 :	11100110;
	3363 :	11111110;
	3362 :	11100110;
	3361 :	01111100;
	3360 :	11010110;
	3359 :	00111100;
	3358 :	11000110;
	3357 :	00111100;
	3356 :	11000110;
	3355 :	00111100;
	3354 :	11000110;
	3353 :	11111100;
	3352 :	11000101;
	3351 :	11111100;
	3350 :	11000101;
	3349 :	11111100;
	3348 :	11000101;
	3347 :	11111100;
	3346 :	11000101;
	3345 :	00111100;
	3344 :	11000110;
	3343 :	00111100;
	3342 :	11000110;
	3341 :	11111100;
	3340 :	11000101;
	3339 :	11111100;
	3338 :	11000101;
	3337 :	00111100;
	3336 :	11000110;
	3335 :	11111100;
	3334 :	11000101;
	3333 :	00011100;
	3332 :	10111110;
	3331 :	00011100;
	3330 :	10111110;
	3329 :	11111100;
	3328 :	10111101;
	3327 :	11011110;
	3326 :	11011110;
	3325 :	11011110;
	3324 :	11011110;
	3323 :	00111100;
	3322 :	11000110;
	3321 :	00111100;
	3320 :	11000110;
	3319 :	00111100;
	3318 :	11000110;
	3317 :	00111100;
	3316 :	11000110;
	3315 :	00111100;
	3314 :	11000110;
	3313 :	11111100;
	3312 :	11000101;
	3311 :	11111100;
	3310 :	11000101;
	3309 :	11111010;
	3308 :	11000101;
	3307 :	11111010;
	3306 :	11000101;
	3305 :	11111010;
	3304 :	11000101;
	3303 :	11111010;
	3302 :	11000101;
	3301 :	11011010;
	3300 :	10111101;
	3299 :	01111010;
	3298 :	10110101;
	3297 :	11011010;
	3296 :	10111101;
	3295 :	01111010;
	3294 :	10101101;
	3293 :	01111010;
	3292 :	10101101;
	3291 :	01111010;
	3290 :	10110101;
	3289 :	00110111;
	3288 :	10101101;
	3287 :	00110111;
	3286 :	10101101;
	3285 :	00111000;
	3284 :	10011101;
	3283 :	01011000;
	3282 :	10101101;
	3281 :	00010110;
	3280 :	10011101;
	3279 :	01011000;
	3278 :	10101101;
	3277 :	00110111;
	3276 :	10101101;
	3275 :	01011000;
	3274 :	10101101;
	3273 :	00110111;
	3272 :	10101101;
	3271 :	00111100;
	3270 :	11000110;
	3269 :	00111100;
	3268 :	11000110;
	3267 :	01011000;
	3266 :	10101101;
	3265 :	00111000;
	3264 :	10011101;
	3263 :	01011000;
	3262 :	10101101;
	3261 :	00110111;
	3260 :	10101101;
	3259 :	01011000;
	3258 :	10101101;
	3257 :	00110111;
	3256 :	10101101;
	3255 :	00110111;
	3254 :	10101101;
	3253 :	00110111;
	3252 :	10101101;
	3251 :	01011000;
	3250 :	10101101;
	3249 :	11110110;
	3248 :	10100100;
	3247 :	00110111;
	3246 :	10101101;
	3245 :	01011000;
	3244 :	10101101;
	3243 :	11110110;
	3242 :	10100100;
	3241 :	00110111;
	3240 :	10101101;
	3239 :	00110111;
	3238 :	10101101;
	3237 :	00110111;
	3236 :	10101101;
	3235 :	00110111;
	3234 :	10101101;
	3233 :	00110111;
	3232 :	10101101;
	3231 :	01111000;
	3230 :	10110101;
	3229 :	11110110;
	3228 :	10110100;
	3227 :	01111010;
	3226 :	10101101;
	3225 :	11110110;
	3224 :	10110100;
	3223 :	01111000;
	3222 :	11000101;
	3221 :	11110110;
	3220 :	10110100;
	3219 :	01111000;
	3218 :	11000101;
	3217 :	00110111;
	3216 :	10110101;
	3215 :	11110110;
	3214 :	11101100;
	3213 :	10111000;
	3212 :	11100101;
	3211 :	10101001;
	3210 :	10110011;
	3209 :	10100111;
	3208 :	10100010;
	3207 :	10100111;
	3206 :	10010010;
	3205 :	10100111;
	3204 :	10010010;
	3203 :	10100111;
	3202 :	10010010;
	3201 :	10000111;
	3200 :	10001010;
	3199 :	00100101;
	3198 :	10000010;
	3197 :	00100101;
	3196 :	10000010;
	3195 :	10100111;
	3194 :	10010010;
	3193 :	00100101;
	3192 :	10000010;
	3191 :	00100101;
	3190 :	10000010;
	3189 :	10000101;
	3188 :	10001010;
	3187 :	10000101;
	3186 :	10001010;
	3185 :	00000011;
	3184 :	10001010;
	3183 :	10100010;
	3182 :	01101001;
	3181 :	01100000;
	3180 :	01110001;
	3179 :	10100001;
	3178 :	01111001;
	3177 :	10100001;
	3176 :	01111001;
	3175 :	11000010;
	3174 :	10000001;
	3173 :	10100001;
	3172 :	01111001;
	3171 :	01100000;
	3170 :	01110001;
	3169 :	01100001;
	3168 :	01100001;
	3167 :	01000100;
	3166 :	10100010;
	3165 :	01100011;
	3164 :	10110010;
	3163 :	01000001;
	3162 :	10100010;
	3161 :	10101000;
	3160 :	11000011;
	3159 :	11101111;
	3158 :	11101100;
	3157 :	01010010;
	3156 :	11011101;
	3155 :	00010110;
	3154 :	11011110;
	3153 :	10110111;
	3152 :	11000101;
	3151 :	01111000;
	3150 :	10110101;
	3149 :	10010111;
	3148 :	10111101;
	3147 :	00110111;
	3146 :	10101101;
	3145 :	01111000;
	3144 :	10110101;
	3143 :	10011001;
	3142 :	10101101;
	3141 :	01011000;
	3140 :	10101101;
	3139 :	01011000;
	3138 :	10101101;
	3137 :	01011000;
	3136 :	10101101;
	3135 :	10011001;
	3134 :	10101101;
	3133 :	00011011;
	3132 :	11000110;
	3131 :	10011001;
	3130 :	10101101;
	3129 :	01011000;
	3128 :	10101101;
	3127 :	10010111;
	3126 :	10111101;
	3125 :	10011010;
	3124 :	10101101;
	3123 :	10011001;
	3122 :	10110101;
	3121 :	01111010;
	3120 :	10101101;
	3119 :	01111000;
	3118 :	10110101;
	3117 :	01111010;
	3116 :	10101101;
	3115 :	01111010;
	3114 :	10101101;
	3113 :	01111010;
	3112 :	10101101;
	3111 :	11011010;
	3110 :	10111101;
	3109 :	11011010;
	3108 :	10111101;
	3107 :	11011010;
	3106 :	10111101;
	3105 :	11011010;
	3104 :	10111101;
	3103 :	11011010;
	3102 :	10111101;
	3101 :	11111100;
	3100 :	11000101;
	3099 :	11111100;
	3098 :	11000101;
	3097 :	00011011;
	3096 :	11000110;
	3095 :	00011011;
	3094 :	11000110;
	3093 :	11111100;
	3092 :	11000101;
	3091 :	00011011;
	3090 :	11000110;
	3089 :	00111100;
	3088 :	11000110;
	3087 :	00111100;
	3086 :	11000110;
	3085 :	11111100;
	3084 :	11000101;
	3083 :	00111100;
	3082 :	11000110;
	3081 :	00111100;
	3080 :	11000110;
	3079 :	11111100;
	3078 :	11000101;
	3077 :	11111100;
	3076 :	11000101;
	3075 :	00011100;
	3074 :	10111110;
	3073 :	00011100;
	3072 :	10111110;
	3071 :	00111100;
	3070 :	11000110;
	3069 :	00111100;
	3068 :	11000110;
	3067 :	00111100;
	3066 :	11000110;
	3065 :	00111100;
	3064 :	11000110;
	3063 :	00111100;
	3062 :	11000110;
	3061 :	00111100;
	3060 :	11000110;
	3059 :	00111100;
	3058 :	11000110;
	3057 :	00011011;
	3056 :	11000110;
	3055 :	11111100;
	3054 :	11000101;
	3053 :	11111010;
	3052 :	11000101;
	3051 :	11111100;
	3050 :	11000101;
	3049 :	11111010;
	3048 :	11000101;
	3047 :	11011010;
	3046 :	10111101;
	3045 :	11011010;
	3044 :	10111101;
	3043 :	11011010;
	3042 :	10111101;
	3041 :	10011001;
	3040 :	10110101;
	3039 :	11011010;
	3038 :	10111101;
	3037 :	01111010;
	3036 :	10101101;
	3035 :	01011000;
	3034 :	10101101;
	3033 :	00111000;
	3032 :	10011101;
	3031 :	00111000;
	3030 :	10011101;
	3029 :	01011000;
	3028 :	10101101;
	3027 :	01011000;
	3026 :	10101101;
	3025 :	01011000;
	3024 :	10101101;
	3023 :	00010110;
	3022 :	10011101;
	3021 :	01011000;
	3020 :	10101101;
	3019 :	00110111;
	3018 :	10101101;
	3017 :	10011001;
	3016 :	10101101;
	3015 :	00111100;
	3014 :	11000110;
	3013 :	11111100;
	3012 :	11000101;
	3011 :	01111000;
	3010 :	10110101;
	3009 :	00110111;
	3008 :	10101101;
	3007 :	00110111;
	3006 :	10101101;
	3005 :	00010110;
	3004 :	10011101;
	3003 :	00111000;
	3002 :	10011101;
	3001 :	01011000;
	3000 :	10101101;
	2999 :	00110111;
	2998 :	10101101;
	2997 :	11110110;
	2996 :	10100100;
	2995 :	01011000;
	2994 :	10101101;
	2993 :	00110111;
	2992 :	10101101;
	2991 :	00010110;
	2990 :	10011101;
	2989 :	01011000;
	2988 :	10101101;
	2987 :	11110110;
	2986 :	10100100;
	2985 :	00010110;
	2984 :	10011101;
	2983 :	00010110;
	2982 :	10011101;
	2981 :	01011000;
	2980 :	10101101;
	2979 :	00110111;
	2978 :	10101101;
	2977 :	00110111;
	2976 :	10101101;
	2975 :	01011000;
	2974 :	10101101;
	2973 :	11110110;
	2972 :	10110100;
	2971 :	11110110;
	2970 :	10110100;
	2969 :	01111000;
	2968 :	10110101;
	2967 :	11110110;
	2966 :	10110100;
	2965 :	01111000;
	2964 :	11000101;
	2963 :	11110110;
	2962 :	10110100;
	2961 :	01111000;
	2960 :	11000101;
	2959 :	01111000;
	2958 :	11000101;
	2957 :	01010110;
	2956 :	11010101;
	2955 :	11010111;
	2954 :	11100101;
	2953 :	11001111;
	2952 :	11010100;
	2951 :	00100101;
	2950 :	10000010;
	2949 :	00100100;
	2948 :	10010010;
	2947 :	00000011;
	2946 :	01111010;
	2945 :	10000101;
	2944 :	10001010;
	2943 :	11100101;
	2942 :	10000001;
	2941 :	00100101;
	2940 :	10000010;
	2939 :	11000011;
	2938 :	01110001;
	2937 :	00000011;
	2936 :	01111010;
	2935 :	00100101;
	2934 :	10000010;
	2933 :	00000011;
	2932 :	10001010;
	2931 :	00000011;
	2930 :	01111010;
	2929 :	00000011;
	2928 :	10001010;
	2927 :	11000001;
	2926 :	10000001;
	2925 :	00100001;
	2924 :	10010010;
	2923 :	11000001;
	2922 :	10000001;
	2921 :	11000001;
	2920 :	10000001;
	2919 :	11000001;
	2918 :	10000001;
	2917 :	10100001;
	2916 :	01111001;
	2915 :	10100001;
	2914 :	01111001;
	2913 :	10100001;
	2912 :	01111001;
	2911 :	01100000;
	2910 :	01110001;
	2909 :	01000000;
	2908 :	10000001;
	2907 :	01000001;
	2906 :	10100010;
	2905 :	10101000;
	2904 :	11000011;
	2903 :	01010001;
	2902 :	11100101;
	2901 :	10110111;
	2900 :	11010101;
	2899 :	00111001;
	2898 :	11011110;
	2897 :	10010100;
	2896 :	10111101;
	2895 :	00110111;
	2894 :	10101101;
	2893 :	00110111;
	2892 :	10101101;
	2891 :	00110111;
	2890 :	10110101;
	2889 :	01011000;
	2888 :	10101101;
	2887 :	10010111;
	2886 :	10111101;
	2885 :	01111000;
	2884 :	10110101;
	2883 :	01111000;
	2882 :	10110101;
	2881 :	10011001;
	2880 :	10101101;
	2879 :	01111100;
	2878 :	11010110;
	2877 :	11011110;
	2876 :	11011110;
	2875 :	10011001;
	2874 :	10101101;
	2873 :	10011001;
	2872 :	10101101;
	2871 :	10011001;
	2870 :	10101101;
	2869 :	01111000;
	2868 :	10110101;
	2867 :	10011001;
	2866 :	10101101;
	2865 :	10011001;
	2864 :	10101101;
	2863 :	10011001;
	2862 :	10101101;
	2861 :	10011001;
	2860 :	10101101;
	2859 :	10011001;
	2858 :	10101101;
	2857 :	11011010;
	2856 :	10111101;
	2855 :	10011001;
	2854 :	10110101;
	2853 :	11011010;
	2852 :	10111101;
	2851 :	11011010;
	2850 :	10111101;
	2849 :	11011010;
	2848 :	10111101;
	2847 :	11011010;
	2846 :	10111101;
	2845 :	11111100;
	2844 :	11000101;
	2843 :	11111100;
	2842 :	11000101;
	2841 :	11111100;
	2840 :	11000101;
	2839 :	11111100;
	2838 :	11000101;
	2837 :	11111100;
	2836 :	11000101;
	2835 :	11111100;
	2834 :	11000101;
	2833 :	00111100;
	2832 :	11000110;
	2831 :	00111100;
	2830 :	11000110;
	2829 :	00111100;
	2828 :	11000110;
	2827 :	00111100;
	2826 :	11000110;
	2825 :	11111100;
	2824 :	11000101;
	2823 :	11111100;
	2822 :	11000101;
	2821 :	11111100;
	2820 :	10111101;
	2819 :	00011100;
	2818 :	10111110;
	2817 :	00011100;
	2816 :	10111110;
	2815 :	00111100;
	2814 :	11000110;
	2813 :	00111100;
	2812 :	11000110;
	2811 :	11111100;
	2810 :	11000101;
	2809 :	00011011;
	2808 :	11000110;
	2807 :	00111100;
	2806 :	11000110;
	2805 :	11111100;
	2804 :	11000101;
	2803 :	11111100;
	2802 :	11000101;
	2801 :	11111100;
	2800 :	11000101;
	2799 :	11111100;
	2798 :	11000101;
	2797 :	11111100;
	2796 :	11000101;
	2795 :	11111100;
	2794 :	11000101;
	2793 :	11111010;
	2792 :	11000101;
	2791 :	11011010;
	2790 :	10111101;
	2789 :	11011010;
	2788 :	10111101;
	2787 :	11011010;
	2786 :	10111101;
	2785 :	11011010;
	2784 :	10111101;
	2783 :	10011001;
	2782 :	10110101;
	2781 :	10011001;
	2780 :	10101101;
	2779 :	01011000;
	2778 :	10101101;
	2777 :	01011000;
	2776 :	10101101;
	2775 :	01011000;
	2774 :	10101101;
	2773 :	00110111;
	2772 :	10101101;
	2771 :	01011000;
	2770 :	10101101;
	2769 :	00110111;
	2768 :	10101101;
	2767 :	00110111;
	2766 :	10101101;
	2765 :	00111000;
	2764 :	10011101;
	2763 :	00110111;
	2762 :	10101101;
	2761 :	00110111;
	2760 :	10101101;
	2759 :	00010110;
	2758 :	10011101;
	2757 :	01011000;
	2756 :	10101101;
	2755 :	00010110;
	2754 :	10011101;
	2753 :	01011000;
	2752 :	10101101;
	2751 :	01011000;
	2750 :	10101101;
	2749 :	00110111;
	2748 :	10101101;
	2747 :	00110111;
	2746 :	10101101;
	2745 :	00110111;
	2744 :	10101101;
	2743 :	00010110;
	2742 :	10011101;
	2741 :	00110111;
	2740 :	10101101;
	2739 :	00110111;
	2738 :	10101101;
	2737 :	00110111;
	2736 :	10101101;
	2735 :	01011000;
	2734 :	10101101;
	2733 :	11110110;
	2732 :	10100100;
	2731 :	00110111;
	2730 :	10101101;
	2729 :	01011000;
	2728 :	10101101;
	2727 :	00110111;
	2726 :	10101101;
	2725 :	11110110;
	2724 :	10100100;
	2723 :	11110110;
	2722 :	10110100;
	2721 :	11110110;
	2720 :	10100100;
	2719 :	01111000;
	2718 :	10110101;
	2717 :	00110111;
	2716 :	10101101;
	2715 :	01111000;
	2714 :	10110101;
	2713 :	01111000;
	2712 :	10110101;
	2711 :	01111000;
	2710 :	10110101;
	2709 :	01111000;
	2708 :	10110101;
	2707 :	01111000;
	2706 :	10110101;
	2705 :	01111000;
	2704 :	11000101;
	2703 :	01111000;
	2702 :	11000101;
	2701 :	01111000;
	2700 :	11000101;
	2699 :	11011000;
	2698 :	11010101;
	2697 :	11011000;
	2696 :	11010101;
	2695 :	11110010;
	2694 :	11101100;
	2693 :	00100101;
	2692 :	10000010;
	2691 :	00100100;
	2690 :	10010010;
	2689 :	00000011;
	2688 :	10001010;
	2687 :	00000011;
	2686 :	01111010;
	2685 :	11000010;
	2684 :	10000001;
	2683 :	11000011;
	2682 :	01110001;
	2681 :	00000011;
	2680 :	01111010;
	2679 :	00000011;
	2678 :	10001010;
	2677 :	10100010;
	2676 :	01101001;
	2675 :	01100000;
	2674 :	01110001;
	2673 :	10100001;
	2672 :	01111001;
	2671 :	11000011;
	2670 :	10110010;
	2669 :	11000110;
	2668 :	11010011;
	2667 :	10101010;
	2666 :	11101100;
	2665 :	10000101;
	2664 :	11000011;
	2663 :	01000010;
	2662 :	10011010;
	2661 :	00100100;
	2660 :	10010010;
	2659 :	10100011;
	2658 :	10101010;
	2657 :	01100001;
	2656 :	10110010;
	2655 :	10100001;
	2654 :	10010001;
	2653 :	10100001;
	2652 :	10010001;
	2651 :	10100001;
	2650 :	10010001;
	2649 :	01000001;
	2648 :	10100010;
	2647 :	10101100;
	2646 :	11011100;
	2645 :	00111001;
	2644 :	11011110;
	2643 :	00111011;
	2642 :	11010110;
	2641 :	00110111;
	2640 :	10110101;
	2639 :	00110111;
	2638 :	10101101;
	2637 :	00110111;
	2636 :	10110101;
	2635 :	01011000;
	2634 :	10101101;
	2633 :	01011000;
	2632 :	10101101;
	2631 :	01011000;
	2630 :	10101101;
	2629 :	01011000;
	2628 :	10101101;
	2627 :	10011001;
	2626 :	10101101;
	2625 :	01011000;
	2624 :	10101101;
	2623 :	00111100;
	2622 :	11000110;
	2621 :	00011100;
	2620 :	10111110;
	2619 :	00011111;
	2618 :	11011111;
	2617 :	10011001;
	2616 :	10110101;
	2615 :	10011001;
	2614 :	10101101;
	2613 :	10011001;
	2612 :	10101101;
	2611 :	10011001;
	2610 :	10101101;
	2609 :	10011001;
	2608 :	10101101;
	2607 :	10011001;
	2606 :	10101101;
	2605 :	01111010;
	2604 :	10110101;
	2603 :	01111010;
	2602 :	10101101;
	2601 :	01111010;
	2600 :	10110101;
	2599 :	10011001;
	2598 :	10110101;
	2597 :	10011001;
	2596 :	10110101;
	2595 :	01111010;
	2594 :	10101101;
	2593 :	11011010;
	2592 :	10111101;
	2591 :	11011010;
	2590 :	10111101;
	2589 :	11111010;
	2588 :	11000101;
	2587 :	11111100;
	2586 :	11000101;
	2585 :	11111100;
	2584 :	11000101;
	2583 :	11111100;
	2582 :	11000101;
	2581 :	00111100;
	2580 :	11000110;
	2579 :	11111100;
	2578 :	11000101;
	2577 :	11111100;
	2576 :	11000101;
	2575 :	11111100;
	2574 :	11000101;
	2573 :	11111100;
	2572 :	11000101;
	2571 :	11111100;
	2570 :	11000101;
	2569 :	11111100;
	2568 :	11000101;
	2567 :	11111100;
	2566 :	10111101;
	2565 :	00011100;
	2564 :	10111110;
	2563 :	00011100;
	2562 :	10111110;
	2561 :	00011100;
	2560 :	10111110;
	2559 :	11111100;
	2558 :	11000101;
	2557 :	11111100;
	2556 :	11000101;
	2555 :	11111100;
	2554 :	11000101;
	2553 :	11111100;
	2552 :	11000101;
	2551 :	11011010;
	2550 :	10111101;
	2549 :	11111100;
	2548 :	11000101;
	2547 :	11111100;
	2546 :	11000101;
	2545 :	11111100;
	2544 :	11000101;
	2543 :	11111100;
	2542 :	11000101;
	2541 :	11111100;
	2540 :	11000101;
	2539 :	11011010;
	2538 :	10111101;
	2537 :	11011010;
	2536 :	10111101;
	2535 :	11011010;
	2534 :	10111101;
	2533 :	10011001;
	2532 :	10110101;
	2531 :	11011010;
	2530 :	10111101;
	2529 :	10011001;
	2528 :	10110101;
	2527 :	10011010;
	2526 :	10101101;
	2525 :	00110111;
	2524 :	10101101;
	2523 :	01011000;
	2522 :	10101101;
	2521 :	01011000;
	2520 :	10101101;
	2519 :	01011000;
	2518 :	10101101;
	2517 :	01011000;
	2516 :	10101101;
	2515 :	00110111;
	2514 :	10101101;
	2513 :	01011000;
	2512 :	10101101;
	2511 :	00110111;
	2510 :	10101101;
	2509 :	01011000;
	2508 :	10101101;
	2507 :	00110111;
	2506 :	10101101;
	2505 :	00110111;
	2504 :	10101101;
	2503 :	00110111;
	2502 :	10101101;
	2501 :	10011001;
	2500 :	10110101;
	2499 :	01011000;
	2498 :	10101101;
	2497 :	00110111;
	2496 :	10101101;
	2495 :	00110111;
	2494 :	10101101;
	2493 :	00110111;
	2492 :	10101101;
	2491 :	00110111;
	2490 :	10101101;
	2489 :	00110111;
	2488 :	10101101;
	2487 :	00110111;
	2486 :	10101101;
	2485 :	00110111;
	2484 :	10101101;
	2483 :	00110111;
	2482 :	10101101;
	2481 :	00110111;
	2480 :	10101101;
	2479 :	01111010;
	2478 :	10101101;
	2477 :	10011101;
	2476 :	11001110;
	2475 :	10111101;
	2474 :	11010110;
	2473 :	11111110;
	2472 :	11100110;
	2471 :	00111100;
	2470 :	11000110;
	2469 :	11011010;
	2468 :	10111101;
	2467 :	00010110;
	2466 :	10011101;
	2465 :	01011000;
	2464 :	10101101;
	2463 :	00110111;
	2462 :	10101101;
	2461 :	01111000;
	2460 :	10110101;
	2459 :	11110110;
	2458 :	10110100;
	2457 :	11110110;
	2456 :	10110100;
	2455 :	01111000;
	2454 :	10110101;
	2453 :	01111000;
	2452 :	10110101;
	2451 :	01111000;
	2450 :	10110101;
	2449 :	01111000;
	2448 :	11000101;
	2447 :	01111000;
	2446 :	11000101;
	2445 :	01111000;
	2444 :	11000101;
	2443 :	01111000;
	2442 :	11000101;
	2441 :	01010110;
	2440 :	11000101;
	2439 :	01010100;
	2438 :	11010101;
	2437 :	01010110;
	2436 :	11111110;
	2435 :	10101001;
	2434 :	10110011;
	2433 :	00100100;
	2432 :	10010010;
	2431 :	11000001;
	2430 :	10000001;
	2429 :	10100001;
	2428 :	01111001;
	2427 :	10100001;
	2426 :	01111001;
	2425 :	10100001;
	2424 :	01111001;
	2423 :	10100001;
	2422 :	01111001;
	2421 :	10100010;
	2420 :	01101001;
	2419 :	11000001;
	2418 :	10000001;
	2417 :	11000001;
	2416 :	10000001;
	2415 :	01000001;
	2414 :	10100010;
	2413 :	01000001;
	2412 :	10100010;
	2411 :	00100001;
	2410 :	10010010;
	2409 :	11000100;
	2408 :	10110010;
	2407 :	11000001;
	2406 :	10000001;
	2405 :	00100001;
	2404 :	10010010;
	2403 :	11000011;
	2402 :	10110010;
	2401 :	10000101;
	2400 :	11000011;
	2399 :	01001010;
	2398 :	11100100;
	2397 :	11001011;
	2396 :	11110100;
	2395 :	10101100;
	2394 :	11110100;
	2393 :	11101111;
	2392 :	11101100;
	2391 :	11010010;
	2390 :	11110101;
	2389 :	10110111;
	2388 :	11000101;
	2387 :	00110111;
	2386 :	10101101;
	2385 :	00110111;
	2384 :	10110101;
	2383 :	00010101;
	2382 :	10101101;
	2381 :	00110111;
	2380 :	10101101;
	2379 :	00110111;
	2378 :	10101101;
	2377 :	00110111;
	2376 :	10101101;
	2375 :	10011001;
	2374 :	10101101;
	2373 :	01011000;
	2372 :	10101101;
	2371 :	10011001;
	2370 :	10101101;
	2369 :	00011011;
	2368 :	10111110;
	2367 :	10111101;
	2366 :	11010110;
	2365 :	10111101;
	2364 :	11010110;
	2363 :	00111100;
	2362 :	11000110;
	2361 :	00011001;
	2360 :	10111110;
	2359 :	10011001;
	2358 :	10101101;
	2357 :	10011001;
	2356 :	10101101;
	2355 :	10011010;
	2354 :	10101101;
	2353 :	10011001;
	2352 :	10101101;
	2351 :	10011001;
	2350 :	10101101;
	2349 :	10011001;
	2348 :	10110101;
	2347 :	01011000;
	2346 :	10101101;
	2345 :	10011010;
	2344 :	10101101;
	2343 :	10011010;
	2342 :	10101101;
	2341 :	10011010;
	2340 :	10101101;
	2339 :	10011001;
	2338 :	10110101;
	2337 :	11011010;
	2336 :	10111101;
	2335 :	11011010;
	2334 :	10111101;
	2333 :	11011010;
	2332 :	10111101;
	2331 :	11011010;
	2330 :	10111101;
	2329 :	11111010;
	2328 :	11000101;
	2327 :	11111100;
	2326 :	11000101;
	2325 :	00011011;
	2324 :	11000110;
	2323 :	11111100;
	2322 :	11000101;
	2321 :	00111100;
	2320 :	11000110;
	2319 :	11111100;
	2318 :	11000101;
	2317 :	11111100;
	2316 :	11000101;
	2315 :	11111100;
	2314 :	11000101;
	2313 :	11111100;
	2312 :	11000101;
	2311 :	11111100;
	2310 :	10111101;
	2309 :	11111100;
	2308 :	10111101;
	2307 :	00011100;
	2306 :	10111110;
	2305 :	11111100;
	2304 :	10111101;
	2303 :	11111100;
	2302 :	11000101;
	2301 :	11111100;
	2300 :	10111101;
	2299 :	11111100;
	2298 :	11000101;
	2297 :	00011100;
	2296 :	10111110;
	2295 :	11111100;
	2294 :	10111101;
	2293 :	11111100;
	2292 :	11000101;
	2291 :	11111100;
	2290 :	11000101;
	2289 :	11011010;
	2288 :	10111101;
	2287 :	11011010;
	2286 :	10111101;
	2285 :	11011010;
	2284 :	10111101;
	2283 :	11011010;
	2282 :	10111101;
	2281 :	11011010;
	2280 :	10111101;
	2279 :	11011010;
	2278 :	10111101;
	2277 :	11011010;
	2276 :	10111101;
	2275 :	10011010;
	2274 :	10101101;
	2273 :	10011001;
	2272 :	10101101;
	2271 :	10011110;
	2270 :	11001110;
	2269 :	00011111;
	2268 :	11011111;
	2267 :	10011110;
	2266 :	11001110;
	2265 :	00011111;
	2264 :	11011111;
	2263 :	10011101;
	2262 :	11001110;
	2261 :	00011100;
	2260 :	10111110;
	2259 :	00111000;
	2258 :	10011101;
	2257 :	00111000;
	2256 :	10011101;
	2255 :	00110111;
	2254 :	10101101;
	2253 :	00110111;
	2252 :	10101101;
	2251 :	00111000;
	2250 :	10011101;
	2249 :	00110111;
	2248 :	10101101;
	2247 :	00111000;
	2246 :	10011101;
	2245 :	01011000;
	2244 :	10101101;
	2243 :	00010110;
	2242 :	10011101;
	2241 :	01011000;
	2240 :	10101101;
	2239 :	00110111;
	2238 :	10101101;
	2237 :	00110111;
	2236 :	10101101;
	2235 :	00110111;
	2234 :	10101101;
	2233 :	00110111;
	2232 :	10101101;
	2231 :	11110110;
	2230 :	10100100;
	2229 :	01011000;
	2228 :	10101101;
	2227 :	00010110;
	2226 :	10011101;
	2225 :	01011000;
	2224 :	10101101;
	2223 :	10011001;
	2222 :	10110101;
	2221 :	11011010;
	2220 :	10111101;
	2219 :	11111100;
	2218 :	11000101;
	2217 :	00111100;
	2216 :	11000110;
	2215 :	11111100;
	2214 :	11000101;
	2213 :	11111100;
	2212 :	11000101;
	2211 :	11011110;
	2210 :	11011110;
	2209 :	10011110;
	2208 :	11001110;
	2207 :	10111101;
	2206 :	11100110;
	2205 :	11111010;
	2204 :	11000101;
	2203 :	01011000;
	2202 :	10101101;
	2201 :	01111000;
	2200 :	10110101;
	2199 :	01111010;
	2198 :	10110101;
	2197 :	01111000;
	2196 :	11000101;
	2195 :	01111000;
	2194 :	11000101;
	2193 :	01111000;
	2192 :	10110101;
	2191 :	01111000;
	2190 :	11000101;
	2189 :	01111000;
	2188 :	11000101;
	2187 :	01111000;
	2186 :	11000101;
	2185 :	01111000;
	2184 :	11000101;
	2183 :	01111000;
	2182 :	11000101;
	2181 :	10110111;
	2180 :	11000101;
	2179 :	01010100;
	2178 :	11010101;
	2177 :	11010111;
	2176 :	11100101;
	2175 :	11101111;
	2174 :	11101100;
	2173 :	10101000;
	2172 :	11000011;
	2171 :	00100111;
	2170 :	11000011;
	2169 :	10100100;
	2168 :	10101010;
	2167 :	11000001;
	2166 :	10000001;
	2165 :	11000001;
	2164 :	10000001;
	2163 :	01000010;
	2162 :	10011010;
	2161 :	11000011;
	2160 :	10110010;
	2159 :	00100001;
	2158 :	10010010;
	2157 :	11000110;
	2156 :	11010011;
	2155 :	11000110;
	2154 :	11010011;
	2153 :	01100001;
	2152 :	10110010;
	2151 :	01000101;
	2150 :	11000011;
	2149 :	10000101;
	2148 :	11000011;
	2147 :	00101011;
	2146 :	11111101;
	2145 :	01001101;
	2144 :	11111101;
	2143 :	10101100;
	2142 :	11110100;
	2141 :	01001010;
	2140 :	11100100;
	2139 :	10001110;
	2138 :	11111101;
	2137 :	10010101;
	2136 :	11000101;
	2135 :	00110111;
	2134 :	10110101;
	2133 :	00110111;
	2132 :	10110101;
	2131 :	00110111;
	2130 :	10101101;
	2129 :	00110111;
	2128 :	10101101;
	2127 :	00110111;
	2126 :	10101101;
	2125 :	00110111;
	2124 :	10101101;
	2123 :	10011001;
	2122 :	10101101;
	2121 :	00110111;
	2120 :	10101101;
	2119 :	01111000;
	2118 :	10110101;
	2117 :	01011000;
	2116 :	10101101;
	2115 :	10011001;
	2114 :	10101101;
	2113 :	01111000;
	2112 :	10110101;
	2111 :	10011001;
	2110 :	10101101;
	2109 :	10011010;
	2108 :	10101101;
	2107 :	10011001;
	2106 :	10101101;
	2105 :	10011001;
	2104 :	10101101;
	2103 :	01011000;
	2102 :	10101101;
	2101 :	10011001;
	2100 :	10101101;
	2099 :	10011001;
	2098 :	10101101;
	2097 :	01011000;
	2096 :	10101101;
	2095 :	10011001;
	2094 :	10101101;
	2093 :	01011000;
	2092 :	10101101;
	2091 :	10011010;
	2090 :	10101101;
	2089 :	10011010;
	2088 :	10101101;
	2087 :	01011000;
	2086 :	10101101;
	2085 :	10011010;
	2084 :	10101101;
	2083 :	10011010;
	2082 :	10101101;
	2081 :	11011010;
	2080 :	10111101;
	2079 :	11011010;
	2078 :	10111101;
	2077 :	11011010;
	2076 :	10111101;
	2075 :	11111010;
	2074 :	11000101;
	2073 :	11111100;
	2072 :	11000101;
	2071 :	11111100;
	2070 :	11000101;
	2069 :	00111100;
	2068 :	11000110;
	2067 :	11111100;
	2066 :	11000101;
	2065 :	11111100;
	2064 :	11000101;
	2063 :	11111100;
	2062 :	11000101;
	2061 :	11111100;
	2060 :	11000101;
	2059 :	11111100;
	2058 :	11000101;
	2057 :	11111100;
	2056 :	10111101;
	2055 :	00011100;
	2054 :	10111110;
	2053 :	11111100;
	2052 :	10111101;
	2051 :	10011110;
	2050 :	11001110;
	2049 :	11011110;
	2048 :	11011110;
	2047 :	11111010;
	2046 :	11000101;
	2045 :	11111010;
	2044 :	11000101;
	2043 :	00111100;
	2042 :	11000110;
	2041 :	10111101;
	2040 :	11100110;
	2039 :	11111110;
	2038 :	11100110;
	2037 :	10111101;
	2036 :	11100110;
	2035 :	11011110;
	2034 :	11011110;
	2033 :	11011110;
	2032 :	11011110;
	2031 :	01111010;
	2030 :	10110101;
	2029 :	11011010;
	2028 :	10111101;
	2027 :	11011010;
	2026 :	10111101;
	2025 :	11011010;
	2024 :	10111101;
	2023 :	00011011;
	2022 :	11000110;
	2021 :	10011110;
	2020 :	11001110;
	2019 :	00011111;
	2018 :	11011111;
	2017 :	00011100;
	2016 :	10111110;
	2015 :	00011100;
	2014 :	10111110;
	2013 :	00011100;
	2012 :	10111110;
	2011 :	00011100;
	2010 :	10111110;
	2009 :	10011101;
	2008 :	11001110;
	2007 :	10011110;
	2006 :	11001110;
	2005 :	10011101;
	2004 :	11001110;
	2003 :	10011110;
	2002 :	11001110;
	2001 :	11011010;
	2000 :	10111101;
	1999 :	00110111;
	1998 :	10101101;
	1997 :	00111000;
	1996 :	10011101;
	1995 :	00110111;
	1994 :	10101101;
	1993 :	00111000;
	1992 :	10011101;
	1991 :	00110111;
	1990 :	10101101;
	1989 :	00110111;
	1988 :	10101101;
	1987 :	01011000;
	1986 :	10101101;
	1985 :	11110110;
	1984 :	10100100;
	1983 :	01011000;
	1982 :	10101101;
	1981 :	00110111;
	1980 :	10101101;
	1979 :	00110111;
	1978 :	10101101;
	1977 :	00110111;
	1976 :	10101101;
	1975 :	11110110;
	1974 :	10100100;
	1973 :	00110111;
	1972 :	10101101;
	1971 :	11110110;
	1970 :	10100100;
	1969 :	00110111;
	1968 :	10101101;
	1967 :	11110110;
	1966 :	10100100;
	1965 :	01011000;
	1964 :	10101101;
	1963 :	11011010;
	1962 :	10111101;
	1961 :	01111000;
	1960 :	10110101;
	1959 :	11011010;
	1958 :	10111101;
	1957 :	10011001;
	1956 :	10110101;
	1955 :	00111100;
	1954 :	11000110;
	1953 :	11011110;
	1952 :	11011110;
	1951 :	11011110;
	1950 :	11011110;
	1949 :	10111101;
	1948 :	11010110;
	1947 :	10111101;
	1946 :	11100110;
	1945 :	11011110;
	1944 :	11011110;
	1943 :	10111101;
	1942 :	11100110;
	1941 :	01111000;
	1940 :	11000101;
	1939 :	01111000;
	1938 :	10110101;
	1937 :	01111010;
	1936 :	10110101;
	1935 :	01111000;
	1934 :	11000101;
	1933 :	01111000;
	1932 :	11000101;
	1931 :	01111000;
	1930 :	11000101;
	1929 :	01111000;
	1928 :	11000101;
	1927 :	01111000;
	1926 :	11000101;
	1925 :	01111000;
	1924 :	10110101;
	1923 :	01111000;
	1922 :	11000101;
	1921 :	10010111;
	1920 :	10111101;
	1919 :	10010111;
	1918 :	10111101;
	1917 :	01010100;
	1916 :	11010101;
	1915 :	10110100;
	1914 :	11100101;
	1913 :	00010001;
	1912 :	11010101;
	1911 :	00101100;
	1910 :	11010100;
	1909 :	11001101;
	1908 :	11100100;
	1907 :	00110000;
	1906 :	11110101;
	1905 :	11010010;
	1904 :	11110101;
	1903 :	11101111;
	1902 :	11101100;
	1901 :	10101100;
	1900 :	11011100;
	1899 :	01001000;
	1898 :	11101100;
	1897 :	00000111;
	1896 :	11100100;
	1895 :	00101011;
	1894 :	11111101;
	1893 :	01001101;
	1892 :	11111101;
	1891 :	00100101;
	1890 :	10101011;
	1889 :	00100101;
	1888 :	10101011;
	1887 :	11101111;
	1886 :	11101100;
	1885 :	10010101;
	1884 :	11000101;
	1883 :	00110101;
	1882 :	10110101;
	1881 :	00110111;
	1880 :	10101101;
	1879 :	00010110;
	1878 :	10011101;
	1877 :	00010101;
	1876 :	10101101;
	1875 :	00110111;
	1874 :	10101101;
	1873 :	00110111;
	1872 :	10101101;
	1871 :	00110111;
	1870 :	10101101;
	1869 :	00110111;
	1868 :	10101101;
	1867 :	00110111;
	1866 :	10101101;
	1865 :	00110111;
	1864 :	10101101;
	1863 :	10011001;
	1862 :	10101101;
	1861 :	01111000;
	1860 :	10110101;
	1859 :	01011000;
	1858 :	10101101;
	1857 :	01111000;
	1856 :	10110101;
	1855 :	01111000;
	1854 :	10110101;
	1853 :	01011000;
	1852 :	10101101;
	1851 :	10011001;
	1850 :	10101101;
	1849 :	01011000;
	1848 :	10101101;
	1847 :	01011000;
	1846 :	10101101;
	1845 :	01011000;
	1844 :	10101101;
	1843 :	01011000;
	1842 :	10101101;
	1841 :	10011010;
	1840 :	10101101;
	1839 :	10011001;
	1838 :	10101101;
	1837 :	10011010;
	1836 :	10101101;
	1835 :	00111000;
	1834 :	10011101;
	1833 :	10011010;
	1832 :	10101101;
	1831 :	10011010;
	1830 :	10101101;
	1829 :	10011001;
	1828 :	10101101;
	1827 :	10011010;
	1826 :	10101101;
	1825 :	11011010;
	1824 :	10111101;
	1823 :	11011010;
	1822 :	10111101;
	1821 :	11011010;
	1820 :	10111101;
	1819 :	11011010;
	1818 :	10111101;
	1817 :	11111100;
	1816 :	11000101;
	1815 :	11111100;
	1814 :	11000101;
	1813 :	11111100;
	1812 :	11000101;
	1811 :	11111100;
	1810 :	11000101;
	1809 :	11111100;
	1808 :	11000101;
	1807 :	11111100;
	1806 :	11000101;
	1805 :	11111100;
	1804 :	11000101;
	1803 :	11011010;
	1802 :	10111101;
	1801 :	11111100;
	1800 :	10111101;
	1799 :	11111100;
	1798 :	10111101;
	1797 :	10011010;
	1796 :	10101101;
	1795 :	01011110;
	1794 :	11001110;
	1793 :	10011110;
	1792 :	11001110;
	1791 :	11111010;
	1790 :	11000101;
	1789 :	00111100;
	1788 :	11000110;
	1787 :	01111100;
	1786 :	11010110;
	1785 :	11111110;
	1784 :	11100110;
	1783 :	00111111;
	1782 :	11100111;
	1781 :	00011111;
	1780 :	11011111;
	1779 :	11011110;
	1778 :	11011110;
	1777 :	11111110;
	1776 :	11100110;
	1775 :	10111101;
	1774 :	11010110;
	1773 :	01111110;
	1772 :	11010110;
	1771 :	10011101;
	1770 :	11001110;
	1769 :	11011110;
	1768 :	11011110;
	1767 :	00011111;
	1766 :	11011111;
	1765 :	00011111;
	1764 :	11011111;
	1763 :	10011110;
	1762 :	11001110;
	1761 :	10011110;
	1760 :	11001110;
	1759 :	01011110;
	1758 :	11001110;
	1757 :	10011101;
	1756 :	11001110;
	1755 :	00111100;
	1754 :	11000110;
	1753 :	10011010;
	1752 :	10101101;
	1751 :	00011011;
	1750 :	10111110;
	1749 :	00011100;
	1748 :	10111110;
	1747 :	00011100;
	1746 :	10111110;
	1745 :	00011011;
	1744 :	10111110;
	1743 :	01011000;
	1742 :	10101101;
	1741 :	00110111;
	1740 :	10101101;
	1739 :	00110111;
	1738 :	10101101;
	1737 :	00110111;
	1736 :	10101101;
	1735 :	00110111;
	1734 :	10101101;
	1733 :	00110111;
	1732 :	10101101;
	1731 :	11110110;
	1730 :	10100100;
	1729 :	00110111;
	1728 :	10101101;
	1727 :	11110110;
	1726 :	10100100;
	1725 :	00110111;
	1724 :	10101101;
	1723 :	00010110;
	1722 :	10011101;
	1721 :	00110111;
	1720 :	10101101;
	1719 :	00110111;
	1718 :	10101101;
	1717 :	00110111;
	1716 :	10101101;
	1715 :	00110111;
	1714 :	10101101;
	1713 :	00110111;
	1712 :	10101101;
	1711 :	00110111;
	1710 :	10101101;
	1709 :	01111000;
	1708 :	10110101;
	1707 :	00111011;
	1706 :	11010110;
	1705 :	10011101;
	1704 :	11001110;
	1703 :	10111101;
	1702 :	11100110;
	1701 :	00111100;
	1700 :	11000110;
	1699 :	00111100;
	1698 :	11000110;
	1697 :	00111011;
	1696 :	11010110;
	1695 :	11011010;
	1694 :	10111101;
	1693 :	11011010;
	1692 :	10111101;
	1691 :	11111100;
	1690 :	11000101;
	1689 :	10011101;
	1688 :	11001110;
	1687 :	00111100;
	1686 :	11000110;
	1685 :	11111100;
	1684 :	11000101;
	1683 :	10111001;
	1682 :	11000101;
	1681 :	01111000;
	1680 :	11000101;
	1679 :	01111000;
	1678 :	11000101;
	1677 :	01111010;
	1676 :	10110101;
	1675 :	01111000;
	1674 :	11000101;
	1673 :	01111000;
	1672 :	11000101;
	1671 :	01111000;
	1670 :	10110101;
	1669 :	01111000;
	1668 :	11000101;
	1667 :	01111000;
	1666 :	11000101;
	1665 :	01111000;
	1664 :	11000101;
	1663 :	01111000;
	1662 :	11000101;
	1661 :	01010110;
	1660 :	11010101;
	1659 :	01010110;
	1658 :	11010101;
	1657 :	01010100;
	1656 :	11010101;
	1655 :	01010100;
	1654 :	11100101;
	1653 :	10010010;
	1652 :	11010100;
	1651 :	10010010;
	1650 :	11010100;
	1649 :	10110001;
	1648 :	11001100;
	1647 :	01010001;
	1646 :	11100101;
	1645 :	01010001;
	1644 :	11100101;
	1643 :	11001101;
	1642 :	11100100;
	1641 :	00101010;
	1640 :	11011100;
	1639 :	11001101;
	1638 :	11100100;
	1637 :	00101111;
	1636 :	11100101;
	1635 :	01010010;
	1634 :	11011101;
	1633 :	00110010;
	1632 :	11001101;
	1631 :	00110101;
	1630 :	11000101;
	1629 :	00110111;
	1628 :	10101101;
	1627 :	00110111;
	1626 :	10101101;
	1625 :	00110111;
	1624 :	10101101;
	1623 :	00010101;
	1622 :	10101101;
	1621 :	11110110;
	1620 :	10100100;
	1619 :	00110111;
	1618 :	10101101;
	1617 :	00110111;
	1616 :	10101101;
	1615 :	01011000;
	1614 :	10101101;
	1613 :	00110111;
	1612 :	10101101;
	1611 :	00110111;
	1610 :	10101101;
	1609 :	01011000;
	1608 :	10101101;
	1607 :	01011000;
	1606 :	10101101;
	1605 :	01011000;
	1604 :	10101101;
	1603 :	01011000;
	1602 :	10101101;
	1601 :	01011000;
	1600 :	10101101;
	1599 :	01011000;
	1598 :	10101101;
	1597 :	01111000;
	1596 :	10110101;
	1595 :	10011001;
	1594 :	10101101;
	1593 :	01011000;
	1592 :	10101101;
	1591 :	01011000;
	1590 :	10101101;
	1589 :	01011000;
	1588 :	10101101;
	1587 :	00110111;
	1586 :	10101101;
	1585 :	10011010;
	1584 :	10101101;
	1583 :	00111000;
	1582 :	10011101;
	1581 :	10011010;
	1580 :	10101101;
	1579 :	11011010;
	1578 :	10111101;
	1577 :	00111100;
	1576 :	11000110;
	1575 :	10011110;
	1574 :	11001110;
	1573 :	00111111;
	1572 :	11100111;
	1571 :	00111111;
	1570 :	11100111;
	1569 :	00011111;
	1568 :	11011111;
	1567 :	00011111;
	1566 :	11011111;
	1565 :	00011111;
	1564 :	11011111;
	1563 :	00011111;
	1562 :	11011111;
	1561 :	11111100;
	1560 :	11000101;
	1559 :	11011010;
	1558 :	10111101;
	1557 :	11111100;
	1556 :	11000101;
	1555 :	11111100;
	1554 :	11000101;
	1553 :	11111100;
	1552 :	11000101;
	1551 :	11111100;
	1550 :	11000101;
	1549 :	11111100;
	1548 :	10111101;
	1547 :	11111100;
	1546 :	10111101;
	1545 :	11011010;
	1544 :	10111101;
	1543 :	11111100;
	1542 :	10111101;
	1541 :	11111100;
	1540 :	10111101;
	1539 :	11111100;
	1538 :	10111101;
	1537 :	10011110;
	1536 :	11001110;
	1535 :	11111100;
	1534 :	11000101;
	1533 :	00111100;
	1532 :	11000110;
	1531 :	11111010;
	1530 :	11000101;
	1529 :	11111100;
	1528 :	11000101;
	1527 :	01111100;
	1526 :	11010110;
	1525 :	01111110;
	1524 :	11010110;
	1523 :	10111101;
	1522 :	11100110;
	1521 :	11111110;
	1520 :	11100110;
	1519 :	00111100;
	1518 :	11000110;
	1517 :	10011101;
	1516 :	11001110;
	1515 :	00011011;
	1514 :	11000110;
	1513 :	00111100;
	1512 :	11000110;
	1511 :	11111100;
	1510 :	11000101;
	1509 :	11111100;
	1508 :	11000101;
	1507 :	00011100;
	1506 :	10111110;
	1505 :	00111100;
	1504 :	11000110;
	1503 :	10011101;
	1502 :	11001110;
	1501 :	10011101;
	1500 :	11001110;
	1499 :	00111100;
	1498 :	11000110;
	1497 :	10011101;
	1496 :	11001110;
	1495 :	10011101;
	1494 :	11001110;
	1493 :	00011100;
	1492 :	10111110;
	1491 :	00011011;
	1490 :	10111110;
	1489 :	00011011;
	1488 :	10111110;
	1487 :	11011010;
	1486 :	10111101;
	1485 :	00110111;
	1484 :	10101101;
	1483 :	00111000;
	1482 :	10011101;
	1481 :	00110111;
	1480 :	10101101;
	1479 :	00110111;
	1478 :	10101101;
	1477 :	01011000;
	1476 :	10101101;
	1475 :	00010110;
	1474 :	10011101;
	1473 :	01011000;
	1472 :	10101101;
	1471 :	00010110;
	1470 :	10011101;
	1469 :	00110111;
	1468 :	10101101;
	1467 :	00110111;
	1466 :	10101101;
	1465 :	00110111;
	1464 :	10101101;
	1463 :	00110111;
	1462 :	10101101;
	1461 :	00110111;
	1460 :	10101101;
	1459 :	11110110;
	1458 :	10100100;
	1457 :	01011000;
	1456 :	10101101;
	1455 :	11110110;
	1454 :	10110100;
	1453 :	11110110;
	1452 :	10100100;
	1451 :	01011000;
	1450 :	10101101;
	1449 :	10011101;
	1448 :	11001110;
	1447 :	00111100;
	1446 :	11000110;
	1445 :	00011011;
	1444 :	11000110;
	1443 :	10011101;
	1442 :	11001110;
	1441 :	01111100;
	1440 :	11010110;
	1439 :	00111100;
	1438 :	11000110;
	1437 :	01111100;
	1436 :	11010110;
	1435 :	10111101;
	1434 :	11100110;
	1433 :	10111101;
	1432 :	11100110;
	1431 :	10111101;
	1430 :	11100110;
	1429 :	10111101;
	1428 :	11010110;
	1427 :	10111101;
	1426 :	11100110;
	1425 :	01111110;
	1424 :	11010110;
	1423 :	01111010;
	1422 :	10110101;
	1421 :	01111000;
	1420 :	11000101;
	1419 :	01111000;
	1418 :	11000101;
	1417 :	01111000;
	1416 :	11000101;
	1415 :	01111000;
	1414 :	10110101;
	1413 :	01111000;
	1412 :	11000101;
	1411 :	10011001;
	1410 :	10110101;
	1409 :	01111000;
	1408 :	11000101;
	1407 :	10011001;
	1406 :	10110101;
	1405 :	01111000;
	1404 :	11000101;
	1403 :	01111000;
	1402 :	11000101;
	1401 :	01111000;
	1400 :	10110101;
	1399 :	01111000;
	1398 :	10110101;
	1397 :	00110111;
	1396 :	10110101;
	1395 :	01111000;
	1394 :	10110101;
	1393 :	01111000;
	1392 :	11000101;
	1391 :	01010110;
	1390 :	11000101;
	1389 :	00110111;
	1388 :	10110101;
	1387 :	00110111;
	1386 :	10110101;
	1385 :	01111000;
	1384 :	11000101;
	1383 :	01010110;
	1382 :	11000101;
	1381 :	01010110;
	1380 :	11000101;
	1379 :	01111000;
	1378 :	10110101;
	1377 :	00110111;
	1376 :	10110101;
	1375 :	00110111;
	1374 :	10110101;
	1373 :	00110111;
	1372 :	10101101;
	1371 :	00010101;
	1370 :	10101101;
	1369 :	00110111;
	1368 :	10101101;
	1367 :	00110111;
	1366 :	10101101;
	1365 :	00110111;
	1364 :	10101101;
	1363 :	01011000;
	1362 :	10101101;
	1361 :	00010110;
	1360 :	10011101;
	1359 :	00110111;
	1358 :	10101101;
	1357 :	01011000;
	1356 :	10101101;
	1355 :	01011000;
	1354 :	10101101;
	1353 :	00110111;
	1352 :	10110101;
	1351 :	00110111;
	1350 :	10101101;
	1349 :	01111000;
	1348 :	10110101;
	1347 :	01011000;
	1346 :	10101101;
	1345 :	01011000;
	1344 :	10101101;
	1343 :	01111000;
	1342 :	10110101;
	1341 :	01111010;
	1340 :	10101101;
	1339 :	01011000;
	1338 :	10101101;
	1337 :	01011000;
	1336 :	10101101;
	1335 :	01011000;
	1334 :	10101101;
	1333 :	01011000;
	1332 :	10101101;
	1331 :	10011010;
	1330 :	10101101;
	1329 :	10011010;
	1328 :	10101101;
	1327 :	11011110;
	1326 :	11011110;
	1325 :	00011111;
	1324 :	11011111;
	1323 :	10011110;
	1322 :	11001110;
	1321 :	01011110;
	1320 :	11001110;
	1319 :	10011110;
	1318 :	11001110;
	1317 :	10011110;
	1316 :	11001110;
	1315 :	01011110;
	1314 :	11001110;
	1313 :	01011110;
	1312 :	11001110;
	1311 :	10011110;
	1310 :	11001110;
	1309 :	00011111;
	1308 :	11011111;
	1307 :	11011110;
	1306 :	11011110;
	1305 :	11111100;
	1304 :	10111101;
	1303 :	11111100;
	1302 :	11000101;
	1301 :	11111100;
	1300 :	11000101;
	1299 :	11111100;
	1298 :	11000101;
	1297 :	11111100;
	1296 :	11000101;
	1295 :	11011010;
	1294 :	10111101;
	1293 :	11111100;
	1292 :	10111101;
	1291 :	11011010;
	1290 :	10111101;
	1289 :	11111100;
	1288 :	10111101;
	1287 :	10011010;
	1286 :	10101101;
	1285 :	11111100;
	1284 :	10111101;
	1283 :	01011110;
	1282 :	11001110;
	1281 :	11011110;
	1280 :	11011110;
	1279 :	11111100;
	1278 :	11000101;
	1277 :	00011011;
	1276 :	11000110;
	1275 :	00011011;
	1274 :	11000110;
	1273 :	00111100;
	1272 :	11000110;
	1271 :	11111100;
	1270 :	11000101;
	1269 :	11111010;
	1268 :	11000101;
	1267 :	10111101;
	1266 :	11100110;
	1265 :	00111111;
	1264 :	11100111;
	1263 :	01111110;
	1262 :	11010110;
	1261 :	01111110;
	1260 :	11010110;
	1259 :	00011111;
	1258 :	11011111;
	1257 :	00011111;
	1256 :	11011111;
	1255 :	11011110;
	1254 :	11011110;
	1253 :	10011101;
	1252 :	11001110;
	1251 :	00011100;
	1250 :	10111110;
	1249 :	11111100;
	1248 :	10111101;
	1247 :	10011101;
	1246 :	11001110;
	1245 :	10011101;
	1244 :	11001110;
	1243 :	10011101;
	1242 :	11001110;
	1241 :	10011101;
	1240 :	11001110;
	1239 :	10011101;
	1238 :	11001110;
	1237 :	10011110;
	1236 :	11001110;
	1235 :	00111100;
	1234 :	11000110;
	1233 :	11011010;
	1232 :	10111101;
	1231 :	00011011;
	1230 :	10111110;
	1229 :	00110111;
	1228 :	10101101;
	1227 :	00111000;
	1226 :	10011101;
	1225 :	00110111;
	1224 :	10101101;
	1223 :	00110111;
	1222 :	10101101;
	1221 :	00110111;
	1220 :	10101101;
	1219 :	00110111;
	1218 :	10101101;
	1217 :	00110111;
	1216 :	10101101;
	1215 :	00110111;
	1214 :	10101101;
	1213 :	00110111;
	1212 :	10101101;
	1211 :	00110111;
	1210 :	10101101;
	1209 :	00110111;
	1208 :	10101101;
	1207 :	11110110;
	1206 :	10100100;
	1205 :	00110111;
	1204 :	10101101;
	1203 :	00110111;
	1202 :	10101101;
	1201 :	11110110;
	1200 :	10100100;
	1199 :	00110111;
	1198 :	10101101;
	1197 :	00110111;
	1196 :	10110101;
	1195 :	01011000;
	1194 :	10101101;
	1193 :	00011011;
	1192 :	11000110;
	1191 :	00111100;
	1190 :	11000110;
	1189 :	10011101;
	1188 :	11001110;
	1187 :	00111011;
	1186 :	11010110;
	1185 :	10011101;
	1184 :	11001110;
	1183 :	00111011;
	1182 :	11010110;
	1181 :	01111100;
	1180 :	11010110;
	1179 :	10111101;
	1178 :	11010110;
	1177 :	10111101;
	1176 :	11010110;
	1175 :	01111100;
	1174 :	11010110;
	1173 :	00111011;
	1172 :	11010110;
	1171 :	01111110;
	1170 :	11010110;
	1169 :	11111110;
	1168 :	11110110;
	1167 :	00111011;
	1166 :	11010110;
	1165 :	01111000;
	1164 :	11000101;
	1163 :	01111000;
	1162 :	10110101;
	1161 :	01111000;
	1160 :	10110101;
	1159 :	11111110;
	1158 :	11100110;
	1157 :	11111110;
	1156 :	11110110;
	1155 :	11111110;
	1154 :	11110110;
	1153 :	11111110;
	1152 :	11110110;
	1151 :	11111110;
	1150 :	11110110;
	1149 :	00111011;
	1148 :	11010110;
	1147 :	11111010;
	1146 :	11010101;
	1145 :	01111000;
	1144 :	11000101;
	1143 :	11110110;
	1142 :	10110100;
	1141 :	01111000;
	1140 :	11000101;
	1139 :	01111000;
	1138 :	10110101;
	1137 :	01111000;
	1136 :	11000101;
	1135 :	01111000;
	1134 :	10110101;
	1133 :	01111000;
	1132 :	11000101;
	1131 :	01111000;
	1130 :	11000101;
	1129 :	00110111;
	1128 :	10110101;
	1127 :	01111000;
	1126 :	10110101;
	1125 :	01010110;
	1124 :	11000101;
	1123 :	01111000;
	1122 :	10110101;
	1121 :	01111000;
	1120 :	10110101;
	1119 :	00110111;
	1118 :	10101101;
	1117 :	00010101;
	1116 :	10101101;
	1115 :	00110111;
	1114 :	10101101;
	1113 :	00110111;
	1112 :	10101101;
	1111 :	00110111;
	1110 :	10101101;
	1109 :	00110111;
	1108 :	10101101;
	1107 :	00110111;
	1106 :	10101101;
	1105 :	01011000;
	1104 :	10101101;
	1103 :	01011000;
	1102 :	10101101;
	1101 :	01011000;
	1100 :	10101101;
	1099 :	01011000;
	1098 :	10101101;
	1097 :	01011000;
	1096 :	10101101;
	1095 :	01011000;
	1094 :	10101101;
	1093 :	01011000;
	1092 :	10101101;
	1091 :	01111000;
	1090 :	10110101;
	1089 :	01111000;
	1088 :	10110101;
	1087 :	01111010;
	1086 :	10101101;
	1085 :	01011000;
	1084 :	10101101;
	1083 :	01011000;
	1082 :	10101101;
	1081 :	01011000;
	1080 :	10101101;
	1079 :	01011000;
	1078 :	10101101;
	1077 :	10011001;
	1076 :	10101101;
	1075 :	11011010;
	1074 :	10111101;
	1073 :	11011110;
	1072 :	11011110;
	1071 :	11011110;
	1070 :	11011110;
	1069 :	00011111;
	1068 :	11011111;
	1067 :	11011110;
	1066 :	11011110;
	1065 :	11011110;
	1064 :	11011110;
	1063 :	10011110;
	1062 :	11001110;
	1061 :	10011110;
	1060 :	11001110;
	1059 :	10011110;
	1058 :	11001110;
	1057 :	10011110;
	1056 :	11001110;
	1055 :	10011110;
	1054 :	11001110;
	1053 :	10011110;
	1052 :	11001110;
	1051 :	11011110;
	1050 :	11011110;
	1049 :	11011010;
	1048 :	10111101;
	1047 :	11111100;
	1046 :	11000101;
	1045 :	11011010;
	1044 :	10111101;
	1043 :	11111100;
	1042 :	10111101;
	1041 :	11111010;
	1040 :	11000101;
	1039 :	11111100;
	1038 :	11000101;
	1037 :	10011010;
	1036 :	10101101;
	1035 :	11011010;
	1034 :	10111101;
	1033 :	11111100;
	1032 :	10111101;
	1031 :	10011010;
	1030 :	10101101;
	1029 :	11111100;
	1028 :	10111101;
	1027 :	10011010;
	1026 :	10101101;
	1025 :	00011100;
	1024 :	10111110;
	1023 :	00011011;
	1022 :	11000110;
	1021 :	11111010;
	1020 :	11000101;
	1019 :	00011011;
	1018 :	11000110;
	1017 :	00111100;
	1016 :	11000110;
	1015 :	00011011;
	1014 :	11000110;
	1013 :	00111100;
	1012 :	11000110;
	1011 :	11111100;
	1010 :	11000101;
	1009 :	01111100;
	1008 :	11010110;
	1007 :	01111100;
	1006 :	11010110;
	1005 :	01111100;
	1004 :	11010110;
	1003 :	00111111;
	1002 :	11100111;
	1001 :	11011110;
	1000 :	11011110;
	999 :	10111101;
	998 :	11100110;
	997 :	10011101;
	996 :	11001110;
	995 :	10011101;
	994 :	11001110;
	993 :	10011101;
	992 :	11001110;
	991 :	11011010;
	990 :	10111101;
	989 :	00011011;
	988 :	10111110;
	987 :	00011011;
	986 :	10111110;
	985 :	00111100;
	984 :	11000110;
	983 :	10011110;
	982 :	11001110;
	981 :	10011101;
	980 :	11001110;
	979 :	00011100;
	978 :	10111110;
	977 :	00011011;
	976 :	10111110;
	975 :	00011100;
	974 :	10111110;
	973 :	10011010;
	972 :	10101101;
	971 :	00110111;
	970 :	10101101;
	969 :	00111000;
	968 :	10011101;
	967 :	00110111;
	966 :	10101101;
	965 :	00111000;
	964 :	10011101;
	963 :	00110111;
	962 :	10101101;
	961 :	00110111;
	960 :	10101101;
	959 :	00110111;
	958 :	10101101;
	957 :	00110111;
	956 :	10101101;
	955 :	00110111;
	954 :	10101101;
	953 :	00110111;
	952 :	10101101;
	951 :	00110111;
	950 :	10101101;
	949 :	00110111;
	948 :	10101101;
	947 :	11110110;
	946 :	10100100;
	945 :	00110111;
	944 :	10110101;
	943 :	11110110;
	942 :	10100100;
	941 :	00110111;
	940 :	10101101;
	939 :	00110111;
	938 :	10101101;
	937 :	00110111;
	936 :	10101101;
	935 :	10011001;
	934 :	10110101;
	933 :	00011011;
	932 :	11000110;
	931 :	01111100;
	930 :	11010110;
	929 :	00111100;
	928 :	11000110;
	927 :	00011101;
	926 :	11011111;
	925 :	00111100;
	924 :	11000110;
	923 :	00011101;
	922 :	11011111;
	921 :	01111100;
	920 :	11010110;
	919 :	10111101;
	918 :	11100110;
	917 :	00111011;
	916 :	11010110;
	915 :	11111110;
	914 :	11100110;
	913 :	01111110;
	912 :	11010110;
	911 :	11111110;
	910 :	11100110;
	909 :	11111010;
	908 :	11010101;
	907 :	01111110;
	906 :	11010110;
	905 :	11111110;
	904 :	11100110;
	903 :	11111110;
	902 :	11110110;
	901 :	01111110;
	900 :	11010110;
	899 :	11111110;
	898 :	11100110;
	897 :	11111110;
	896 :	11100110;
	895 :	11111110;
	894 :	11110110;
	893 :	11111010;
	892 :	11010101;
	891 :	01111110;
	890 :	11010110;
	889 :	11111110;
	888 :	11110110;
	887 :	11111110;
	886 :	11100110;
	885 :	11111110;
	884 :	11110110;
	883 :	11111110;
	882 :	11100110;
	881 :	10111001;
	880 :	11000101;
	879 :	10111001;
	878 :	11000101;
	877 :	01111000;
	876 :	11000101;
	875 :	01111010;
	874 :	10101101;
	873 :	01111000;
	872 :	11000101;
	871 :	01111000;
	870 :	10110101;
	869 :	01111000;
	868 :	10110101;
	867 :	01111000;
	866 :	10110101;
	865 :	00110111;
	864 :	10101101;
	863 :	00110111;
	862 :	10110101;
	861 :	00110111;
	860 :	10101101;
	859 :	00110111;
	858 :	10101101;
	857 :	00110111;
	856 :	10101101;
	855 :	00110111;
	854 :	10101101;
	853 :	00111000;
	852 :	10011101;
	851 :	00110111;
	850 :	10101101;
	849 :	00110111;
	848 :	10101101;
	847 :	01011000;
	846 :	10101101;
	845 :	00111000;
	844 :	10011101;
	843 :	00110111;
	842 :	10110101;
	841 :	01011000;
	840 :	10101101;
	839 :	01011000;
	838 :	10101101;
	837 :	01111010;
	836 :	10101101;
	835 :	10011001;
	834 :	10101101;
	833 :	01111010;
	832 :	10101101;
	831 :	01011000;
	830 :	10101101;
	829 :	01011000;
	828 :	10101101;
	827 :	01011000;
	826 :	10101101;
	825 :	10011001;
	824 :	10101101;
	823 :	10011001;
	822 :	10101101;
	821 :	10011101;
	820 :	11001110;
	819 :	00011100;
	818 :	10111110;
	817 :	00011100;
	816 :	10111110;
	815 :	11011110;
	814 :	11011110;
	813 :	10011110;
	812 :	11001110;
	811 :	00011111;
	810 :	11011111;
	809 :	10011110;
	808 :	11001110;
	807 :	00011111;
	806 :	11011111;
	805 :	00011111;
	804 :	11011111;
	803 :	00011111;
	802 :	11011111;
	801 :	00011111;
	800 :	11011111;
	799 :	00011111;
	798 :	11011111;
	797 :	11011110;
	796 :	11011110;
	795 :	11011110;
	794 :	11011110;
	793 :	11011010;
	792 :	10111101;
	791 :	11111100;
	790 :	10111101;
	789 :	11011010;
	788 :	10111101;
	787 :	11011010;
	786 :	10111101;
	785 :	11111100;
	784 :	10111101;
	783 :	11111100;
	782 :	10111101;
	781 :	11111100;
	780 :	10111101;
	779 :	10011010;
	778 :	10101101;
	777 :	11111100;
	776 :	10111101;
	775 :	10011010;
	774 :	10101101;
	773 :	10011010;
	772 :	10101101;
	771 :	11111100;
	770 :	10111101;
	769 :	10011010;
	768 :	10101101;
	767 :	11111010;
	766 :	11000101;
	765 :	11111100;
	764 :	11000101;
	763 :	00011011;
	762 :	11000110;
	761 :	00011011;
	760 :	11000110;
	759 :	00011011;
	758 :	11000110;
	757 :	00111100;
	756 :	11000110;
	755 :	00011011;
	754 :	11000110;
	753 :	11111100;
	752 :	11000101;
	751 :	11111100;
	750 :	11000101;
	749 :	00111100;
	748 :	11000110;
	747 :	11111110;
	746 :	11100110;
	745 :	00111111;
	744 :	11100111;
	743 :	11111110;
	742 :	11100110;
	741 :	10111101;
	740 :	11010110;
	739 :	00011111;
	738 :	11011111;
	737 :	11011110;
	736 :	11011110;
	735 :	11011110;
	734 :	11011110;
	733 :	00111100;
	732 :	11000110;
	731 :	00011011;
	730 :	10111110;
	729 :	00111100;
	728 :	11000110;
	727 :	00111100;
	726 :	11000110;
	725 :	11111100;
	724 :	11000101;
	723 :	00011011;
	722 :	10111110;
	721 :	00011011;
	720 :	10111110;
	719 :	00111100;
	718 :	11000110;
	717 :	00111000;
	716 :	10011101;
	715 :	01011000;
	714 :	10101101;
	713 :	00110111;
	712 :	10101101;
	711 :	00110111;
	710 :	10101101;
	709 :	00111000;
	708 :	10011101;
	707 :	00110111;
	706 :	10101101;
	705 :	11110110;
	704 :	10100100;
	703 :	00110111;
	702 :	10101101;
	701 :	00110111;
	700 :	10101101;
	699 :	11110110;
	698 :	10100100;
	697 :	00110111;
	696 :	10101101;
	695 :	01011000;
	694 :	10101101;
	693 :	00110111;
	692 :	10101101;
	691 :	11110110;
	690 :	10100100;
	689 :	01011000;
	688 :	10101101;
	687 :	00110111;
	686 :	10101101;
	685 :	00110111;
	684 :	10110101;
	683 :	00110111;
	682 :	10101101;
	681 :	00110111;
	680 :	10101101;
	679 :	00110111;
	678 :	10101101;
	677 :	00011011;
	676 :	11000110;
	675 :	10011101;
	674 :	11001110;
	673 :	00011001;
	672 :	10111110;
	671 :	10011001;
	670 :	10110101;
	669 :	00011011;
	668 :	11000110;
	667 :	00011011;
	666 :	11000110;
	665 :	00011011;
	664 :	11000110;
	663 :	01111100;
	662 :	11010110;
	661 :	01111100;
	660 :	11010110;
	659 :	10111101;
	658 :	11100110;
	657 :	10111101;
	656 :	11100110;
	655 :	10111101;
	654 :	11100110;
	653 :	01111110;
	652 :	11010110;
	651 :	11111110;
	650 :	11100110;
	649 :	11111110;
	648 :	11110110;
	647 :	11111110;
	646 :	11100110;
	645 :	10111101;
	644 :	11100110;
	643 :	10111101;
	642 :	11100110;
	641 :	11111110;
	640 :	11110110;
	639 :	11111110;
	638 :	11100110;
	637 :	11111010;
	636 :	11000101;
	635 :	01111100;
	634 :	11100110;
	633 :	01111100;
	632 :	11100110;
	631 :	01111110;
	630 :	11010110;
	629 :	10111101;
	628 :	11100110;
	627 :	10111101;
	626 :	11100110;
	625 :	10111101;
	624 :	11100110;
	623 :	11111110;
	622 :	11100110;
	621 :	10011001;
	620 :	10110101;
	619 :	01111000;
	618 :	10110101;
	617 :	01111000;
	616 :	10110101;
	615 :	01111000;
	614 :	11000101;
	613 :	00110111;
	612 :	10110101;
	611 :	01111000;
	610 :	10110101;
	609 :	00110111;
	608 :	10110101;
	607 :	00110111;
	606 :	10101101;
	605 :	00110111;
	604 :	10101101;
	603 :	00110111;
	602 :	10101101;
	601 :	00110111;
	600 :	10101101;
	599 :	00111011;
	598 :	11010110;
	597 :	00011101;
	596 :	11011111;
	595 :	10111101;
	594 :	11010110;
	593 :	11011110;
	592 :	11011110;
	591 :	10011101;
	590 :	11001110;
	589 :	10011101;
	588 :	11001110;
	587 :	00111100;
	586 :	11000110;
	585 :	11111100;
	584 :	11000101;
	583 :	10011110;
	582 :	11001110;
	581 :	11011110;
	580 :	11011110;
	579 :	01111110;
	578 :	11010110;
	577 :	11011110;
	576 :	11011110;
	575 :	10011110;
	574 :	11001110;
	573 :	01011000;
	572 :	10101101;
	571 :	11011010;
	570 :	10111101;
	569 :	00011100;
	568 :	10111110;
	567 :	01111110;
	566 :	11010110;
	565 :	10011110;
	564 :	11001110;
	563 :	10011110;
	562 :	11001110;
	561 :	01011110;
	560 :	11001110;
	559 :	10011110;
	558 :	11001110;
	557 :	00011111;
	556 :	11011111;
	555 :	10011110;
	554 :	11001110;
	553 :	10011110;
	552 :	11001110;
	551 :	10011110;
	550 :	11001110;
	549 :	10011110;
	548 :	11001110;
	547 :	10011110;
	546 :	11001110;
	545 :	00011100;
	544 :	10111110;
	543 :	00011100;
	542 :	10111110;
	541 :	10011110;
	540 :	11001110;
	539 :	10011010;
	538 :	10101101;
	537 :	10011010;
	536 :	10101101;
	535 :	11011010;
	534 :	10111101;
	533 :	10011010;
	532 :	10101101;
	531 :	11011010;
	530 :	10111101;
	529 :	11111100;
	528 :	11000101;
	527 :	10011010;
	526 :	10101101;
	525 :	11111100;
	524 :	10111101;
	523 :	10011010;
	522 :	10101101;
	521 :	10011010;
	520 :	10101101;
	519 :	10011010;
	518 :	10101101;
	517 :	11111100;
	516 :	10111101;
	515 :	10011010;
	514 :	10101101;
	513 :	10011010;
	512 :	10101101;
	511 :	11111100;
	510 :	11000101;
	509 :	11111100;
	508 :	11000101;
	507 :	00011011;
	506 :	11000110;
	505 :	00111100;
	504 :	11000110;
	503 :	00011011;
	502 :	11000110;
	501 :	00111100;
	500 :	11000110;
	499 :	00111100;
	498 :	11000110;
	497 :	00011011;
	496 :	11000110;
	495 :	00011011;
	494 :	11000110;
	493 :	00011011;
	492 :	11000110;
	491 :	00011011;
	490 :	11000110;
	489 :	11111010;
	488 :	11000101;
	487 :	00111100;
	486 :	11000110;
	485 :	00111100;
	484 :	11000110;
	483 :	11111110;
	482 :	11100110;
	481 :	11111110;
	480 :	11100110;
	479 :	00111100;
	478 :	11000110;
	477 :	00111100;
	476 :	11000110;
	475 :	10011101;
	474 :	11001110;
	473 :	00111100;
	472 :	11000110;
	471 :	10011010;
	470 :	10101101;
	469 :	11011010;
	468 :	10111101;
	467 :	11011010;
	466 :	10111101;
	465 :	00011100;
	464 :	10111110;
	463 :	11011010;
	462 :	10111101;
	461 :	00110111;
	460 :	10101101;
	459 :	01011000;
	458 :	10101101;
	457 :	00110111;
	456 :	10101101;
	455 :	00111000;
	454 :	10011101;
	453 :	01011000;
	452 :	10101101;
	451 :	00110111;
	450 :	10101101;
	449 :	01011000;
	448 :	10101101;
	447 :	00110111;
	446 :	10101101;
	445 :	00110111;
	444 :	10101101;
	443 :	01011000;
	442 :	10101101;
	441 :	00110111;
	440 :	10101101;
	439 :	00110111;
	438 :	10101101;
	437 :	00110111;
	436 :	10101101;
	435 :	00110111;
	434 :	10101101;
	433 :	00110111;
	432 :	10101101;
	431 :	11110110;
	430 :	10110100;
	429 :	01011000;
	428 :	10101101;
	427 :	00110111;
	426 :	10101101;
	425 :	11011010;
	424 :	10111101;
	423 :	00011001;
	422 :	10111110;
	421 :	00011100;
	420 :	10111110;
	419 :	01111100;
	418 :	11010110;
	417 :	00111100;
	416 :	11000110;
	415 :	00011011;
	414 :	11000110;
	413 :	00011011;
	412 :	11000110;
	411 :	01111100;
	410 :	11010110;
	409 :	00111100;
	408 :	11000110;
	407 :	00111100;
	406 :	11000110;
	405 :	00011011;
	404 :	11000110;
	403 :	00111100;
	402 :	11000110;
	401 :	11011010;
	400 :	10111101;
	399 :	00111011;
	398 :	11010110;
	397 :	00011011;
	396 :	11000110;
	395 :	01111100;
	394 :	11100110;
	393 :	11111110;
	392 :	11100110;
	391 :	11111110;
	390 :	11100110;
	389 :	11111110;
	388 :	11110110;
	387 :	11111110;
	386 :	11100110;
	385 :	11111110;
	384 :	11100110;
	383 :	11111110;
	382 :	11110110;
	381 :	00111011;
	380 :	11010110;
	379 :	01111110;
	378 :	11010110;
	377 :	11111110;
	376 :	11100110;
	375 :	11111110;
	374 :	11100110;
	373 :	01111100;
	372 :	11100110;
	371 :	11111110;
	370 :	11100110;
	369 :	11111110;
	368 :	11110110;
	367 :	11111110;
	366 :	11100110;
	365 :	10111101;
	364 :	11100110;
	363 :	00011011;
	362 :	11000110;
	361 :	01111000;
	360 :	11000101;
	359 :	00110111;
	358 :	10110101;
	357 :	01111000;
	356 :	10110101;
	355 :	00110111;
	354 :	10110101;
	353 :	00110111;
	352 :	10101101;
	351 :	01111000;
	350 :	10110101;
	349 :	10111001;
	348 :	11000101;
	347 :	00111100;
	346 :	11000110;
	345 :	00011011;
	344 :	11000110;
	343 :	00111100;
	342 :	11000110;
	341 :	00011011;
	340 :	11000110;
	339 :	00011001;
	338 :	10111110;
	337 :	00011011;
	336 :	11000110;
	335 :	00011011;
	334 :	10111110;
	333 :	00011100;
	332 :	10111110;
	331 :	00011011;
	330 :	11000110;
	329 :	11011010;
	328 :	10111101;
	327 :	00011100;
	326 :	10111110;
	325 :	10011110;
	324 :	11001110;
	323 :	00111100;
	322 :	11000110;
	321 :	11011110;
	320 :	11011110;
	319 :	11011110;
	318 :	11011110;
	317 :	10011110;
	316 :	11001110;
	315 :	10011110;
	314 :	11001110;
	313 :	10011110;
	312 :	11001110;
	311 :	11011110;
	310 :	11011110;
	309 :	11011110;
	308 :	11011110;
	307 :	00111100;
	306 :	11000110;
	305 :	01011110;
	304 :	11001110;
	303 :	11011110;
	302 :	11011110;
	301 :	10011110;
	300 :	11001110;
	299 :	11011110;
	298 :	11011110;
	297 :	10011110;
	296 :	11001110;
	295 :	10011110;
	294 :	11001110;
	293 :	00011111;
	292 :	11011111;
	291 :	11011110;
	290 :	11011110;
	289 :	01011110;
	288 :	11001110;
	287 :	01011110;
	286 :	11001110;
	285 :	11111100;
	284 :	10111101;
	283 :	11011010;
	282 :	10111101;
	281 :	11011010;
	280 :	10111101;
	279 :	11011010;
	278 :	10111101;
	277 :	11011010;
	276 :	10111101;
	275 :	11011010;
	274 :	10111101;
	273 :	10011010;
	272 :	10101101;
	271 :	11111100;
	270 :	10111101;
	269 :	11111100;
	268 :	10111101;
	267 :	10011010;
	266 :	10101101;
	265 :	11111100;
	264 :	10111101;
	263 :	11111100;
	262 :	10111101;
	261 :	10011010;
	260 :	10101101;
	259 :	11111100;
	258 :	10111101;
	257 :	10011010;
	256 :	10101101;
	255 :	11111100;
	254 :	11000101;
	253 :	00011011;
	252 :	11000110;
	251 :	11111100;
	250 :	11000101;
	249 :	11111100;
	248 :	11000101;
	247 :	00111100;
	246 :	11000110;
	245 :	00111100;
	244 :	11000110;
	243 :	00011011;
	242 :	11000110;
	241 :	11111100;
	240 :	11000101;
	239 :	00011011;
	238 :	11000110;
	237 :	11111010;
	236 :	11000101;
	235 :	11111010;
	234 :	11000101;
	233 :	11011010;
	232 :	10111101;
	231 :	11011010;
	230 :	10111101;
	229 :	10011001;
	228 :	10110101;
	227 :	01111000;
	226 :	10110101;
	225 :	10011001;
	224 :	10110101;
	223 :	01011000;
	222 :	10101101;
	221 :	11111100;
	220 :	11000101;
	219 :	10011101;
	218 :	11001110;
	217 :	10011101;
	216 :	11001110;
	215 :	10011110;
	214 :	11001110;
	213 :	10011101;
	212 :	11001110;
	211 :	10011101;
	210 :	11001110;
	209 :	11011010;
	208 :	10111101;
	207 :	11111100;
	206 :	11000101;
	205 :	10011001;
	204 :	10101101;
	203 :	00110111;
	202 :	10101101;
	201 :	00110111;
	200 :	10101101;
	199 :	00110111;
	198 :	10101101;
	197 :	01011000;
	196 :	10101101;
	195 :	01011000;
	194 :	10101101;
	193 :	00110111;
	192 :	10101101;
	191 :	01011000;
	190 :	10101101;
	189 :	00110111;
	188 :	10101101;
	187 :	00110111;
	186 :	10101101;
	185 :	00110111;
	184 :	10101101;
	183 :	00110111;
	182 :	10101101;
	181 :	00110111;
	180 :	10101101;
	179 :	00110111;
	178 :	10101101;
	177 :	11110110;
	176 :	10100100;
	175 :	01011000;
	174 :	10101101;
	173 :	00110111;
	172 :	10101101;
	171 :	01011000;
	170 :	10101101;
	169 :	10011101;
	168 :	11001110;
	167 :	00011011;
	166 :	11000110;
	165 :	00111100;
	164 :	11000110;
	163 :	10011101;
	162 :	11001110;
	161 :	10111101;
	160 :	11010110;
	159 :	00111100;
	158 :	11000110;
	157 :	00111100;
	156 :	11000110;
	155 :	10111101;
	154 :	11010110;
	153 :	10111101;
	152 :	11010110;
	151 :	01111100;
	150 :	11010110;
	149 :	00111100;
	148 :	11000110;
	147 :	10111101;
	146 :	11100110;
	145 :	11111110;
	144 :	11100110;
	143 :	10111101;
	142 :	11100110;
	141 :	01111100;
	140 :	11100110;
	139 :	11111110;
	138 :	11100110;
	137 :	11111110;
	136 :	11100110;
	135 :	11111110;
	134 :	11100110;
	133 :	10111101;
	132 :	11100110;
	131 :	01111100;
	130 :	11010110;
	129 :	11111010;
	128 :	11000101;
	127 :	11111010;
	126 :	11010101;
	125 :	10011001;
	124 :	10110101;
	123 :	01111000;
	122 :	11000101;
	121 :	00111011;
	120 :	11010110;
	119 :	00111011;
	118 :	11010110;
	117 :	10111101;
	116 :	11010110;
	115 :	10111101;
	114 :	11100110;
	113 :	11111110;
	112 :	11100110;
	111 :	11111110;
	110 :	11100110;
	109 :	10111101;
	108 :	11100110;
	107 :	01111100;
	106 :	11010110;
	105 :	10011001;
	104 :	10110101;
	103 :	01111000;
	102 :	11000101;
	101 :	00110111;
	100 :	10110101;
	99 :	00110111;
	98 :	10110101;
	97 :	00110111;
	96 :	10110101;
	95 :	00011011;
	94 :	11000110;
	93 :	00011011;
	92 :	11000110;
	91 :	10011101;
	90 :	11001110;
	89 :	00111011;
	88 :	11010110;
	87 :	01111100;
	86 :	11010110;
	85 :	00011011;
	84 :	11000110;
	83 :	00111011;
	82 :	11010110;
	81 :	00111100;
	80 :	11000110;
	79 :	11011110;
	78 :	11011110;
	77 :	10011101;
	76 :	11001110;
	75 :	00011011;
	74 :	11000110;
	73 :	00011011;
	72 :	10111110;
	71 :	11011110;
	70 :	11011110;
	69 :	11011110;
	68 :	11011110;
	67 :	10011110;
	66 :	11001110;
	65 :	10011110;
	64 :	11001110;
	63 :	11011110;
	62 :	11011110;
	61 :	11011110;
	60 :	11011110;
	59 :	00111100;
	58 :	11000110;
	57 :	10011101;
	56 :	11001110;
	55 :	11011110;
	54 :	11011110;
	53 :	11011110;
	52 :	11011110;
	51 :	10011101;
	50 :	11001110;
	49 :	10011110;
	48 :	11001110;
	47 :	11011110;
	46 :	11011110;
	45 :	11011110;
	44 :	11011110;
	43 :	11011110;
	42 :	11011110;
	41 :	10011110;
	40 :	11001110;
	39 :	10011110;
	38 :	11001110;
	37 :	00011111;
	36 :	11011111;
	35 :	10011110;
	34 :	11001110;
	33 :	10011110;
	32 :	11001110;
	31 :	10011010;
	30 :	10101101;
	29 :	11011010;
	28 :	10111101;
	27 :	11011010;
	26 :	10111101;
	25 :	11011010;
	24 :	10111101;
	23 :	11011010;
	22 :	10111101;
	21 :	11011010;
	20 :	10111101;
	19 :	11011010;
	18 :	10111101;
	17 :	11011010;
	16 :	10111101;
	15 :	10011010;
	14 :	10101101;
	13 :	11111100;
	12 :	10111101;
	11 :	10011010;
	10 :	10101101;
	9 :	10011010;
	8 :	10101101;
	7 :	10011010;
	6 :	10101101;
	5 :	10011010;
	4 :	10101101;
	3 :	10011010;
	2 :	10101101;
	1 :	10011010;
	0 :	10101101;
END;
